ISO-10303-21;
HEADER;
FILE_DESCRIPTION (( 'STEP AP214' ),
    '1' );
FILE_NAME ('shell02.STEP',
    '2026-09-04T17:07:00',
    ( '' ),
    ( '' ),
    'SwSTEP 2.0',
    'SolidWorks 2020',
    '' );
FILE_SCHEMA (( 'AUTOMOTIVE_DESIGN' ));
ENDSEC;

DATA;
#1 = EDGE_CURVE ( 'NONE', #883, #3216, #5049, .T. ) ;
#2 = EDGE_CURVE ( 'NONE', #3543, #3873, #4036, .T. ) ;
#3 = LINE ( 'NONE', #5282, #4271 ) ;
#4 = EDGE_LOOP ( 'NONE', ( #221, #5114, #5864, #2814, #4072 ) ) ;
#5 = DIRECTION ( 'NONE',  ( 0.000000000000000000, 0.000000000000000000, -1.000000000000000000 ) ) ;
#6 = EDGE_LOOP ( 'NONE', ( #4571, #2982, #2100, #4073, #4474, #4037, #5463, #4355 ) ) ;
#7 = EDGE_CURVE ( 'NONE', #5863, #4021, #1772, .T. ) ;
#8 = DIRECTION ( 'NONE',  ( 0.5065490486308656948, 0.01010550995448437905, -0.8621519239668403722 ) ) ;
#9 = DIRECTION ( 'NONE',  ( -3.469446951953779455E-15, -1.000000000000000000, 0.000000000000000000 ) ) ;
#10 = CARTESIAN_POINT ( 'NONE',  ( 4.400000000000082956, 16.74999999999999289, 10.27283860147173300 ) ) ;
#11 = EDGE_CURVE ( 'NONE', #1217, #5687, #3653, .T. ) ;
#12 = VERTEX_POINT ( 'NONE', #4984 ) ;
#13 = CARTESIAN_POINT ( 'NONE',  ( 11.80000000000001670, 31.00000000000000355, 14.78477331392862659 ) ) ;
#14 = LINE ( 'NONE', #996, #4966 ) ;
#15 = EDGE_LOOP ( 'NONE', ( #1798, #2729, #4844, #5397 ) ) ;
#16 = CARTESIAN_POINT ( 'NONE',  ( -13.69999999999998508, 0.000000000000000000, 9.747118681489814307 ) ) ;
#17 = CARTESIAN_POINT ( 'NONE',  ( 6.800000000000009592, 24.75000000000001421, -7.250000000000002665 ) ) ;
#18 = EDGE_LOOP ( 'NONE', ( #1729, #1493, #1194, #1225, #2559 ) ) ;
#19 = ORIENTED_EDGE ( 'NONE', *, *, #2620, .F. ) ;
#20 =( BOUNDED_CURVE ( )  B_SPLINE_CURVE ( 3, ( #5456, #5017, #2072, #208 ),
 .UNSPECIFIED., .F., .F. ) 
 B_SPLINE_CURVE_WITH_KNOTS ( ( 4, 4 ),
 ( 3.097721863371469819, 3.141592653589794448 ),
 .UNSPECIFIED. ) 
 CURVE ( )  GEOMETRIC_REPRESENTATION_ITEM ( )  RATIONAL_B_SPLINE_CURVE ( ( 1.000000000000000000, 0.9998396192447108755, 0.9998396192447108755, 1.000000000000000000 ) ) 
 REPRESENTATION_ITEM ( '' )  );
#21 = CARTESIAN_POINT ( 'NONE',  ( -2.000003073249075669, 10.74999999999998934, -7.250000000000002665 ) ) ;
#22 = VECTOR ( 'NONE', #4977, 1000.000000000000000 ) ;
#23 = CARTESIAN_POINT ( 'NONE',  ( 7.200000000000002842, 0.4000000000000000222, 3.749999999999996003 ) ) ;
#24 = LINE ( 'NONE', #5218, #4525 ) ;
#25 = CARTESIAN_POINT ( 'NONE',  ( -2.799997609695374923, 8.749999999999989342, -7.250000000000002665 ) ) ;
#26 = CARTESIAN_POINT ( 'NONE',  ( -7.600000000000020073, 32.74999999999994316, -7.250000000000002665 ) ) ;
#27 = ORIENTED_EDGE ( 'NONE', *, *, #5966, .F. ) ;
#28 = DIRECTION ( 'NONE',  ( 5.059610138265671910E-16, 1.000000000000000000, 0.000000000000000000 ) ) ;
#29 = CARTESIAN_POINT ( 'NONE',  ( 13.59631074563037423, 0.007894164600016602765, 7.022083506708075795 ) ) ;
#30 = DIRECTION ( 'NONE',  ( 0.8660254037844387076, -0.000000000000000000, 0.5000000000000001110 ) ) ;
#31 = VERTEX_POINT ( 'NONE', #4627 ) ;
#32 = LINE ( 'NONE', #135, #5967 ) ;
#33 = VECTOR ( 'NONE', #3937, 1000.000000000000000 ) ;
#34 = EDGE_LOOP ( 'NONE', ( #4795, #2190, #489, #1254 ) ) ;
#35 = CARTESIAN_POINT ( 'NONE',  ( -6.800000000000461675, 32.74999999999994316, -7.250000000000002665 ) ) ;
#36 = DIRECTION ( 'NONE',  ( 0.000000000000000000, 0.000000000000000000, -1.000000000000000000 ) ) ;
#37 = DIRECTION ( 'NONE',  ( 0.000000000000000000, -1.000000000000000000, -0.000000000000000000 ) ) ;
#38 = AXIS2_PLACEMENT_3D ( 'NONE', #3627, #5533, #1730 ) ;
#39 = FACE_BOUND ( 'NONE', #5669, .T. ) ;
#40 = ORIENTED_EDGE ( 'NONE', *, *, #2573, .F. ) ;
#41 = EDGE_CURVE ( 'NONE', #651, #5521, #770, .T. ) ;
#42 = VECTOR ( 'NONE', #744, 1000.000000000000000 ) ;
#43 = ADVANCED_FACE ( 'NONE', ( #680 ), #3124, .F. ) ;
#44 = VERTEX_POINT ( 'NONE', #4126 ) ;
#45 = DIRECTION ( 'NONE',  ( 0.000000000000000000, -0.000000000000000000, 1.000000000000000000 ) ) ;
#46 = VECTOR ( 'NONE', #4389, 1000.000000000000000 ) ;
#47 = VECTOR ( 'NONE', #3674, 1000.000000000000000 ) ;
#48 = CARTESIAN_POINT ( 'NONE',  ( -10.00000000000004974, 36.40000000000000568, -3.750000000000003109 ) ) ;
#49 = VECTOR ( 'NONE', #888, 1000.000000000000000 ) ;
#50 = ORIENTED_EDGE ( 'NONE', *, *, #5176, .F. ) ;
#51 = EDGE_CURVE ( 'NONE', #1926, #44, #2033, .T. ) ;
#52 = VECTOR ( 'NONE', #1811, 1000.000000000000000 ) ;
#53 = DIRECTION ( 'NONE',  ( 0.000000000000000000, 0.000000000000000000, 1.000000000000000000 ) ) ;
#54 = EDGE_LOOP ( 'NONE', ( #711, #3108, #1312, #3683 ) ) ;
#55 = ORIENTED_EDGE ( 'NONE', *, *, #1963, .T. ) ;
#56 = EDGE_CURVE ( 'NONE', #1592, #143, #5103, .T. ) ;
#57 = LINE ( 'NONE', #3892, #180 ) ;
#58 = CARTESIAN_POINT ( 'NONE',  ( -2.000003073249078778, 32.74999999999997868, 10.27283860147173300 ) ) ;
#59 = CARTESIAN_POINT ( 'NONE',  ( 7.599999999999552891, 32.75000000000009948, 10.27283860147173300 ) ) ;
#60 = FACE_OUTER_BOUND ( 'NONE', #5188, .T. ) ;
#61 = CARTESIAN_POINT ( 'NONE',  ( -13.69999999999998508, 37.50625883487190038, 5.301487438937261487 ) ) ;
#62 =( BOUNDED_CURVE ( )  B_SPLINE_CURVE ( 3, ( #3837, #5861, #5256, #4849 ),
 .UNSPECIFIED., .F., .F. ) 
 B_SPLINE_CURVE_WITH_KNOTS ( ( 4, 4 ),
 ( 0.002811771218851994054, 0.02043078336937490316 ),
 .UNSPECIFIED. ) 
 CURVE ( )  GEOMETRIC_REPRESENTATION_ITEM ( )  RATIONAL_B_SPLINE_CURVE ( ( 1.000000000000000000, 0.9999741310348726486, 0.9999741310348726486, 1.000000000000000000 ) ) 
 REPRESENTATION_ITEM ( '' )  );
#63 = ORIENTED_EDGE ( 'NONE', *, *, #508, .F. ) ;
#64 = ORIENTED_EDGE ( 'NONE', *, *, #742, .T. ) ;
#65 = EDGE_CURVE ( 'NONE', #5964, #6068, #1117, .T. ) ;
#66 = CARTESIAN_POINT ( 'NONE',  ( -2.799997609695374479, 16.74999999999999645, 10.27283860147173300 ) ) ;
#67 = DIRECTION ( 'NONE',  ( 0.000000000000000000, 0.000000000000000000, -1.000000000000000000 ) ) ;
#68 = CIRCLE ( 'NONE', #5281, 0.5999999999999998668 ) ;
#69 = SURFACE_SIDE_STYLE ('',( #5752 ) ) ;
#70 = ORIENTED_EDGE ( 'NONE', *, *, #1847, .F. ) ;
#71 = CARTESIAN_POINT ( 'NONE',  ( -2.799997609695375811, 26.75000000000001776, -7.250000000000002665 ) ) ;
#72 = AXIS2_PLACEMENT_3D ( 'NONE', #1845, #6180, #3670 ) ;
#73 = ORIENTED_EDGE ( 'NONE', *, *, #2563, .F. ) ;
#74 = DIRECTION ( 'NONE',  ( 1.000000000000000000, 3.469446951953609456E-15, 0.000000000000000000 ) ) ;
#75 = LINE ( 'NONE', #4317, #4065 ) ;
#76 = CARTESIAN_POINT ( 'NONE',  ( -9.999999999999987566, 24.75000000000001421, 10.27283860147173300 ) ) ;
#78 = FACE_BOUND ( 'NONE', #6213, .T. ) ;
#77 = AXIS2_PLACEMENT_3D ( 'NONE', #6188, #1890, #5718 ) ;
#79 = VERTEX_POINT ( 'NONE', #3099 ) ;
#80 = EDGE_CURVE ( 'NONE', #3026, #1070, #5014, .T. ) ;
#81 = VERTEX_POINT ( 'NONE', #5986 ) ;
#82 = DIRECTION ( 'NONE',  ( 0.000000000000000000, -0.000000000000000000, 1.000000000000000000 ) ) ;
#83 = PLANE ( 'NONE',  #2755 ) ;
#84 = VERTEX_POINT ( 'NONE', #3602 ) ;
#85 = DIRECTION ( 'NONE',  ( -0.000000000000000000, 0.9659258262890696445, 0.2588190451025155769 ) ) ;
#86 = DIRECTION ( 'NONE',  ( 1.000000000000000000, -1.387778780781450409E-14, 0.000000000000000000 ) ) ;
#87 = EDGE_CURVE ( 'NONE', #836, #318, #5514, .T. ) ;
#88 = EDGE_CURVE ( 'NONE', #4937, #5762, #503, .T. ) ;
#89 = ORIENTED_EDGE ( 'NONE', *, *, #113, .T. ) ;
#90 = VERTEX_POINT ( 'NONE', #4154 ) ;
#91 = B_SPLINE_CURVE_WITH_KNOTS ( 'NONE', 3,
 ( #3957, #3499, #1106, #2113, #724, #4425, #3994, #161, #5411, #5939 ),
 .UNSPECIFIED., .F., .F.,
 ( 4, 2, 2, 2, 4 ),
 ( 0.000000000000000000, 0.0002319911925917943684, 0.0004639823851835887369, 0.0006959735777753831053, 0.0009279647703671774737 ),
 .UNSPECIFIED. ) ;
#92 = CARTESIAN_POINT ( 'NONE',  ( 7.599999999999552891, 32.75000000000009948, -5.750000000000002665 ) ) ;
#93 = CARTESIAN_POINT ( 'NONE',  ( -6.800000000000382627, 10.74999999999998934, -7.250000000000002665 ) ) ;
#94 = VECTOR ( 'NONE', #1532, 1000.000000000000000 ) ;
#95 = LINE ( 'NONE', #5307, #4819 ) ;
#96 = CARTESIAN_POINT ( 'NONE',  ( -2.000003073249070340, -24.48182999695897522, -5.750000000000002665 ) ) ;
#97 = DIRECTION ( 'NONE',  ( -1.000000000000000000, 0.000000000000000000, 0.000000000000000000 ) ) ;
#98 = ORIENTED_EDGE ( 'NONE', *, *, #4195, .T. ) ;
#99 = CARTESIAN_POINT ( 'NONE',  ( -13.17460801653610503, -4.252052550451708157, 6.752850750954483061 ) ) ;
#100 = DIRECTION ( 'NONE',  ( -1.000000000000000000, 9.152473339398463968E-15, 0.000000000000000000 ) ) ;
#101 = CARTESIAN_POINT ( 'NONE',  ( 13.69160753428671740, -0.2665480296681098649, 6.856648255281355908 ) ) ;
#102 = PRESENTATION_STYLE_ASSIGNMENT (( #3901 ) ) ;
#103 = ORIENTED_EDGE ( 'NONE', *, *, #3785, .F. ) ;
#104 = LINE ( 'NONE', #986, #4860 ) ;
#105 = EDGE_CURVE ( 'NONE', #4081, #31, #738, .T. ) ;
#106 = ORIENTED_EDGE ( 'NONE', *, *, #5498, .T. ) ;
#107 = CARTESIAN_POINT ( 'NONE',  ( -2.000003073249075669, 8.749999999999989342, -5.750000000000001776 ) ) ;
#108 = CARTESIAN_POINT ( 'NONE',  ( -12.19999999999998508, 5.437942414252954215, 7.957653774810112601 ) ) ;
#109 = CARTESIAN_POINT ( 'NONE',  ( 7.599999999999639044, 8.749999999999991118, -7.250000000000002665 ) ) ;
#110 = LINE ( 'NONE', #2030, #4490 ) ;
#111 = ORIENTED_EDGE ( 'NONE', *, *, #440, .T. ) ;
#112 = VERTEX_POINT ( 'NONE', #6076 ) ;
#113 = EDGE_CURVE ( 'NONE', #4284, #2242, #5536, .T. ) ;
#114 = DIRECTION ( 'NONE',  ( 1.000000000000000000, 0.000000000000000000, -0.000000000000000000 ) ) ;
#115 = LINE ( 'NONE', #3913, #46 ) ;
#116 = ORIENTED_EDGE ( 'NONE', *, *, #178, .F. ) ;
#117 = CARTESIAN_POINT ( 'NONE',  ( -11.70000654234874737, 35.89999999999999858, -3.750000000000003553 ) ) ;
#118 = LINE ( 'NONE', #4926, #357 ) ;
#119 = VERTEX_POINT ( 'NONE', #1871 ) ;
#120 = ORIENTED_EDGE ( 'NONE', *, *, #3967, .F. ) ;
#121 = DIRECTION ( 'NONE',  ( -1.000000000000000000, -1.734723475976802677E-14, 0.000000000000000000 ) ) ;
#122 = CARTESIAN_POINT ( 'NONE',  ( -13.03268589637822572, -4.263483889006629113, 6.795513087239973160 ) ) ;
#123 = CARTESIAN_POINT ( 'NONE',  ( 11.70000000000001350, 35.89999999999999858, -5.750000000000002665 ) ) ;
#124 = FACE_OUTER_BOUND ( 'NONE', #335, .T. ) ;
#125 = CARTESIAN_POINT ( 'NONE',  ( -5.199999999999800337, -24.48182999695903916, -5.750000000000002665 ) ) ;
#126 = ADVANCED_FACE ( 'NONE', ( #4688 ), #5667, .T. ) ;
#127 = ORIENTED_EDGE ( 'NONE', *, *, #2890, .T. ) ;
#128 = EDGE_CURVE ( 'NONE', #683, #3989, #417, .T. ) ;
#129 = FACE_OUTER_BOUND ( 'NONE', #2069, .T. ) ;
#130 = CARTESIAN_POINT ( 'NONE',  ( -12.18067608103240929, 36.87842795731026513, -6.650000000000003020 ) ) ;
#131 = CARTESIAN_POINT ( 'NONE',  ( 11.70000000000001350, 0.5000000000000000000, 1.949999999999995959 ) ) ;
#132 = VECTOR ( 'NONE', #4599, 1000.000000000000000 ) ;
#133 = DIRECTION ( 'NONE',  ( 3.469446951953609456E-15, -1.000000000000000000, 0.000000000000000000 ) ) ;
#134 = VERTEX_POINT ( 'NONE', #447 ) ;
#135 = CARTESIAN_POINT ( 'NONE',  ( -10.00000000000001954, 32.74999999999992895, 10.27283860147173300 ) ) ;
#136 = ORIENTED_EDGE ( 'NONE', *, *, #358, .T. ) ;
#137 = LINE ( 'NONE', #5860, #845 ) ;
#138 = DIRECTION ( 'NONE',  ( 3.758567531283075464E-15, -1.000000000000000000, 0.000000000000000000 ) ) ;
#139 = FACE_OUTER_BOUND ( 'NONE', #3575, .T. ) ;
#140 = LINE ( 'NONE', #3977, #6094 ) ;
#141 = ORIENTED_EDGE ( 'NONE', *, *, #5314, .T. ) ;
#142 = VERTEX_POINT ( 'NONE', #5168 ) ;
#143 = VERTEX_POINT ( 'NONE', #4784 ) ;
#144 = DIRECTION ( 'NONE',  ( -0.08715574274765836016, 0.000000000000000000, 0.9961946980917455452 ) ) ;
#145 = VECTOR ( 'NONE', #796, 1000.000000000000000 ) ;
#146 = CARTESIAN_POINT ( 'NONE',  ( 7.599999999999552891, 32.75000000000009948, 10.27283860147173300 ) ) ;
#147 = EDGE_LOOP ( 'NONE', ( #5228, #1632, #4948, #264 ) ) ;
#148 = VECTOR ( 'NONE', #1409, 1000.000000000000000 ) ;
#149 = PLANE ( 'NONE',  #425 ) ;
#150 = PLANE ( 'NONE',  #2853 ) ;
#151 = VECTOR ( 'NONE', #4549, 1000.000000000000000 ) ;
#152 = ORIENTED_EDGE ( 'NONE', *, *, #3324, .T. ) ;
#153 = ORIENTED_EDGE ( 'NONE', *, *, #3624, .T. ) ;
#154 = VECTOR ( 'NONE', #1073, 1000.000000000000000 ) ;
#155 = CIRCLE ( 'NONE', #2651, 0.5999999999999998668 ) ;
#157 = EDGE_CURVE ( 'NONE', #2646, #3997, #4314, .T. ) ;
#156 = CARTESIAN_POINT ( 'NONE',  ( -2.799997609695374923, 10.74999999999998757, -5.750000000000001776 ) ) ;
#158 = DIRECTION ( 'NONE',  ( 0.000000000000000000, -1.000000000000000000, 0.000000000000000000 ) ) ;
#159 =( GEOMETRIC_REPRESENTATION_CONTEXT ( 3 ) GLOBAL_UNCERTAINTY_ASSIGNED_CONTEXT ( ( #236 ) ) GLOBAL_UNIT_ASSIGNED_CONTEXT ( ( #672, #4940, #5062 ) ) REPRESENTATION_CONTEXT ( 'NONE', 'WORKASPACE' ) );
#160 = VECTOR ( 'NONE', #5315, 1000.000000000000000 ) ;
#161 = CARTESIAN_POINT ( 'NONE',  ( -13.68358896611358411, -1.887941210636799427, -0.3663118253355631682 ) ) ;
#162 = PLANE ( 'NONE',  #2557 ) ;
#163 = ORIENTED_EDGE ( 'NONE', *, *, #5866, .F. ) ;
#164 = CARTESIAN_POINT ( 'NONE',  ( -13.69739059115863888, -3.742114593753623986, 6.806066046237985390 ) ) ;
#165 = CARTESIAN_POINT ( 'NONE',  ( -13.69999999999998508, 36.00000000000000711, 9.747118681489814307 ) ) ;
#166 = ORIENTED_EDGE ( 'NONE', *, *, #5683, .F. ) ;
#167 = CARTESIAN_POINT ( 'NONE',  ( 0.4000000000000505374, 32.75000000000001421, 10.27283860147173300 ) ) ;
#168 = ORIENTED_EDGE ( 'NONE', *, *, #2504, .F. ) ;
#169 = FACE_OUTER_BOUND ( 'NONE', #1321, .T. ) ;
#170 = CARTESIAN_POINT ( 'NONE',  ( 2.699993457651246320, 35.89999999999994884, -3.750000000000003553 ) ) ;
#171 = VECTOR ( 'NONE', #2195, 1000.000000000000000 ) ;
#172 = FACE_BOUND ( 'NONE', #4530, .T. ) ;
#173 = ORIENTED_EDGE ( 'NONE', *, *, #2162, .F. ) ;
#174 = ORIENTED_EDGE ( 'NONE', *, *, #5181, .T. ) ;
#175 = ORIENTED_EDGE ( 'NONE', *, *, #5118, .F. ) ;
#176 = VECTOR ( 'NONE', #3339, 1000.000000000000000 ) ;
#177 = LINE ( 'NONE', #234, #395 ) ;
#178 = EDGE_CURVE ( 'NONE', #2128, #1189, #4248, .T. ) ;
#179 = DIRECTION ( 'NONE',  ( 0.000000000000000000, -0.000000000000000000, 1.000000000000000000 ) ) ;
#180 = VECTOR ( 'NONE', #5842, 1000.000000000000000 ) ;
#181 = ORIENTED_EDGE ( 'NONE', *, *, #393, .F. ) ;
#182 = FACE_OUTER_BOUND ( 'NONE', #1146, .T. ) ;
#183 = DIRECTION ( 'NONE',  ( 1.000000000000000000, -0.000000000000000000, -0.000000000000000000 ) ) ;
#184 = EDGE_CURVE ( 'NONE', #5502, #4629, #5847, .T. ) ;
#185 = VERTEX_POINT ( 'NONE', #5634 ) ;
#186 = EDGE_LOOP ( 'NONE', ( #5756, #3515, #4668, #4176, #5493, #4968, #3746, #868, #3096, #3910, #3566, #3911, #5484, #4759 ) ) ;
#187 = PRESENTATION_STYLE_ASSIGNMENT (( #3078 ) ) ;
#188 = CARTESIAN_POINT ( 'NONE',  ( -6.800000000000262723, -24.48182999695903561, -5.750000000000002665 ) ) ;
#189 = DIRECTION ( 'NONE',  ( 0.000000000000000000, -0.000000000000000000, 1.000000000000000000 ) ) ;
#190 = CARTESIAN_POINT ( 'NONE',  ( 10.00000000000009059, 2.750000000000134115, -7.250000000000002665 ) ) ;
#191 = ORIENTED_EDGE ( 'NONE', *, *, #2465, .F. ) ;
#192 = DIRECTION ( 'NONE',  ( -1.000000000000000000, -0.000000000000000000, -0.000000000000000000 ) ) ;
#193 = DIRECTION ( 'NONE',  ( -1.000000000000000000, 0.000000000000000000, 0.000000000000000000 ) ) ;
#194 = AXIS2_PLACEMENT_3D ( 'NONE', #522, #1471, #1437 ) ;
#195 = ADVANCED_FACE ( 'NONE', ( #3332 ), #2393, .T. ) ;
#196 = ORIENTED_EDGE ( 'NONE', *, *, #4702, .T. ) ;
#197 = DIRECTION ( 'NONE',  ( -0.000000000000000000, -1.000000000000000000, -0.000000000000000000 ) ) ;
#198 = ORIENTED_EDGE ( 'NONE', *, *, #4381, .T. ) ;
#199 = DIRECTION ( 'NONE',  ( -2.168404344971022180E-16, -1.000000000000000000, 0.000000000000000000 ) ) ;
#200 = DIRECTION ( 'NONE',  ( 0.000000000000000000, 1.000000000000000000, 0.000000000000000000 ) ) ;
#201 = ADVANCED_FACE ( 'NONE', ( #952 ), #5135, .T. ) ;
#202 = ADVANCED_FACE ( 'NONE', ( #1404 ), #6108, .T. ) ;
#203 = ORIENTED_EDGE ( 'NONE', *, *, #5552, .T. ) ;
#204 = ORIENTED_EDGE ( 'NONE', *, *, #3598, .T. ) ;
#205 = EDGE_CURVE ( 'NONE', #4478, #5946, #3689, .T. ) ;
#206 = ORIENTED_EDGE ( 'NONE', *, *, #5969, .T. ) ;
#207 = VECTOR ( 'NONE', #5128, 1000.000000000000000 ) ;
#208 = CARTESIAN_POINT ( 'NONE',  ( 13.10000000000001386, -2.349147038914071839, -0.3488893001069726107 ) ) ;
#209 = ADVANCED_FACE ( 'NONE', ( #4750 ), #3716, .F. ) ;
#210 = CARTESIAN_POINT ( 'NONE',  ( 11.70000000000001350, -7.716216689544156182, -5.750000000000002665 ) ) ;
#211 = VECTOR ( 'NONE', #4522, 1000.000000000000000 ) ;
#212 = EDGE_CURVE ( 'NONE', #497, #3021, #866, .T. ) ;
#213 = ORIENTED_EDGE ( 'NONE', *, *, #3587, .F. ) ;
#214 = DIRECTION ( 'NONE',  ( 1.650331128440943705E-16, -0.04649161924928876116, 0.9989186800433652591 ) ) ;
#215 = VERTEX_POINT ( 'NONE', #388 ) ;
#216 = ORIENTED_EDGE ( 'NONE', *, *, #1173, .T. ) ;
#217 = DIRECTION ( 'NONE',  ( 0.000000000000000000, -1.000000000000000000, -0.000000000000000000 ) ) ;
#218 = DIRECTION ( 'NONE',  ( 2.321899859920117650E-17, -1.000000000000000000, 0.000000000000000000 ) ) ;
#219 = CARTESIAN_POINT ( 'NONE',  ( -13.09999999999998543, 38.36988785813656477, -0.3488893001070199618 ) ) ;
#220 = PLANE ( 'NONE',  #4974 ) ;
#221 = ORIENTED_EDGE ( 'NONE', *, *, #4249, .T. ) ;
#222 = LINE ( 'NONE', #2174, #4689 ) ;
#223 = FACE_OUTER_BOUND ( 'NONE', #5778, .T. ) ;
#224 = ORIENTED_EDGE ( 'NONE', *, *, #2810, .F. ) ;
#225 = CARTESIAN_POINT ( 'NONE',  ( -12.19999999999998508, 36.39999999999999858, 3.749999999999996003 ) ) ;
#226 = AXIS2_PLACEMENT_3D ( 'NONE', #4894, #2568, #4955 ) ;
#227 = VERTEX_POINT ( 'NONE', #2802 ) ;
#228 = DIRECTION ( 'NONE',  ( -0.1420391334185773791, 0.1377620308829188567, 0.9802277834384787170 ) ) ;
#229 = AXIS2_PLACEMENT_3D ( 'NONE', #1728, #1683, #702 ) ;
#230 = LINE ( 'NONE', #3976, #684 ) ;
#231 = ORIENTED_EDGE ( 'NONE', *, *, #2927, .F. ) ;
#232 = EDGE_LOOP ( 'NONE', ( #1767, #5113, #4141, #1701 ) ) ;
#233 = ORIENTED_EDGE ( 'NONE', *, *, #1130, .T. ) ;
#234 = CARTESIAN_POINT ( 'NONE',  ( -4.400000000000425793, 18.75000000000000000, -7.250000000000002665 ) ) ;
#235 = CARTESIAN_POINT ( 'NONE',  ( 10.00000000000029488, -24.48182999695898232, -5.750000000000002665 ) ) ;
#236 = UNCERTAINTY_MEASURE_WITH_UNIT (LENGTH_MEASURE( 1.000000000000000082E-05 ), #672, 'distance_accuracy_value', 'NONE');
#237 = VERTEX_POINT ( 'NONE', #2306 ) ;
#238 = EDGE_CURVE ( 'NONE', #1993, #6052, #922, .T. ) ;
#239 = CARTESIAN_POINT ( 'NONE',  ( 11.80000000000001670, 36.00000000000000711, 14.78477331392862659 ) ) ;
#240 = EDGE_CURVE ( 'NONE', #4699, #3021, #1833, .T. ) ;
#241 = DIRECTION ( 'NONE',  ( 0.000000000000000000, 0.000000000000000000, -1.000000000000000000 ) ) ;
#242 = VECTOR ( 'NONE', #1271, 1000.000000000000000 ) ;
#243 = VERTEX_POINT ( 'NONE', #1901 ) ;
#244 = EDGE_LOOP ( 'NONE', ( #1354, #3764, #607 ) ) ;
#245 = PLANE ( 'NONE',  #4562 ) ;
#246 = B_SPLINE_CURVE_WITH_KNOTS ( 'NONE', 3,
 ( #5173, #870, #3782, #2773, #4693, #2310, #4222, #3282, #6174, #5706 ),
 .UNSPECIFIED., .F., .F.,
 ( 4, 2, 2, 2, 4 ),
 ( 5.485677294651095664E-18, 0.0002327131470366476478, 0.0004654262940732885735, 0.0006981394411099295805, 0.0009308525881465705334 ),
 .UNSPECIFIED. ) ;
#247 = EDGE_CURVE ( 'NONE', #3100, #5442, #3809, .T. ) ;
#248 = VECTOR ( 'NONE', #2456, 1000.000000000000000 ) ;
#249 = DIRECTION ( 'NONE',  ( 0.000000000000000000, 0.000000000000000000, -1.000000000000000000 ) ) ;
#250 = CIRCLE ( 'NONE', #4359, 0.5999999999999998668 ) ;
#251 = CARTESIAN_POINT ( 'NONE',  ( 13.70029000000004693, -4.263483889006633554, 6.795513087239987371 ) ) ;
#252 = DIRECTION ( 'NONE',  ( -1.000000000000000000, 0.000000000000000000, 0.000000000000000000 ) ) ;
#253 = AXIS2_PLACEMENT_3D ( 'NONE', #4858, #5264, #2074 ) ;
#254 = VECTOR ( 'NONE', #5362, 1000.000000000000000 ) ;
#255 = VERTEX_POINT ( 'NONE', #71 ) ;
#256 = CARTESIAN_POINT ( 'NONE',  ( -6.800000000000375522, 8.749999999999989342, 10.27283860147173300 ) ) ;
#257 = EDGE_CURVE ( 'NONE', #5010, #2974, #104, .T. ) ;
#258 = CARTESIAN_POINT ( 'NONE',  ( -12.11575430128351094, 36.39999999999999858, 7.859088178492555699 ) ) ;
#259 = VECTOR ( 'NONE', #1506, 1000.000000000000000 ) ;
#260 = AXIS2_PLACEMENT_3D ( 'NONE', #6050, #6117, #1313 ) ;
#261 = ORIENTED_EDGE ( 'NONE', *, *, #3261, .T. ) ;
#262 = PLANE ( 'NONE',  #4340 ) ;
#263 = ADVANCED_FACE ( 'NONE', ( #5318 ), #3935, .T. ) ;
#264 = ORIENTED_EDGE ( 'NONE', *, *, #2864, .F. ) ;
#265 = DIRECTION ( 'NONE',  ( -1.000000000000000000, 0.000000000000000000, 0.000000000000000000 ) ) ;
#266 = LINE ( 'NONE', #5512, #4788 ) ;
#267 = EDGE_CURVE ( 'NONE', #2242, #2577, #3903, .T. ) ;
#268 = DIRECTION ( 'NONE',  ( 1.000000000000000000, -0.000000000000000000, -1.652117596168388002E-16 ) ) ;
#269 = ORIENTED_EDGE ( 'NONE', *, *, #1010, .F. ) ;
#270 = VERTEX_POINT ( 'NONE', #5823 ) ;
#271 =( BOUNDED_CURVE ( )  B_SPLINE_CURVE ( 3, ( #2451, #1425, #4373, #3899 ),
 .UNSPECIFIED., .F., .F. ) 
 B_SPLINE_CURVE_WITH_KNOTS ( ( 4, 4 ),
 ( 3.131906185517878694, 3.141592653589793116 ),
 .UNSPECIFIED. ) 
 CURVE ( )  GEOMETRIC_REPRESENTATION_ITEM ( )  RATIONAL_B_SPLINE_CURVE ( ( 1.000000000000000000, 0.9999921810433083369, 0.9999921810433083369, 1.000000000000000000 ) ) 
 REPRESENTATION_ITEM ( '' )  );
#272 = DIRECTION ( 'NONE',  ( 0.000000000000000000, 0.000000000000000000, -1.000000000000000000 ) ) ;
#273 = CARTESIAN_POINT ( 'NONE',  ( 5.200000000000136069, 32.75000000000007105, -7.250000000000002665 ) ) ;
#274 = VECTOR ( 'NONE', #249, 1000.000000000000000 ) ;
#275 = ORIENTED_EDGE ( 'NONE', *, *, #320, .T. ) ;
#276 = EDGE_CURVE ( 'NONE', #4134, #3873, #2491, .T. ) ;
#277 = DIRECTION ( 'NONE',  ( 0.000000000000000000, 0.000000000000000000, 1.000000000000000000 ) ) ;
#278 = ORIENTED_EDGE ( 'NONE', *, *, #3601, .T. ) ;
#279 = VERTEX_POINT ( 'NONE', #1954 ) ;
#280 = AXIS2_PLACEMENT_3D ( 'NONE', #5779, #1033, #2536 ) ;
#281 = LINE ( 'NONE', #3638, #3061 ) ;
#282 = CARTESIAN_POINT ( 'NONE',  ( -5.199999999999960210, 16.74999999999999645, -5.750000000000001776 ) ) ;
#283 = ADVANCED_FACE ( 'NONE', ( #1084 ), #3401, .T. ) ;
#284 = EDGE_CURVE ( 'NONE', #2706, #5654, #3369, .T. ) ;
#285 = PLANE ( 'NONE',  #352 ) ;
#286 = DIRECTION ( 'NONE',  ( 0.9909538193262598105, -0.1342033083150274697, -0.000000000000000000 ) ) ;
#287 = ORIENTED_EDGE ( 'NONE', *, *, #6002, .T. ) ;
#288 = FACE_BOUND ( 'NONE', #5479, .T. ) ;
#289 = CARTESIAN_POINT ( 'NONE',  ( 11.80000000000001670, 36.00000000000000711, 11.94999999999999574 ) ) ;
#290 = ADVANCED_FACE ( 'NONE', ( #1017 ), #4911, .T. ) ;
#291 = CARTESIAN_POINT ( 'NONE',  ( -11.67175041992355489, 1.796821406582110203, -10.39111836369988673 ) ) ;
#292 = ORIENTED_EDGE ( 'NONE', *, *, #4990, .F. ) ;
#293 = LINE ( 'NONE', #4120, #5148 ) ;
#294 = ORIENTED_EDGE ( 'NONE', *, *, #4243, .F. ) ;
#295 = VECTOR ( 'NONE', #2156, 1000.000000000000000 ) ;
#296 = LINE ( 'NONE', #1800, #145 ) ;
#297 = FACE_OUTER_BOUND ( 'NONE', #918, .T. ) ;
#298 = ORIENTED_EDGE ( 'NONE', *, *, #4428, .F. ) ;
#299 = DIRECTION ( 'NONE',  ( 0.000000000000000000, 0.2588190451025155769, -0.9659258262890696445 ) ) ;
#300 = ORIENTED_EDGE ( 'NONE', *, *, #1847, .T. ) ;
#301 = ORIENTED_EDGE ( 'NONE', *, *, #2541, .T. ) ;
#302 = DIRECTION ( 'NONE',  ( -0.6427876096865438038, 0.000000000000000000, 0.7660444431189743497 ) ) ;
#303 = DIRECTION ( 'NONE',  ( -1.000000000000000000, 0.000000000000000000, 0.000000000000000000 ) ) ;
#304 = CARTESIAN_POINT ( 'NONE',  ( 11.80000000000001847, 31.00000000000000355, 4.250000000000052403 ) ) ;
#305 = ORIENTED_EDGE ( 'NONE', *, *, #1369, .T. ) ;
#306 = CARTESIAN_POINT ( 'NONE',  ( -12.76204149542704691, 37.39481965908768757, 8.295868967844493014 ) ) ;
#307 = ORIENTED_EDGE ( 'NONE', *, *, #2504, .T. ) ;
#308 = ORIENTED_EDGE ( 'NONE', *, *, #3699, .F. ) ;
#309 = CARTESIAN_POINT ( 'NONE',  ( -10.19338422907791930, -3.719598378890477175, 11.58643895017634762 ) ) ;
#310 = CARTESIAN_POINT ( 'NONE',  ( -0.4000000000000190625, 16.74999999999999289, 10.27283860147173300 ) ) ;
#311 = CARTESIAN_POINT ( 'NONE',  ( 2.800001526826707110, 32.75000000000003553, -5.750000000000002665 ) ) ;
#312 = CARTESIAN_POINT ( 'NONE',  ( -6.800000000000461675, 32.74999999999994316, 10.27283860147173300 ) ) ;
#313 = EDGE_LOOP ( 'NONE', ( #5874, #1199, #923, #2248 ) ) ;
#314 = CARTESIAN_POINT ( 'NONE',  ( 2.800001526826707554, 26.75000000000001066, -7.250000000000002665 ) ) ;
#315 = DIRECTION ( 'NONE',  ( 1.000000000000000000, 0.000000000000000000, -0.000000000000000000 ) ) ;
#316 = DIRECTION ( 'NONE',  ( -2.312964634635742957E-16, 0.000000000000000000, -1.000000000000000000 ) ) ;
#317 = EDGE_CURVE ( 'NONE', #1275, #2686, #3462, .T. ) ;
#318 = VERTEX_POINT ( 'NONE', #512 ) ;
#319 = DIRECTION ( 'NONE',  ( 0.000000000000000000, 0.000000000000000000, -1.000000000000000000 ) ) ;
#320 = EDGE_CURVE ( 'NONE', #883, #3819, #2953, .T. ) ;
#321 = VERTEX_POINT ( 'NONE', #3834 ) ;
#322 = CARTESIAN_POINT ( 'NONE',  ( 13.10000000000001563, 0.8454159484245962197, 6.112990915244731482 ) ) ;
#323 = CARTESIAN_POINT ( 'NONE',  ( 10.00000000000003908, 18.75000000000000000, -7.250000000000002665 ) ) ;
#324 = VERTEX_POINT ( 'NONE', #5350 ) ;
#325 = CARTESIAN_POINT ( 'NONE',  ( 12.20000000000001528, 16.74999999999999289, -5.750000000000002665 ) ) ;
#326 = ORIENTED_EDGE ( 'NONE', *, *, #4771, .T. ) ;
#327 = EDGE_CURVE ( 'NONE', #2752, #1102, #3679, .T. ) ;
#328 = ORIENTED_EDGE ( 'NONE', *, *, #105, .F. ) ;
#329 = LINE ( 'NONE', #2244, #1208 ) ;
#330 = CARTESIAN_POINT ( 'NONE',  ( 2.699993457651246320, 35.89999999999994884, 19.71912865872952736 ) ) ;
#331 = CARTESIAN_POINT ( 'NONE',  ( -11.79999999999998650, 36.00000000000000711, 14.78477331392862659 ) ) ;
#332 = ORIENTED_EDGE ( 'NONE', *, *, #1504, .F. ) ;
#333 = CARTESIAN_POINT ( 'NONE',  ( -12.76204149542704691, 37.39481965908768757, 7.695868967844492481 ) ) ;
#334 = EDGE_CURVE ( 'NONE', #3692, #4880, #637, .T. ) ;
#335 = EDGE_LOOP ( 'NONE', ( #5931, #2893, #896, #4191 ) ) ;
#336 = DIRECTION ( 'NONE',  ( 0.000000000000000000, 0.000000000000000000, -1.000000000000000000 ) ) ;
#337 = EDGE_CURVE ( 'NONE', #4930, #5369, #5284, .T. ) ;
#338 = CARTESIAN_POINT ( 'NONE',  ( -4.400000000000425793, 18.75000000000000000, -7.250000000000002665 ) ) ;
#339 = DIRECTION ( 'NONE',  ( -1.000000000000000000, 0.000000000000000000, 0.000000000000000000 ) ) ;
#340 = DIRECTION ( 'NONE',  ( 0.000000000000000000, 0.000000000000000000, -1.000000000000000000 ) ) ;
#341 = CARTESIAN_POINT ( 'NONE',  ( 8.699993457651249429, 35.89999999999999858, -3.750000000000003109 ) ) ;
#342 = VECTOR ( 'NONE', #199, 1000.000000000000000 ) ;
#343 = ORIENTED_EDGE ( 'NONE', *, *, #907, .F. ) ;
#344 = CARTESIAN_POINT ( 'NONE',  ( -12.19999999999998508, 36.39999999999999858, -3.750000000000003109 ) ) ;
#345 = VECTOR ( 'NONE', #2580, 1000.000000000000000 ) ;
#346 = DIRECTION ( 'NONE',  ( -1.000000000000000000, -1.445602896647336451E-16, 0.000000000000000000 ) ) ;
#347 = VECTOR ( 'NONE', #2246, 1000.000000000000000 ) ;
#348 = ORIENTED_EDGE ( 'NONE', *, *, #2620, .T. ) ;
#349 = CARTESIAN_POINT ( 'NONE',  ( 12.18067608103243948, 0.9014114098748527981, -6.650000000000003020 ) ) ;
#350 = AXIS2_PLACEMENT_3D ( 'NONE', #2345, #4262, #6181 ) ;
#351 = EDGE_LOOP ( 'NONE', ( #1282, #2193, #556, #1364, #3791, #6109 ) ) ;
#352 = AXIS2_PLACEMENT_3D ( 'NONE', #1791, #2224, #2662 ) ;
#353 = VECTOR ( 'NONE', #3557, 1000.000000000000000 ) ;
#354 = VECTOR ( 'NONE', #2048, 1000.000000000000000 ) ;
#355 = DIRECTION ( 'NONE',  ( -3.469446951953611033E-15, 1.000000000000000000, 0.000000000000000000 ) ) ;
#356 = DIRECTION ( 'NONE',  ( 0.000000000000000000, 1.000000000000000000, 0.000000000000000000 ) ) ;
#357 = VECTOR ( 'NONE', #4956, 1000.000000000000000 ) ;
#358 = EDGE_CURVE ( 'NONE', #3936, #6077, #3753, .T. ) ;
#359 = AXIS2_PLACEMENT_3D ( 'NONE', #570, #5782, #976 ) ;
#360 = EDGE_LOOP ( 'NONE', ( #5253, #332, #4414, #4574 ) ) ;
#361 = DIRECTION ( 'NONE',  ( -1.000000000000000000, 3.469446951953614189E-15, 0.000000000000000000 ) ) ;
#362 = ORIENTED_EDGE ( 'NONE', *, *, #4771, .F. ) ;
#363 = ORIENTED_EDGE ( 'NONE', *, *, #3054, .T. ) ;
#364 = LINE ( 'NONE', #2278, #1902 ) ;
#365 = LINE ( 'NONE', #1875, #1049 ) ;
#366 = CARTESIAN_POINT ( 'NONE',  ( -10.19338422907791752, -3.719598378890479839, 11.58643895017634939 ) ) ;
#367 = VERTEX_POINT ( 'NONE', #4879 ) ;
#368 = LINE ( 'NONE', #2285, #3766 ) ;
#369 = ORIENTED_EDGE ( 'NONE', *, *, #4965, .F. ) ;
#370 = LINE ( 'NONE', #5145, #1984 ) ;
#371 = DIRECTION ( 'NONE',  ( 1.000000000000000000, -3.469446951953614189E-15, 0.000000000000000000 ) ) ;
#372 = ORIENTED_EDGE ( 'NONE', *, *, #4275, .T. ) ;
#373 = VECTOR ( 'NONE', #4800, 1000.000000000000000 ) ;
#374 = CARTESIAN_POINT ( 'NONE',  ( -10.19338422907791042, -4.319557166730927378, 11.57940667508160182 ) ) ;
#375 = CARTESIAN_POINT ( 'NONE',  ( 7.599999999999610623, 16.74999999999999645, 10.27283860147173300 ) ) ;
#376 = ORIENTED_EDGE ( 'NONE', *, *, #931, .T. ) ;
#377 = LINE ( 'NONE', #3706, #2091 ) ;
#378 = FACE_BOUND ( 'NONE', #407, .T. ) ;
#379 = VECTOR ( 'NONE', #3206, 1000.000000000000000 ) ;
#380 = LINE ( 'NONE', #1359, #2609 ) ;
#381 = CARTESIAN_POINT ( 'NONE',  ( -9.700006542348816652, 16.74999999999999645, -5.750000000000001776 ) ) ;
#382 = EDGE_CURVE ( 'NONE', #215, #4413, #32, .T. ) ;
#383 = ORIENTED_EDGE ( 'NONE', *, *, #2485, .T. ) ;
#384 = CARTESIAN_POINT ( 'NONE',  ( 13.26221789135949791, 38.36872730265759657, -0.3571470814232098889 ) ) ;
#385 = DIRECTION ( 'NONE',  ( 0.000000000000000000, -1.000000000000000000, -0.000000000000000000 ) ) ;
#386 = EDGE_CURVE ( 'NONE', #1424, #4478, #3872, .T. ) ;
#387 = ORIENTED_EDGE ( 'NONE', *, *, #3199, .F. ) ;
#388 = CARTESIAN_POINT ( 'NONE',  ( -10.00000000000001776, 32.74999999999992895, -3.750000000000003553 ) ) ;
#389 = ORIENTED_EDGE ( 'NONE', *, *, #3587, .T. ) ;
#390 = ORIENTED_EDGE ( 'NONE', *, *, #5127, .T. ) ;
#391 = CARTESIAN_POINT ( 'NONE',  ( 2.000000000000069278, 8.749999999999989342, -7.250000000000002665 ) ) ;
#392 = DIRECTION ( 'NONE',  ( -0.6423794588315996368, -0.03563056038103375178, 0.7655580278712741382 ) ) ;
#393 = EDGE_CURVE ( 'NONE', #1836, #4164, #1114, .T. ) ;
#394 = FACE_OUTER_BOUND ( 'NONE', #5296, .T. ) ;
#395 = VECTOR ( 'NONE', #2101, 1000.000000000000000 ) ;
#396 = ORIENTED_EDGE ( 'NONE', *, *, #5807, .T. ) ;
#397 = EDGE_CURVE ( 'NONE', #4230, #2232, #2701, .T. ) ;
#398 = ADVANCED_FACE ( 'NONE', ( #766 ), #2145, .T. ) ;
#399 = EDGE_LOOP ( 'NONE', ( #2772, #2542, #4769, #5913 ) ) ;
#400 = LINE ( 'NONE', #2781, #2895 ) ;
#401 = CARTESIAN_POINT ( 'NONE',  ( 12.18067608103243948, 37.47258879855520775, -6.733503860576043110 ) ) ;
#402 = ORIENTED_EDGE ( 'NONE', *, *, #3609, .T. ) ;
#403 = FACE_OUTER_BOUND ( 'NONE', #2078, .T. ) ;
#404 = CARTESIAN_POINT ( 'NONE',  ( 2.800001526826708886, 24.75000000000001421, -5.750000000000002665 ) ) ;
#405 = ORIENTED_EDGE ( 'NONE', *, *, #5648, .T. ) ;
#406 = ORIENTED_EDGE ( 'NONE', *, *, #4842, .T. ) ;
#407 = EDGE_LOOP ( 'NONE', ( #1276, #4518, #1953, #390 ) ) ;
#408 = CARTESIAN_POINT ( 'NONE',  ( -13.09999999999998543, 37.50625883487190038, 5.301487438937261487 ) ) ;
#409 = VECTOR ( 'NONE', #1332, 1000.000000000000000 ) ;
#410 = CARTESIAN_POINT ( 'NONE',  ( 12.20000000000001528, 10.74999999999998934, -5.750000000000002665 ) ) ;
#411 = CARTESIAN_POINT ( 'NONE',  ( 13.10000000000001563, 37.49641505150210463, 5.512990915244730061 ) ) ;
#412 = DIRECTION ( 'NONE',  ( 1.000000000000000000, 0.000000000000000000, 0.000000000000000000 ) ) ;
#413 = ORIENTED_EDGE ( 'NONE', *, *, #448, .T. ) ;
#414 = DIRECTION ( 'NONE',  ( -0.004050116900257066249, 0.9999801493634145055, 0.004826741366307825930 ) ) ;
#415 = CARTESIAN_POINT ( 'NONE',  ( -6.800000000000439471, 26.75000000000001066, -7.250000000000002665 ) ) ;
#416 = VERTEX_POINT ( 'NONE', #3623 ) ;
#417 = LINE ( 'NONE', #2335, #2042 ) ;
#418 = ORIENTED_EDGE ( 'NONE', *, *, #4723, .F. ) ;
#419 = VERTEX_POINT ( 'NONE', #2205 ) ;
#420 = LINE ( 'NONE', #1341, #3513 ) ;
#421 = FACE_OUTER_BOUND ( 'NONE', #18, .T. ) ;
#422 = DIRECTION ( 'NONE',  ( 0.000000000000000000, 0.000000000000000000, -1.000000000000000000 ) ) ;
#423 = ORIENTED_EDGE ( 'NONE', *, *, #2103, .F. ) ;
#424 = FACE_OUTER_BOUND ( 'NONE', #5981, .T. ) ;
#425 = AXIS2_PLACEMENT_3D ( 'NONE', #5905, #5459, #1607 ) ;
#426 = CARTESIAN_POINT ( 'NONE',  ( 0.3999999999999773737, 24.75000000000001421, -7.250000000000002665 ) ) ;
#427 = VECTOR ( 'NONE', #361, 1000.000000000000000 ) ;
#428 = ORIENTED_EDGE ( 'NONE', *, *, #471, .T. ) ;
#429 = EDGE_CURVE ( 'NONE', #2758, #2031, #3596, .T. ) ;
#430 = DIRECTION ( 'NONE',  ( -0.5065231823270999190, 0.000000000000000000, 0.8622263425372873602 ) ) ;
#431 = PLANE ( 'NONE',  #5371 ) ;
#432 = ORIENTED_EDGE ( 'NONE', *, *, #1135, .F. ) ;
#433 = ORIENTED_EDGE ( 'NONE', *, *, #5615, .F. ) ;
#434 = EDGE_CURVE ( 'NONE', #5449, #5737, #2670, .T. ) ;
#435 = DIRECTION ( 'NONE',  ( -0.08715574274765836016, 0.000000000000000000, 0.9961946980917455452 ) ) ;
#436 = LINE ( 'NONE', #2356, #1780 ) ;
#437 = DIRECTION ( 'NONE',  ( -0.8657910060693959631, 0.02326467448996821785, -0.4998646704161227028 ) ) ;
#438 = CARTESIAN_POINT ( 'NONE',  ( 2.699993457651246320, 35.89999999999994884, 19.71912865872952736 ) ) ;
#439 = DIRECTION ( 'NONE',  ( 0.000000000000000000, -0.000000000000000000, 1.000000000000000000 ) ) ;
#440 = EDGE_CURVE ( 'NONE', #1629, #4201, #2612, .T. ) ;
#441 = VECTOR ( 'NONE', #5949, 1000.000000000000000 ) ;
#442 = EDGE_LOOP ( 'NONE', ( #1582, #1344, #261, #4279 ) ) ;
#443 = DIRECTION ( 'NONE',  ( -0.000000000000000000, -0.000000000000000000, -1.000000000000000000 ) ) ;
#444 = DIRECTION ( 'NONE',  ( 0.000000000000000000, 0.000000000000000000, -1.000000000000000000 ) ) ;
#445 = VECTOR ( 'NONE', #1962, 1000.000000000000000 ) ;
#446 = ORIENTED_EDGE ( 'NONE', *, *, #2938, .F. ) ;
#447 = CARTESIAN_POINT ( 'NONE',  ( -9.199999999999965539, 18.75000000000000000, -7.250000000000002665 ) ) ;
#448 = EDGE_CURVE ( 'NONE', #2837, #5462, #3118, .T. ) ;
#449 = STYLED_ITEM ( 'NONE', ( #187 ), #2661 ) ;
#450 = VECTOR ( 'NONE', #1976, 1000.000000000000000 ) ;
#451 = VERTEX_POINT ( 'NONE', #5098 ) ;
#452 = CARTESIAN_POINT ( 'NONE',  ( -11.70000327117440619, 12.49999999999999112, -3.750000000000003553 ) ) ;
#453 = DIRECTION ( 'NONE',  ( 2.168404344971006896E-16, 1.000000000000000000, 0.000000000000000000 ) ) ;
#454 = AXIS2_PLACEMENT_3D ( 'NONE', #3472, #874, #133 ) ;
#455 = LINE ( 'NONE', #6176, #5559 ) ;
#456 = CARTESIAN_POINT ( 'NONE',  ( 12.20000000000001528, 18.75000000000000355, -5.750000000000002665 ) ) ;
#457 = VECTOR ( 'NONE', #3302, 1000.000000000000000 ) ;
#458 = ORIENTED_EDGE ( 'NONE', *, *, #719, .F. ) ;
#459 = PLANE ( 'NONE',  #3402 ) ;
#460 = CARTESIAN_POINT ( 'NONE',  ( -12.18067608103241106, 36.87842795731027223, -6.650000000000003020 ) ) ;
#461 = ADVANCED_FACE ( 'NONE', ( #2638 ), #262, .T. ) ;
#462 = ORIENTED_EDGE ( 'NONE', *, *, #508, .T. ) ;
#463 = DIRECTION ( 'NONE',  ( 0.000000000000000000, 1.000000000000000000, 0.000000000000000000 ) ) ;
#464 = DIRECTION ( 'NONE',  ( 1.000000000000000000, 0.000000000000000000, 0.000000000000000000 ) ) ;
#465 = ORIENTED_EDGE ( 'NONE', *, *, #476, .T. ) ;
#466 = ORIENTED_EDGE ( 'NONE', *, *, #3090, .T. ) ;
#467 =( BOUNDED_CURVE ( )  B_SPLINE_CURVE ( 3, ( #4124, #29, #481, #3432 ),
 .UNSPECIFIED., .F., .F. ) 
 B_SPLINE_CURVE_WITH_KNOTS ( ( 4, 4 ),
 ( 0.2896964598174043282, 1.570796326794896558 ),
 .UNSPECIFIED. ) 
 CURVE ( )  GEOMETRIC_REPRESENTATION_ITEM ( )  RATIONAL_B_SPLINE_CURVE ( ( 1.000000000000000000, 0.8678448125604494301, 0.8678448125604494301, 1.000000000000000000 ) ) 
 REPRESENTATION_ITEM ( '' )  );
#468 = CARTESIAN_POINT ( 'NONE',  ( 9.200000000000089884, 2.750000000000131006, -5.750000000000001776 ) ) ;
#469 = DIRECTION ( 'NONE',  ( -3.758567531283122007E-15, 1.000000000000000000, -0.000000000000000000 ) ) ;
#470 = EDGE_CURVE ( 'NONE', #12, #134, #293, .T. ) ;
#471 = EDGE_CURVE ( 'NONE', #2639, #4937, #5919, .T. ) ;
#472 = VECTOR ( 'NONE', #3296, 1000.000000000000000 ) ;
#473 = DIRECTION ( 'NONE',  ( 1.595823054205661548E-16, -0.2588190451025155769, 0.9659258262890696445 ) ) ;
#474 = DIRECTION ( 'NONE',  ( 1.000000000000000000, 3.614007241618299467E-15, 0.000000000000000000 ) ) ;
#475 = FACE_OUTER_BOUND ( 'NONE', #3225, .T. ) ;
#476 = EDGE_CURVE ( 'NONE', #4670, #5370, #1269, .T. ) ;
#477 = VECTOR ( 'NONE', #1595, 1000.000000000000000 ) ;
#478 = ORIENTED_EDGE ( 'NONE', *, *, #1802, .T. ) ;
#479 = CARTESIAN_POINT ( 'NONE',  ( 11.78033290114866638, 35.98281684899089328, 4.025204031485485778 ) ) ;
#480 = EDGE_CURVE ( 'NONE', #5762, #4846, #2177, .T. ) ;
#481 = CARTESIAN_POINT ( 'NONE',  ( 13.37545775083516553, 0.1718530868558190150, 7.074938373409707104 ) ) ;
#482 = VERTEX_POINT ( 'NONE', #225 ) ;
#483 = CARTESIAN_POINT ( 'NONE',  ( -12.73220449424879952, -0.5886148202938200624, 8.160999099196814655 ) ) ;
#484 = ORIENTED_EDGE ( 'NONE', *, *, #5352, .F. ) ;
#485 = ADVANCED_FACE ( 'NONE', ( #5064 ), #5561, .T. ) ;
#486 = CARTESIAN_POINT ( 'NONE',  ( -11.69999999999998330, 2.299999999999906120, -5.750000000000002665 ) ) ;
#487 = CARTESIAN_POINT ( 'NONE',  ( 11.69999345765108067, 15.49999999999990230, 19.71912865872952736 ) ) ;
#488 = PLANE ( 'NONE',  #978 ) ;
#489 = ORIENTED_EDGE ( 'NONE', *, *, #4607, .F. ) ;
#490 = CARTESIAN_POINT ( 'NONE',  ( 2.000000000000194511, -24.48182999695900719, -5.750000000000002665 ) ) ;
#491 = CARTESIAN_POINT ( 'NONE',  ( -6.800000000000382627, 10.74999999999998934, 10.27283860147173300 ) ) ;
#492 = AXIS2_PLACEMENT_3D ( 'NONE', #1025, #4323, #2937 ) ;
#493 = ORIENTED_EDGE ( 'NONE', *, *, #1705, .F. ) ;
#494 = DIRECTION ( 'NONE',  ( -0.5063211580031015124, 0.04009181502234129141, -0.8614125209947975925 ) ) ;
#495 = DIRECTION ( 'NONE',  ( 0.000000000000000000, 0.000000000000000000, 1.000000000000000000 ) ) ;
#496 = EDGE_LOOP ( 'NONE', ( #3559, #4031, #5283, #5134 ) ) ;
#497 = VERTEX_POINT ( 'NONE', #1621 ) ;
#498 = DIRECTION ( 'NONE',  ( 0.000000000000000000, 0.04649161924928876116, -0.9989186800433652591 ) ) ;
#499 = DIRECTION ( 'NONE',  ( 0.000000000000000000, -0.000000000000000000, 1.000000000000000000 ) ) ;
#500 = LINE ( 'NONE', #4741, #811 ) ;
#501 = CARTESIAN_POINT ( 'NONE',  ( 2.699993457651239215, 33.39999999999994174, -3.750000000000003553 ) ) ;
#502 = DIRECTION ( 'NONE',  ( 0.000000000000000000, -0.000000000000000000, 1.000000000000000000 ) ) ;
#503 =( BOUNDED_CURVE ( )  B_SPLINE_CURVE ( 3, ( #2643, #1151, #3629, #2183 ),
 .UNSPECIFIED., .F., .F. ) 
 B_SPLINE_CURVE_WITH_KNOTS ( ( 4, 4 ),
 ( 3.167410310774295468, 3.184030008009984147 ),
 .UNSPECIFIED. ) 
 CURVE ( )  GEOMETRIC_REPRESENTATION_ITEM ( )  RATIONAL_B_SPLINE_CURVE ( ( 1.000000000000000000, 0.9999769822711046530, 0.9999769822711046530, 1.000000000000000000 ) ) 
 REPRESENTATION_ITEM ( '' )  );
#504 = ORIENTED_EDGE ( 'NONE', *, *, #1329, .T. ) ;
#505 = LINE ( 'NONE', #3396, #4257 ) ;
#506 = VECTOR ( 'NONE', #2538, 1000.000000000000000 ) ;
#507 = LINE ( 'NONE', #3900, #663 ) ;
#508 = EDGE_CURVE ( 'NONE', #596, #4371, #4095, .T. ) ;
#509 = EDGE_CURVE ( 'NONE', #3634, #2176, #5508, .T. ) ;
#510 = CARTESIAN_POINT ( 'NONE',  ( 10.19338422907795305, -3.719598378890470070, 11.58643895017635117 ) ) ;
#511 = ORIENTED_EDGE ( 'NONE', *, *, #3278, .T. ) ;
#512 = CARTESIAN_POINT ( 'NONE',  ( 4.400000000000082956, 16.74999999999999289, -5.750000000000001776 ) ) ;
#513 = ORIENTED_EDGE ( 'NONE', *, *, #5849, .F. ) ;
#514 = EDGE_CURVE ( 'NONE', #4484, #4986, #3178, .T. ) ;
#515 = LINE ( 'NONE', #4288, #946 ) ;
#516 = DIRECTION ( 'NONE',  ( -4.047688110612522540E-15, 1.000000000000000000, -0.000000000000000000 ) ) ;
#517 = CARTESIAN_POINT ( 'NONE',  ( 2.000000000000194511, -24.48182999695900719, -5.750000000000002665 ) ) ;
#518 = FACE_OUTER_BOUND ( 'NONE', #4854, .T. ) ;
#519 = EDGE_CURVE ( 'NONE', #2022, #1836, #3536, .T. ) ;
#520 = VERTEX_POINT ( 'NONE', #674 ) ;
#521 = ORIENTED_EDGE ( 'NONE', *, *, #6011, .F. ) ;
#522 = CARTESIAN_POINT ( 'NONE',  ( 2.800001526826710663, 2.750000000000030198, 10.27283860147173300 ) ) ;
#523 = CARTESIAN_POINT ( 'NONE',  ( 12.20000000000001528, 2.749999999999946709, -5.750000000000002665 ) ) ;
#524 = VERTEX_POINT ( 'NONE', #2584 ) ;
#525 = EDGE_CURVE ( 'NONE', #4697, #3637, #4032, .T. ) ;
#526 = PLANE ( 'NONE',  #4740 ) ;
#527 = FACE_OUTER_BOUND ( 'NONE', #3990, .T. ) ;
#528 = EDGE_CURVE ( 'NONE', #1734, #1061, #3211, .T. ) ;
#529 = VERTEX_POINT ( 'NONE', #1864 ) ;
#530 = ORIENTED_EDGE ( 'NONE', *, *, #6060, .F. ) ;
#531 = VECTOR ( 'NONE', #1651, 1000.000000000000000 ) ;
#532 = EDGE_CURVE ( 'NONE', #1934, #237, #4147, .T. ) ;
#533 = LINE ( 'NONE', #1393, #1481 ) ;
#534 = PLANE ( 'NONE',  #6226 ) ;
#535 = DIRECTION ( 'NONE',  ( 0.000000000000000000, 0.000000000000000000, -1.000000000000000000 ) ) ;
#536 = DIRECTION ( 'NONE',  ( 0.000000000000000000, 1.000000000000000000, 0.000000000000000000 ) ) ;
#537 = VERTEX_POINT ( 'NONE', #381 ) ;
#538 = ORIENTED_EDGE ( 'NONE', *, *, #4625, .T. ) ;
#539 = DIRECTION ( 'NONE',  ( 7.228014483236683490E-17, 1.000000000000000000, 0.000000000000000000 ) ) ;
#540 = DIRECTION ( 'NONE',  ( -1.000000000000000000, 3.469446951953779455E-15, 0.000000000000000000 ) ) ;
#541 = ADVANCED_FACE ( 'NONE', ( #5220 ), #4242, .F. ) ;
#542 = DIRECTION ( 'NONE',  ( 5.551115123125777969E-15, 1.000000000000000000, 0.000000000000000000 ) ) ;
#543 = ORIENTED_EDGE ( 'NONE', *, *, #5894, .F. ) ;
#544 = DIRECTION ( 'NONE',  ( 0.000000000000000000, -1.000000000000000000, -0.000000000000000000 ) ) ;
#545 = AXIS2_PLACEMENT_3D ( 'NONE', #3097, #2147, #5011 ) ;
#546 = ORIENTED_EDGE ( 'NONE', *, *, #4375, .T. ) ;
#547 = VECTOR ( 'NONE', #5387, 1000.000000000000000 ) ;
#548 = DIRECTION ( 'NONE',  ( -1.445602896647333000E-16, 1.000000000000000000, 0.000000000000000000 ) ) ;
#549 = DIRECTION ( 'NONE',  ( 1.000000000000000000, -6.938893903907366428E-15, 0.000000000000000000 ) ) ;
#550 = DIRECTION ( 'NONE',  ( -3.758567531283072309E-15, 1.000000000000000000, 0.000000000000000000 ) ) ;
#551 = VECTOR ( 'NONE', #1012, 999.9999999999998863 ) ;
#552 = EDGE_CURVE ( 'NONE', #237, #5404, #3240, .T. ) ;
#553 = CARTESIAN_POINT ( 'NONE',  ( -12.19999999999998508, 36.39999999999999858, 1.949999999999993738 ) ) ;
#554 = ORIENTED_EDGE ( 'NONE', *, *, #3085, .F. ) ;
#555 = AXIS2_PLACEMENT_3D ( 'NONE', #775, #5990, #714 ) ;
#556 = ORIENTED_EDGE ( 'NONE', *, *, #1182, .T. ) ;
#557 = DIRECTION ( 'NONE',  ( -0.000000000000000000, -0.000000000000000000, -1.000000000000000000 ) ) ;
#558 = AXIS2_PLACEMENT_3D ( 'NONE', #1913, #1850, #5685 ) ;
#559 = LINE ( 'NONE', #5768, #5474 ) ;
#560 = VECTOR ( 'NONE', #6193, 1000.000000000000000 ) ;
#561 = EDGE_LOOP ( 'NONE', ( #3563, #5073, #2389, #5453 ) ) ;
#562 = FACE_OUTER_BOUND ( 'NONE', #1429, .T. ) ;
#563 = CARTESIAN_POINT ( 'NONE',  ( -2.000003073249077001, 24.75000000000001421, -5.750000000000002665 ) ) ;
#564 = ORIENTED_EDGE ( 'NONE', *, *, #659, .T. ) ;
#565 = EDGE_LOOP ( 'NONE', ( #2107, #2084, #3778, #846, #1076, #5034, #3042, #3760, #2221, #2918 ) ) ;
#566 = CARTESIAN_POINT ( 'NONE',  ( 8.846433483388040031, 37.60639324704082043, 3.749999999999992006 ) ) ;
#567 = DIRECTION ( 'NONE',  ( 0.9826238549913559606, 0.000000000000000000, -0.1856080806482483525 ) ) ;
#568 = EDGE_CURVE ( 'NONE', #1734, #112, #5247, .T. ) ;
#569 = DIRECTION ( 'NONE',  ( -1.000000000000000000, -3.614007241618299467E-15, 0.000000000000000000 ) ) ;
#570 = CARTESIAN_POINT ( 'NONE',  ( 5.200000000000082778, 16.74999999999999289, 10.27283860147173300 ) ) ;
#571 = DIRECTION ( 'NONE',  ( -2.252887631138710800E-16, 7.816274124948198058E-31, -1.000000000000000000 ) ) ;
#572 = EDGE_LOOP ( 'NONE', ( #4526, #4499, #4921, #4146, #2804, #3851 ) ) ;
#573 = DIRECTION ( 'NONE',  ( 0.8173788638923643601, -0.3304376751361292053, 0.4719139070981671069 ) ) ;
#574 = LINE ( 'NONE', #1207, #5665 ) ;
#575 = DIRECTION ( 'NONE',  ( 1.000000000000000000, -0.000000000000000000, 0.000000000000000000 ) ) ;
#576 = ADVANCED_FACE ( 'NONE', ( #945 ), #2300, .T. ) ;
#577 = AXIS2_PLACEMENT_3D ( 'NONE', #4211, #790, #4144 ) ;
#578 = PLANE ( 'NONE',  #2856 ) ;
#579 = EDGE_LOOP ( 'NONE', ( #1872, #4488, #2644, #2679 ) ) ;
#580 = DIRECTION ( 'NONE',  ( 1.000000000000000000, 0.000000000000000000, -1.652117596168388249E-16 ) ) ;
#581 = EDGE_LOOP ( 'NONE', ( #3266, #4517, #987, #1040 ) ) ;
#582 = PLANE ( 'NONE',  #5060 ) ;
#583 = LINE ( 'NONE', #5827, #2160 ) ;
#584 = CARTESIAN_POINT ( 'NONE',  ( 13.69990445263201906, -3.657066543417232918, 6.802783709781973442 ) ) ;
#585 = CARTESIAN_POINT ( 'NONE',  ( 0.000000000000000000, 0.000000000000000000, -7.250000000000002665 ) ) ;
#586 = ORIENTED_EDGE ( 'NONE', *, *, #1705, .T. ) ;
#587 = ORIENTED_EDGE ( 'NONE', *, *, #5384, .T. ) ;
#588 = EDGE_CURVE ( 'NONE', #5742, #1853, #4621, .T. ) ;
#589 = LINE ( 'NONE', #13, #5417 ) ;
#590 = LINE ( 'NONE', #523, #1955 ) ;
#591 = EDGE_LOOP ( 'NONE', ( #5293, #27, #64, #3185 ) ) ;
#592 = EDGE_CURVE ( 'NONE', #2912, #3583, #4213, .T. ) ;
#593 = PLANE ( 'NONE',  #3737 ) ;
#594 = EDGE_CURVE ( 'NONE', #2164, #367, #6103, .T. ) ;
#595 = CARTESIAN_POINT ( 'NONE',  ( -2.799997609695374479, 32.74999999999997868, 10.27283860147173300 ) ) ;
#596 = VERTEX_POINT ( 'NONE', #3299 ) ;
#597 = VERTEX_POINT ( 'NONE', #2822 ) ;
#598 = DIRECTION ( 'NONE',  ( 0.000000000000000000, -0.9989186800433652591, -0.04649161924928713746 ) ) ;
#599 = DIRECTION ( 'NONE',  ( -3.324886662288846475E-15, -1.000000000000000000, 0.000000000000000000 ) ) ;
#600 = DIRECTION ( 'NONE',  ( 1.000000000000000000, -0.000000000000000000, -0.000000000000000000 ) ) ;
#601 = FACE_OUTER_BOUND ( 'NONE', #1908, .T. ) ;
#602 = LINE ( 'NONE', #4427, #5979 ) ;
#603 = VERTEX_POINT ( 'NONE', #4647 ) ;
#604 = PLANE ( 'NONE',  #1193 ) ;
#605 = PLANE ( 'NONE',  #3464 ) ;
#606 = CARTESIAN_POINT ( 'NONE',  ( 12.18067608103243948, 0.9014114098748527981, -6.650000000000003020 ) ) ;
#607 = ORIENTED_EDGE ( 'NONE', *, *, #5694, .F. ) ;
#608 = CARTESIAN_POINT ( 'NONE',  ( -2.799997609695375811, 24.75000000000001421, -7.250000000000002665 ) ) ;
#609 = VERTEX_POINT ( 'NONE', #3802 ) ;
#610 = LINE ( 'NONE', #5482, #33 ) ;
#611 = DIRECTION ( 'NONE',  ( 0.000000000000000000, -0.000000000000000000, 1.000000000000000000 ) ) ;
#612 = DIRECTION ( 'NONE',  ( 0.000000000000000000, -0.000000000000000000, -1.000000000000000000 ) ) ;
#613 = FACE_BOUND ( 'NONE', #5889, .T. ) ;
#614 = VERTEX_POINT ( 'NONE', #4744 ) ;
#615 = ADVANCED_FACE ( 'NONE', ( #822 ), #2727, .T. ) ;
#616 = ORIENTED_EDGE ( 'NONE', *, *, #2585, .T. ) ;
#617 = VERTEX_POINT ( 'NONE', #6131 ) ;
#618 = CARTESIAN_POINT ( 'NONE',  ( -9.700006542348765137, 32.74999999999993605, -5.750000000000001776 ) ) ;
#619 = CARTESIAN_POINT ( 'NONE',  ( 4.400000000000037659, 2.750000000000067057, 10.27283860147173300 ) ) ;
#620 = ORIENTED_EDGE ( 'NONE', *, *, #855, .T. ) ;
#621 = CARTESIAN_POINT ( 'NONE',  ( -11.69999999999998153, 35.89999999999999858, 1.949999999999995959 ) ) ;
#622 = LINE ( 'NONE', #5838, #6178 ) ;
#623 = ORIENTED_EDGE ( 'NONE', *, *, #2130, .T. ) ;
#624 = ORIENTED_EDGE ( 'NONE', *, *, #6152, .T. ) ;
#625 = CARTESIAN_POINT ( 'NONE',  ( -7.599999999999933031, 8.749999999999989342, 10.27283860147173300 ) ) ;
#626 = EDGE_CURVE ( 'NONE', #4670, #4806, #2361, .T. ) ;
#627 = FACE_OUTER_BOUND ( 'NONE', #2483, .T. ) ;
#628 = LINE ( 'NONE', #219, #506 ) ;
#629 = CARTESIAN_POINT ( 'NONE',  ( -13.09999999999998543, -2.349147038914071839, -0.3488893001069726107 ) ) ;
#630 = FACE_OUTER_BOUND ( 'NONE', #1439, .T. ) ;
#631 = EDGE_CURVE ( 'NONE', #6136, #3583, #1423, .T. ) ;
#632 = ORIENTED_EDGE ( 'NONE', *, *, #3149, .T. ) ;
#633 = CARTESIAN_POINT ( 'NONE',  ( 2.800001526826710663, 2.750000000000030198, -5.750000000000001776 ) ) ;
#634 = DIRECTION ( 'NONE',  ( 1.000000000000000000, 0.000000000000000000, 0.000000000000000000 ) ) ;
#635 = VECTOR ( 'NONE', #299, 1000.000000000000114 ) ;
#636 = ORIENTED_EDGE ( 'NONE', *, *, #1131, .F. ) ;
#637 = LINE ( 'NONE', #3474, #248 ) ;
#638 = EDGE_CURVE ( 'NONE', #5351, #6163, #1894, .T. ) ;
#639 = ORIENTED_EDGE ( 'NONE', *, *, #6034, .F. ) ;
#640 = PLANE ( 'NONE',  #5557 ) ;
#641 = CARTESIAN_POINT ( 'NONE',  ( 13.03268589637825947, -4.263483889006630001, 6.795513087239972272 ) ) ;
#642 = DIRECTION ( 'NONE',  ( -1.000000000000000000, -4.336808689942434255E-15, 0.000000000000000000 ) ) ;
#643 = EDGE_CURVE ( 'NONE', #4799, #875, #854, .T. ) ;
#644 = FACE_BOUND ( 'NONE', #5036, .T. ) ;
#645 = ORIENTED_EDGE ( 'NONE', *, *, #317, .F. ) ;
#646 = ORIENTED_EDGE ( 'NONE', *, *, #480, .T. ) ;
#647 = EDGE_LOOP ( 'NONE', ( #4450, #1889, #3420, #1837 ) ) ;
#648 = CARTESIAN_POINT ( 'NONE',  ( 2.800001526826706666, 32.75000000000003553, 10.27283860147173300 ) ) ;
#649 = VECTOR ( 'NONE', #2674, 1000.000000000000000 ) ;
#650 = DIRECTION ( 'NONE',  ( 0.000000000000000000, -1.000000000000000000, 0.000000000000000000 ) ) ;
#651 = VERTEX_POINT ( 'NONE', #1797 ) ;
#652 = VECTOR ( 'NONE', #4573, 1000.000000000000000 ) ;
#653 = PLANE ( 'NONE',  #4542 ) ;
#654 = CARTESIAN_POINT ( 'NONE',  ( 8.699993457651249429, 35.89999999999999858, -5.750000000000002665 ) ) ;
#655 = VERTEX_POINT ( 'NONE', #1362 ) ;
#656 = ORIENTED_EDGE ( 'NONE', *, *, #3973, .T. ) ;
#657 = VECTOR ( 'NONE', #1202, 1000.000000000000000 ) ;
#658 = VECTOR ( 'NONE', #3500, 1000.000000000000000 ) ;
#659 = EDGE_CURVE ( 'NONE', #597, #961, #3272, .T. ) ;
#660 = DIRECTION ( 'NONE',  ( 0.000000000000000000, 0.000000000000000000, -1.000000000000000000 ) ) ;
#661 = FACE_OUTER_BOUND ( 'NONE', #6196, .T. ) ;
#662 = VECTOR ( 'NONE', #1029, 1000.000000000000000 ) ;
#663 = VECTOR ( 'NONE', #3366, 1000.000000000000000 ) ;
#664 = PLANE ( 'NONE',  #6129 ) ;
#665 = CARTESIAN_POINT ( 'NONE',  ( 2.699993457651239215, 33.39999999999994174, -5.750000000000002665 ) ) ;
#666 = EDGE_LOOP ( 'NONE', ( #2526, #1746, #777, #4395 ) ) ;
#667 = EDGE_CURVE ( 'NONE', #4697, #4214, #4872, .T. ) ;
#668 = EDGE_CURVE ( 'NONE', #3303, #1661, #1514, .T. ) ;
#669 = CARTESIAN_POINT ( 'NONE',  ( -11.69999999999997797, 31.89999999999999858, 19.71912865872952736 ) ) ;
#670 = CARTESIAN_POINT ( 'NONE',  ( 7.200000000000002842, 0.4000000000000000222, 4.249999999999995559 ) ) ;
#671 = EDGE_CURVE ( 'NONE', #4164, #2079, #1039, .T. ) ;
#672 =( LENGTH_UNIT ( ) NAMED_UNIT ( * ) SI_UNIT ( .MILLI., .METRE. ) );
#673 = ORIENTED_EDGE ( 'NONE', *, *, #1139, .T. ) ;
#674 = CARTESIAN_POINT ( 'NONE',  ( 2.000000000000036859, 26.75000000000001776, -7.250000000000002665 ) ) ;
#675 = EDGE_CURVE ( 'NONE', #2777, #1124, #5309, .T. ) ;
#676 = ORIENTED_EDGE ( 'NONE', *, *, #429, .F. ) ;
#677 = DIRECTION ( 'NONE',  ( 0.1420391334185776011, 0.1377620308829188012, 0.9802277834384788280 ) ) ;
#678 = DIRECTION ( 'NONE',  ( 0.000000000000000000, -1.000000000000000000, 0.000000000000000000 ) ) ;
#679 = VECTOR ( 'NONE', #1891, 1000.000000000000000 ) ;
#680 = FACE_OUTER_BOUND ( 'NONE', #4, .T. ) ;
#681 = VERTEX_POINT ( 'NONE', #1449 ) ;
#682 = B_SPLINE_CURVE_WITH_KNOTS ( 'NONE', 3,
 ( #5587, #1290, #3200, #1320, #5117, #813 ),
 .UNSPECIFIED., .F., .F.,
 ( 4, 2, 4 ),
 ( 0.000000000000000000, 0.0004672726616096382988, 0.0009345453232192765976 ),
 .UNSPECIFIED. ) ;
#683 = VERTEX_POINT ( 'NONE', #2388 ) ;
#684 = VECTOR ( 'NONE', #1119, 1000.000000000000000 ) ;
#685 = LINE ( 'NONE', #1691, #5513 ) ;
#686 = LINE ( 'NONE', #273, #5259 ) ;
#687 = VECTOR ( 'NONE', #3455, 1000.000000000000000 ) ;
#688 = ORIENTED_EDGE ( 'NONE', *, *, #3772, .T. ) ;
#689 = DIRECTION ( 'NONE',  ( -1.445602896647336451E-16, 1.000000000000000000, 0.000000000000000000 ) ) ;
#690 = LINE ( 'NONE', #2597, #662 ) ;
#691 = EDGE_LOOP ( 'NONE', ( #3902, #2404, #5806, #4508 ) ) ;
#692 = ORIENTED_EDGE ( 'NONE', *, *, #990, .F. ) ;
#693 = FACE_OUTER_BOUND ( 'NONE', #2789, .T. ) ;
#694 = PLANE ( 'NONE',  #6091 ) ;
#695 = LINE ( 'NONE', #2987, #5325 ) ;
#696 = LINE ( 'NONE', #96, #1461 ) ;
#697 = VERTEX_POINT ( 'NONE', #2482 ) ;
#698 = DIRECTION ( 'NONE',  ( 1.734723475976559708E-14, -1.000000000000000000, 0.000000000000000000 ) ) ;
#699 = DIRECTION ( 'NONE',  ( -1.000000000000000000, -2.168419154064127366E-15, 0.000000000000000000 ) ) ;
#700 = AXIS2_PLACEMENT_3D ( 'NONE', #4388, #5765, #1500 ) ;
#701 = EDGE_LOOP ( 'NONE', ( #275, #1113, #5207, #5570 ) ) ;
#702 = DIRECTION ( 'NONE',  ( -4.336808689942018525E-15, 1.000000000000000000, 0.000000000000000000 ) ) ;
#703 = EDGE_LOOP ( 'NONE', ( #55, #362, #168, #1340 ) ) ;
#704 = ADVANCED_FACE ( 'NONE', ( #3427 ), #1075, .T. ) ;
#705 = LINE ( 'NONE', #4533, #5755 ) ;
#706 = LINE ( 'NONE', #2616, #2582 ) ;
#707 = EDGE_CURVE ( 'NONE', #4991, #2331, #2414, .T. ) ;
#708 = CARTESIAN_POINT ( 'NONE',  ( -12.19999999999998508, 0.000000000000000000, 7.952886066075826044 ) ) ;
#709 = VERTEX_POINT ( 'NONE', #3361 ) ;
#710 = EDGE_CURVE ( 'NONE', #2242, #4128, #1946, .T. ) ;
#711 = ORIENTED_EDGE ( 'NONE', *, *, #80, .T. ) ;
#712 = CIRCLE ( 'NONE', #5828, 0.5999999999999997558 ) ;
#713 = CARTESIAN_POINT ( 'NONE',  ( 0.4000000000000505374, 32.75000000000001421, -7.250000000000002665 ) ) ;
#714 = DIRECTION ( 'NONE',  ( -3.469446951953611033E-15, -1.000000000000000000, 0.000000000000000000 ) ) ;
#715 = EDGE_CURVE ( 'NONE', #5319, #4384, #1485, .T. ) ;
#716 = ORIENTED_EDGE ( 'NONE', *, *, #205, .F. ) ;
#717 = FACE_OUTER_BOUND ( 'NONE', #3252, .T. ) ;
#718 = DIRECTION ( 'NONE',  ( 4.336808689941979082E-15, -1.000000000000000000, 0.000000000000000000 ) ) ;
#719 = EDGE_CURVE ( 'NONE', #2788, #1565, #2917, .T. ) ;
#720 = EDGE_LOOP ( 'NONE', ( #5248, #4125, #2464, #5215 ) ) ;
#721 = ORIENTED_EDGE ( 'NONE', *, *, #5221, .F. ) ;
#722 = PLANE ( 'NONE',  #3570 ) ;
#723 = LINE ( 'NONE', #4612, #171 ) ;
#724 = CARTESIAN_POINT ( 'NONE',  ( -13.47569295332661454, -2.204628710012163761, -0.4012719109229250236 ) ) ;
#725 = EDGE_CURVE ( 'NONE', #1065, #243, #2990, .T. ) ;
#726 = DIRECTION ( 'NONE',  ( -3.469446951953614978E-15, -1.000000000000000000, 0.000000000000000000 ) ) ;
#727 = ORIENTED_EDGE ( 'NONE', *, *, #4044, .F. ) ;
#728 = PLANE ( 'NONE',  #5095 ) ;
#729 = DIRECTION ( 'NONE',  ( 0.000000000000000000, 0.000000000000000000, -1.000000000000000000 ) ) ;
#730 = ORIENTED_EDGE ( 'NONE', *, *, #4274, .T. ) ;
#731 = CARTESIAN_POINT ( 'NONE',  ( 2.000000000000039968, 16.74999999999999645, 10.27283860147173300 ) ) ;
#732 = VECTOR ( 'NONE', #5837, 1000.000000000000000 ) ;
#733 = ORIENTED_EDGE ( 'NONE', *, *, #2017, .T. ) ;
#734 = LINE ( 'NONE', #2640, #1150 ) ;
#735 = AXIS2_PLACEMENT_3D ( 'NONE', #2734, #893, #3779 ) ;
#736 = EDGE_CURVE ( 'NONE', #185, #2746, #3861, .T. ) ;
#737 = CARTESIAN_POINT ( 'NONE',  ( -13.69999999999998330, -3.644262969829024978, 6.802771138853422883 ) ) ;
#738 = LINE ( 'NONE', #4569, #4743 ) ;
#739 = ORIENTED_EDGE ( 'NONE', *, *, #1295, .F. ) ;
#740 = VERTEX_POINT ( 'NONE', #6223 ) ;
#741 = CARTESIAN_POINT ( 'NONE',  ( -9.999999999999904077, 2.749999999999932943, -7.250000000000002665 ) ) ;
#742 = EDGE_CURVE ( 'NONE', #5602, #3626, #4070, .T. ) ;
#743 = EDGE_CURVE ( 'NONE', #794, #4699, #3502, .T. ) ;
#744 = DIRECTION ( 'NONE',  ( 3.614007241618299467E-15, -1.000000000000000000, 0.000000000000000000 ) ) ;
#745 = ORIENTED_EDGE ( 'NONE', *, *, #638, .T. ) ;
#746 = LINE ( 'NONE', #3226, #5772 ) ;
#747 = AXIS2_PLACEMENT_3D ( 'NONE', #5792, #8, #5826 ) ;
#748 = ORIENTED_EDGE ( 'NONE', *, *, #5506, .T. ) ;
#749 = EDGE_LOOP ( 'NONE', ( #3188, #1735, #5958, #1024, #5629, #1610, #4205 ) ) ;
#750 = LINE ( 'NONE', #4137, #1756 ) ;
#751 = AXIS2_PLACEMENT_3D ( 'NONE', #2422, #1925, #5858 ) ;
#752 = FACE_OUTER_BOUND ( 'NONE', #1406, .T. ) ;
#753 = VECTOR ( 'NONE', #4029, 1000.000000000000000 ) ;
#754 = CARTESIAN_POINT ( 'NONE',  ( 9.200000000000089884, 2.750000000000131006, -7.250000000000002665 ) ) ;
#755 = LINE ( 'NONE', #4113, #2457 ) ;
#756 = AXIS2_PLACEMENT_3D ( 'NONE', #309, #5464, #1289 ) ;
#757 = VECTOR ( 'NONE', #2197, 1000.000000000000000 ) ;
#758 = VERTEX_POINT ( 'NONE', #2952 ) ;
#759 = CARTESIAN_POINT ( 'NONE',  ( 8.846410161513773573, 36.39999999999999858, 4.249999999999995559 ) ) ;
#760 = EDGE_CURVE ( 'NONE', #2144, #4697, #602, .T. ) ;
#761 = CARTESIAN_POINT ( 'NONE',  ( -11.69999999999998153, -7.716216689544156182, 1.949999999999995959 ) ) ;
#762 = VECTOR ( 'NONE', #1831, 1000.000000000000000 ) ;
#763 = DIRECTION ( 'NONE',  ( 0.5000000000000001110, 0.000000000000000000, -0.8660254037844385966 ) ) ;
#764 = VECTOR ( 'NONE', #5385, 999.9999999999998863 ) ;
#765 = ORIENTED_EDGE ( 'NONE', *, *, #238, .T. ) ;
#766 = FACE_OUTER_BOUND ( 'NONE', #5131, .T. ) ;
#767 = ORIENTED_EDGE ( 'NONE', *, *, #3506, .T. ) ;
#768 = CARTESIAN_POINT ( 'NONE',  ( -13.69999999999998508, -0.5736132040494862361, -4.657049799285545966 ) ) ;
#769 = DIRECTION ( 'NONE',  ( 0.000000000000000000, 0.000000000000000000, -1.000000000000000000 ) ) ;
#770 = LINE ( 'NONE', #5571, #635 ) ;
#771 = ORIENTED_EDGE ( 'NONE', *, *, #1769, .F. ) ;
#772 = ORIENTED_EDGE ( 'NONE', *, *, #525, .F. ) ;
#773 = CARTESIAN_POINT ( 'NONE',  ( 11.80000000000001670, 31.00000000000000355, 3.749999999999996003 ) ) ;
#774 = CARTESIAN_POINT ( 'NONE',  ( 12.20000000000000284, 8.000000000000000000, 14.78477331392862659 ) ) ;
#775 = CARTESIAN_POINT ( 'NONE',  ( -9.700006542348768690, 31.89999999999997016, 19.71912865872952736 ) ) ;
#776 = VECTOR ( 'NONE', #4050, 1000.000000000000000 ) ;
#777 = ORIENTED_EDGE ( 'NONE', *, *, #1644, .F. ) ;
#778 = CARTESIAN_POINT ( 'NONE',  ( -13.69999999999998508, -1.727981330668022952, -0.3488893001069729438 ) ) ;
#779 = VECTOR ( 'NONE', #4382, 1000.000000000000000 ) ;
#780 = EDGE_LOOP ( 'NONE', ( #1530, #2018, #1158, #772 ) ) ;
#781 = ORIENTED_EDGE ( 'NONE', *, *, #3032, .T. ) ;
#782 = VECTOR ( 'NONE', #2011, 1000.000000000000000 ) ;
#783 = ADVANCED_FACE ( 'NONE', ( #475 ), #2016, .T. ) ;
#784 = DIRECTION ( 'NONE',  ( 0.000000000000000000, 0.000000000000000000, -1.000000000000000000 ) ) ;
#785 = EDGE_CURVE ( 'NONE', #4764, #1326, #5276, .T. ) ;
#786 = DIRECTION ( 'NONE',  ( 1.000000000000000000, -8.673600826027696650E-15, 0.000000000000000000 ) ) ;
#787 = DIRECTION ( 'NONE',  ( -0.1327528877080234593, -0.3782324969206073417, 0.9161423738035391340 ) ) ;
#788 = VERTEX_POINT ( 'NONE', #3959 ) ;
#789 = CARTESIAN_POINT ( 'NONE',  ( 7.599999999999552891, 32.75000000000009948, -7.250000000000002665 ) ) ;
#790 = DIRECTION ( 'NONE',  ( 0.000000000000000000, 0.000000000000000000, -1.000000000000000000 ) ) ;
#791 = DIRECTION ( 'NONE',  ( 0.8657910060693960741, -0.02326467448996812071, 0.4998646704161228138 ) ) ;
#792 = ORIENTED_EDGE ( 'NONE', *, *, #2428, .T. ) ;
#793 = CARTESIAN_POINT ( 'NONE',  ( 2.699993457651246320, 35.89999999999994884, -3.750000000000003553 ) ) ;
#794 = VERTEX_POINT ( 'NONE', #3461 ) ;
#795 = VECTOR ( 'NONE', #144, 1000.000000000000000 ) ;
#796 = DIRECTION ( 'NONE',  ( 0.000000000000000000, 1.000000000000000000, 0.000000000000000000 ) ) ;
#797 = DIRECTION ( 'NONE',  ( 0.8621056539611955394, 0.000000000000000000, -0.5067285677837189972 ) ) ;
#798 = ORIENTED_EDGE ( 'NONE', *, *, #2807, .F. ) ;
#799 = CARTESIAN_POINT ( 'NONE',  ( -13.69999999999998508, -1.730488665020879058, -0.3488893001069737210 ) ) ;
#800 = ORIENTED_EDGE ( 'NONE', *, *, #3471, .T. ) ;
#801 = ORIENTED_EDGE ( 'NONE', *, *, #4084, .F. ) ;
#802 = DIRECTION ( 'NONE',  ( -1.000000000000000000, 0.000000000000000000, 0.000000000000000000 ) ) ;
#803 = DIRECTION ( 'NONE',  ( 2.775557561562888984E-15, 1.000000000000000000, 0.000000000000000000 ) ) ;
#804 = LINE ( 'NONE', #4664, #3259 ) ;
#805 = EDGE_LOOP ( 'NONE', ( #1301, #5052, #4330, #5271 ) ) ;
#806 = EDGE_CURVE ( 'NONE', #4384, #1599, #5378, .T. ) ;
#807 = FACE_OUTER_BOUND ( 'NONE', #3723, .T. ) ;
#808 = ORIENTED_EDGE ( 'NONE', *, *, #6132, .F. ) ;
#809 = VERTEX_POINT ( 'NONE', #2887 ) ;
#810 = CARTESIAN_POINT ( 'NONE',  ( -13.69971338071879075, -3.663530819139592776, 6.803033191431235416 ) ) ;
#811 = VECTOR ( 'NONE', #2915, 1000.000000000000000 ) ;
#812 = DIRECTION ( 'NONE',  ( -0.000000000000000000, 1.000000000000000000, -0.000000000000000000 ) ) ;
#813 = CARTESIAN_POINT ( 'NONE',  ( -13.10581178995769314, 38.36986668977041148, -0.3490399208586573154 ) ) ;
#814 = DIRECTION ( 'NONE',  ( -1.000000000000000000, 0.000000000000000000, 0.000000000000000000 ) ) ;
#815 = CARTESIAN_POINT ( 'NONE',  ( 12.20000000000001705, 31.00000000000000355, 5.686195996001617736 ) ) ;
#816 = ORIENTED_EDGE ( 'NONE', *, *, #5683, .T. ) ;
#817 = PLANE ( 'NONE',  #1787 ) ;
#818 = CARTESIAN_POINT ( 'NONE',  ( 11.70000000000001350, 35.89999999999999858, 1.949999999999995959 ) ) ;
#819 = ADVANCED_FACE ( 'NONE', ( #630 ), #2540, .T. ) ;
#820 = CARTESIAN_POINT ( 'NONE',  ( 12.20000000000000284, 4.336808689942017736E-16, 7.320370016855325623 ) ) ;
#821 = ORIENTED_EDGE ( 'NONE', *, *, #532, .F. ) ;
#822 = FACE_OUTER_BOUND ( 'NONE', #2583, .T. ) ;
#823 = ORIENTED_EDGE ( 'NONE', *, *, #358, .F. ) ;
#824 = PLANE ( 'NONE',  #4957 ) ;
#825 = LINE ( 'NONE', #2731, #1266 ) ;
#826 = ADVANCED_FACE ( 'NONE', ( #4936 ), #4680, .T. ) ;
#827 = ORIENTED_EDGE ( 'NONE', *, *, #5824, .F. ) ;
#828 = CARTESIAN_POINT ( 'NONE',  ( -12.46492097225203466, -0.5426473036372750913, 8.095350681908898949 ) ) ;
#829 = ORIENTED_EDGE ( 'NONE', *, *, #3923, .F. ) ;
#830 = ORIENTED_EDGE ( 'NONE', *, *, #240, .F. ) ;
#831 = DIRECTION ( 'NONE',  ( 0.000000000000000000, 0.000000000000000000, 1.000000000000000000 ) ) ;
#832 = VECTOR ( 'NONE', #3564, 1000.000000000000000 ) ;
#833 = CARTESIAN_POINT ( 'NONE',  ( 12.19999999999902229, 32.75000000000021316, -5.750000000000002665 ) ) ;
#834 = DIRECTION ( 'NONE',  ( -2.791820594150173918E-15, 1.000000000000000000, 0.000000000000000000 ) ) ;
#835 = EDGE_CURVE ( 'NONE', #1665, #520, #3678, .T. ) ;
#836 = VERTEX_POINT ( 'NONE', #2328 ) ;
#837 = PLANE ( 'NONE',  #260 ) ;
#838 = ORIENTED_EDGE ( 'NONE', *, *, #4712, .F. ) ;
#839 = CARTESIAN_POINT ( 'NONE',  ( 12.20000000000001528, 24.75000000000001421, -5.750000000000002665 ) ) ;
#840 = DIRECTION ( 'NONE',  ( 0.000000000000000000, -0.000000000000000000, -1.000000000000000000 ) ) ;
#841 = LINE ( 'NONE', #2718, #1884 ) ;
#842 = ORIENTED_EDGE ( 'NONE', *, *, #4440, .T. ) ;
#843 = LINE ( 'NONE', #2785, #3063 ) ;
#844 = CARTESIAN_POINT ( 'NONE',  ( 12.18067608103243948, 36.87842795731027223, -6.650000000000003020 ) ) ;
#845 = VECTOR ( 'NONE', #228, 1000.000000000000227 ) ;
#846 = ORIENTED_EDGE ( 'NONE', *, *, #2751, .F. ) ;
#847 = ORIENTED_EDGE ( 'NONE', *, *, #2971, .T. ) ;
#848 = DIRECTION ( 'NONE',  ( 0.000000000000000000, 0.000000000000000000, -1.000000000000000000 ) ) ;
#849 = EDGE_CURVE ( 'NONE', #1661, #2392, #2231, .T. ) ;
#850 = CARTESIAN_POINT ( 'NONE',  ( 12.18067608103243948, 0.9014114098748527981, -7.250000000000002665 ) ) ;
#851 = VECTOR ( 'NONE', #5505, 1000.000000000000000 ) ;
#852 = CARTESIAN_POINT ( 'NONE',  ( -12.18067608103241106, 0.3468173662064333862, -6.878966038371442160 ) ) ;
#853 = AXIS2_PLACEMENT_3D ( 'NONE', #331, #4160, #3722 ) ;
#854 = LINE ( 'NONE', #5659, #2166 ) ;
#855 = EDGE_CURVE ( 'NONE', #2338, #5454, #3238, .T. ) ;
#856 = EDGE_CURVE ( 'NONE', #4447, #4201, #380, .T. ) ;
#857 = ORIENTED_EDGE ( 'NONE', *, *, #6089, .T. ) ;
#858 = VECTOR ( 'NONE', #4175, 1000.000000000000000 ) ;
#859 = AXIS2_PLACEMENT_3D ( 'NONE', #2513, #1986, #5814 ) ;
#860 = DIRECTION ( 'NONE',  ( 3.180326372624185651E-15, 1.000000000000000000, -0.000000000000000000 ) ) ;
#861 = PLANE ( 'NONE',  #4268 ) ;
#862 = EDGE_CURVE ( 'NONE', #482, #5776, #3271, .T. ) ;
#863 = VECTOR ( 'NONE', #277, 1000.000000000000000 ) ;
#864 = EDGE_CURVE ( 'NONE', #3247, #5583, #1827, .T. ) ;
#865 = ORIENTED_EDGE ( 'NONE', *, *, #3477, .T. ) ;
#866 = LINE ( 'NONE', #2770, #2339 ) ;
#867 = EDGE_CURVE ( 'NONE', #3227, #3711, #5096, .T. ) ;
#868 = ORIENTED_EDGE ( 'NONE', *, *, #643, .F. ) ;
#869 = ORIENTED_EDGE ( 'NONE', *, *, #3341, .F. ) ;
#870 = CARTESIAN_POINT ( 'NONE',  ( 13.69739059115866908, -3.742114593753623097, 6.806066046237995160 ) ) ;
#871 = DIRECTION ( 'NONE',  ( -1.000000000000000000, -1.734723475976559708E-14, 0.000000000000000000 ) ) ;
#872 = CARTESIAN_POINT ( 'NONE',  ( -5.199999999999906031, 2.749999999999965805, 10.27283860147173300 ) ) ;
#873 = ORIENTED_EDGE ( 'NONE', *, *, #4007, .F. ) ;
#874 = DIRECTION ( 'NONE',  ( -1.000000000000000000, -3.469446951953609456E-15, 0.000000000000000000 ) ) ;
#875 = VERTEX_POINT ( 'NONE', #820 ) ;
#876 = PLANE ( 'NONE',  #3204 ) ;
#877 = LINE ( 'NONE', #1413, #3467 ) ;
#878 = ORIENTED_EDGE ( 'NONE', *, *, #4794, .T. ) ;
#879 = VECTOR ( 'NONE', #5843, 1000.000000000000000 ) ;
#880 = PLANE ( 'NONE',  #1956 ) ;
#881 = LINE ( 'NONE', #6057, #757 ) ;
#882 = AXIS2_PLACEMENT_3D ( 'NONE', #1786, #3314, #4136 ) ;
#883 = VERTEX_POINT ( 'NONE', #852 ) ;
#884 = ORIENTED_EDGE ( 'NONE', *, *, #2847, .T. ) ;
#885 = DIRECTION ( 'NONE',  ( 0.000000000000000000, 1.000000000000000000, 0.000000000000000000 ) ) ;
#886 = DIRECTION ( 'NONE',  ( 1.000000000000000000, 0.000000000000000000, 0.000000000000000000 ) ) ;
#887 = DIRECTION ( 'NONE',  ( 0.000000000000000000, 0.000000000000000000, 1.000000000000000000 ) ) ;
#888 = DIRECTION ( 'NONE',  ( -1.000000000000000000, 0.000000000000000000, 0.000000000000000000 ) ) ;
#889 = VERTEX_POINT ( 'NONE', #1764 ) ;
#890 = CARTESIAN_POINT ( 'NONE',  ( -13.11754761251813051, -2.348579334853204692, -0.3502643743012211486 ) ) ;
#891 = CARTESIAN_POINT ( 'NONE',  ( -7.199999999999993072, 0.4000000000000000222, 4.249999999999995559 ) ) ;
#892 = ORIENTED_EDGE ( 'NONE', *, *, #2728, .T. ) ;
#893 = DIRECTION ( 'NONE',  ( 1.000000000000000000, 3.758567531283107807E-15, 0.000000000000000000 ) ) ;
#894 = VERTEX_POINT ( 'NONE', #4240 ) ;
#895 = ADVANCED_FACE ( 'NONE', ( #2724 ), #5596, .F. ) ;
#896 = ORIENTED_EDGE ( 'NONE', *, *, #2168, .T. ) ;
#897 = FACE_OUTER_BOUND ( 'NONE', #5300, .T. ) ;
#898 = EDGE_CURVE ( 'NONE', #3978, #3951, #1314, .T. ) ;
#899 = DIRECTION ( 'NONE',  ( -1.445602896647346312E-16, 1.000000000000000000, -0.000000000000000000 ) ) ;
#900 = CARTESIAN_POINT ( 'NONE',  ( -7.199999999999993072, 0.4000000000000000222, 4.249999999999995559 ) ) ;
#901 = ADVANCED_FACE ( 'NONE', ( #5156 ), #1726, .T. ) ;
#902 = ORIENTED_EDGE ( 'NONE', *, *, #5277, .T. ) ;
#903 = FACE_OUTER_BOUND ( 'NONE', #2210, .T. ) ;
#904 = CARTESIAN_POINT ( 'NONE',  ( 12.19999999999989626, 2.750000000000144773, -5.750000000000002665 ) ) ;
#905 = EDGE_LOOP ( 'NONE', ( #4615, #3608, #4119, #1911 ) ) ;
#906 = CARTESIAN_POINT ( 'NONE',  ( -9.199999999999985079, 24.75000000000001421, -7.250000000000002665 ) ) ;
#907 = EDGE_CURVE ( 'NONE', #2858, #681, #2268, .T. ) ;
#908 = CARTESIAN_POINT ( 'NONE',  ( 7.599999999999759837, -24.48182999695898943, -5.750000000000002665 ) ) ;
#909 = ORIENTED_EDGE ( 'NONE', *, *, #2241, .F. ) ;
#910 = ORIENTED_EDGE ( 'NONE', *, *, #1, .T. ) ;
#911 =( BOUNDED_CURVE ( )  B_SPLINE_CURVE ( 3, ( #6221, #1863, #4305, #1395 ),
 .UNSPECIFIED., .F., .F. ) 
 B_SPLINE_CURVE_WITH_KNOTS ( ( 4, 4 ),
 ( 3.148329383074511600, 3.159644115491461402 ),
 .UNSPECIFIED. ) 
 CURVE ( )  GEOMETRIC_REPRESENTATION_ITEM ( )  RATIONAL_B_SPLINE_CURVE ( ( 1.000000000000000000, 0.9999893314309824532, 0.9999893314309824532, 1.000000000000000000 ) ) 
 REPRESENTATION_ITEM ( '' )  );
#912 = FACE_OUTER_BOUND ( 'NONE', #1519, .T. ) ;
#913 = CARTESIAN_POINT ( 'NONE',  ( -9.700006542348811323, 18.49999999999998224, -3.750000000000003553 ) ) ;
#914 = EDGE_CURVE ( 'NONE', #3531, #2232, #712, .T. ) ;
#915 = DIRECTION ( 'NONE',  ( -0.000000000000000000, 1.000000000000000000, 0.000000000000000000 ) ) ;
#916 = PLANE ( 'NONE',  #3763 ) ;
#917 = CARTESIAN_POINT ( 'NONE',  ( 7.599999999999639044, 8.749999999999991118, 10.27283860147173300 ) ) ;
#918 = EDGE_LOOP ( 'NONE', ( #2530, #2116, #2220, #2881 ) ) ;
#919 = DIRECTION ( 'NONE',  ( 0.1420391334185773791, -0.1377620308829188289, -0.9802277834384788280 ) ) ;
#920 = DIRECTION ( 'NONE',  ( 0.000000000000000000, -1.000000000000000000, -0.000000000000000000 ) ) ;
#921 = VERTEX_POINT ( 'NONE', #3176 ) ;
#922 = LINE ( 'NONE', #4219, #1854 ) ;
#923 = ORIENTED_EDGE ( 'NONE', *, *, #3471, .F. ) ;
#924 = ORIENTED_EDGE ( 'NONE', *, *, #2970, .F. ) ;
#925 = EDGE_CURVE ( 'NONE', #5988, #5210, #1862, .T. ) ;
#926 = DIRECTION ( 'NONE',  ( 1.000000000000000000, -0.000000000000000000, -0.000000000000000000 ) ) ;
#927 = CARTESIAN_POINT ( 'NONE',  ( -12.18067608103240929, 36.87842795731026513, -7.250000000000002665 ) ) ;
#928 = DIRECTION ( 'NONE',  ( 0.6423794588315996368, 0.03563056038103376566, -0.7655580278712742492 ) ) ;
#929 = ORIENTED_EDGE ( 'NONE', *, *, #707, .T. ) ;
#930 = EDGE_CURVE ( 'NONE', #4950, #2032, #2699, .T. ) ;
#931 = EDGE_CURVE ( 'NONE', #2226, #883, #4591, .T. ) ;
#932 = CARTESIAN_POINT ( 'NONE',  ( -12.19999999999998508, 36.39999999999999858, -3.750000000000003109 ) ) ;
#933 = CARTESIAN_POINT ( 'NONE',  ( -7.600000000000020073, 32.74999999999994316, -5.750000000000001776 ) ) ;
#934 = VECTOR ( 'NONE', #1372, 1000.000000000000000 ) ;
#935 = ORIENTED_EDGE ( 'NONE', *, *, #2751, .T. ) ;
#936 = DIRECTION ( 'NONE',  ( -3.469446951953605117E-15, 1.000000000000000000, -0.000000000000000000 ) ) ;
#937 = LINE ( 'NONE', #3793, #1365 ) ;
#938 = ORIENTED_EDGE ( 'NONE', *, *, #5657, .F. ) ;
#939 = ADVANCED_FACE ( 'NONE', ( #4117 ), #3645, .F. ) ;
#940 = ORIENTED_EDGE ( 'NONE', *, *, #1105, .T. ) ;
#941 = DIRECTION ( 'NONE',  ( -0.000000000000000000, 1.000000000000000000, 0.000000000000000000 ) ) ;
#942 = CARTESIAN_POINT ( 'NONE',  ( -12.19999999999998508, 36.39999999999999858, -3.750000000000003109 ) ) ;
#943 = DIRECTION ( 'NONE',  ( 0.000000000000000000, 0.000000000000000000, -1.000000000000000000 ) ) ;
#944 = DIRECTION ( 'NONE',  ( 0.000000000000000000, 9.035018104045872913E-16, -1.000000000000000000 ) ) ;
#945 = FACE_OUTER_BOUND ( 'NONE', #3688, .T. ) ;
#946 = VECTOR ( 'NONE', #5320, 1000.000000000000000 ) ;
#947 = ORIENTED_EDGE ( 'NONE', *, *, #1056, .T. ) ;
#948 = DIRECTION ( 'NONE',  ( 1.000000000000000000, -3.469446951953601567E-15, 0.000000000000000000 ) ) ;
#949 = CARTESIAN_POINT ( 'NONE',  ( 13.67499837761439885, -0.2187158470062901539, 6.885481755851655450 ) ) ;
#950 = VECTOR ( 'NONE', #1026, 1000.000000000000000 ) ;
#951 = ORIENTED_EDGE ( 'NONE', *, *, #4348, .T. ) ;
#952 = FACE_OUTER_BOUND ( 'NONE', #3328, .T. ) ;
#953 = VECTOR ( 'NONE', #340, 1000.000000000000000 ) ;
#954 = AXIS2_PLACEMENT_3D ( 'NONE', #1608, #214, #4419 ) ;
#955 = VERTEX_POINT ( 'NONE', #5244 ) ;
#956 = CARTESIAN_POINT ( 'NONE',  ( 2.800001526826706666, 32.75000000000003553, 10.27283860147173300 ) ) ;
#957 = CARTESIAN_POINT ( 'NONE',  ( -4.400000000000419575, 16.74999999999999645, 10.27283860147173300 ) ) ;
#958 = CARTESIAN_POINT ( 'NONE',  ( -2.000003073249078778, 32.74999999999997868, 10.27283860147173300 ) ) ;
#959 = EDGE_CURVE ( 'NONE', #4225, #655, #1394, .T. ) ;
#960 = VECTOR ( 'NONE', #4908, 1000.000000000000000 ) ;
#961 = VERTEX_POINT ( 'NONE', #1944 ) ;
#962 = LINE ( 'NONE', #2975, #1302 ) ;
#963 = PLANE ( 'NONE',  #253 ) ;
#964 = EDGE_LOOP ( 'NONE', ( #620, #1179, #2467, #6022 ) ) ;
#965 = CARTESIAN_POINT ( 'NONE',  ( -12.76204149542704513, 37.39481965908768757, 7.695868967844494257 ) ) ;
#966 = PLANE ( 'NONE',  #2964 ) ;
#967 = EDGE_LOOP ( 'NONE', ( #2678, #4532, #5427, #1806 ) ) ;
#968 = ORIENTED_EDGE ( 'NONE', *, *, #1196, .F. ) ;
#969 = EDGE_CURVE ( 'NONE', #921, #3014, #4334, .T. ) ;
#970 = DIRECTION ( 'NONE',  ( 3.469446951953614189E-15, 1.000000000000000000, -0.000000000000000000 ) ) ;
#971 = EDGE_CURVE ( 'NONE', #119, #5816, #1983, .T. ) ;
#972 = CARTESIAN_POINT ( 'NONE',  ( -11.70000654234874737, 35.89999999999999858, -3.750000000000003553 ) ) ;
#973 = AXIS2_PLACEMENT_3D ( 'NONE', #3424, #4961, #599 ) ;
#974 = CARTESIAN_POINT ( 'NONE',  ( 8.870634393811736018, 37.60200105452039310, 3.763985867038132760 ) ) ;
#975 = AXIS2_PLACEMENT_3D ( 'NONE', #2716, #3288, #1880 ) ;
#976 = DIRECTION ( 'NONE',  ( -4.336808689942015369E-15, -1.000000000000000000, 0.000000000000000000 ) ) ;
#977 = DIRECTION ( 'NONE',  ( -1.000000000000000000, 0.000000000000000000, 0.000000000000000000 ) ) ;
#978 = AXIS2_PLACEMENT_3D ( 'NONE', #4816, #37, #1496 ) ;
#979 = ORIENTED_EDGE ( 'NONE', *, *, #2093, .F. ) ;
#980 = CARTESIAN_POINT ( 'NONE',  ( -13.09999999999998543, 38.36988785813656477, -0.3488893001070200728 ) ) ;
#981 = VECTOR ( 'NONE', #2484, 1000.000000000000000 ) ;
#982 = ADVANCED_FACE ( 'NONE', ( #5781 ), #6220, .T. ) ;
#983 = CARTESIAN_POINT ( 'NONE',  ( -6.800000000000382627, 10.74999999999998934, 10.27283860147173300 ) ) ;
#984 =( NAMED_UNIT ( * ) PLANE_ANGLE_UNIT ( ) SI_UNIT ( $, .RADIAN. ) );
#985 = ORIENTED_EDGE ( 'NONE', *, *, #2598, .T. ) ;
#986 = CARTESIAN_POINT ( 'NONE',  ( -43.01841849955686570, 0.000000000000000000, 7.320370016855336281 ) ) ;
#987 = ORIENTED_EDGE ( 'NONE', *, *, #3422, .T. ) ;
#988 = ORIENTED_EDGE ( 'NONE', *, *, #5764, .T. ) ;
#989 = CARTESIAN_POINT ( 'NONE',  ( 12.20000000000000284, 8.000000000000000000, 3.749999999999996003 ) ) ;
#990 = EDGE_CURVE ( 'NONE', #3997, #5988, #24, .T. ) ;
#991 = CARTESIAN_POINT ( 'NONE',  ( -12.19999999999999218, 8.000000000000000000, 7.958661163249457715 ) ) ;
#992 = EDGE_CURVE ( 'NONE', #279, #5737, #1421, .T. ) ;
#993 = ORIENTED_EDGE ( 'NONE', *, *, #1973, .F. ) ;
#994 = ORIENTED_EDGE ( 'NONE', *, *, #631, .T. ) ;
#995 = DIRECTION ( 'NONE',  ( 0.5065490486308656948, 0.01010550995448437732, -0.8621519239668403722 ) ) ;
#996 = CARTESIAN_POINT ( 'NONE',  ( 12.20000000000001705, 36.39999999999999858, 5.686195996001617736 ) ) ;
#997 = VECTOR ( 'NONE', #3720, 1000.000000000000000 ) ;
#998 = VERTEX_POINT ( 'NONE', #5812 ) ;
#999 = CARTESIAN_POINT ( 'NONE',  ( -0.3999999999999056532, -24.48182999695900364, -5.750000000000002665 ) ) ;
#1000 = CARTESIAN_POINT ( 'NONE',  ( -4.400000000000365397, 2.749999999999965805, -5.750000000000001776 ) ) ;
#1001 = ORIENTED_EDGE ( 'NONE', *, *, #2690, .F. ) ;
#1002 = ORIENTED_EDGE ( 'NONE', *, *, #5039, .F. ) ;
#1003 = ADVANCED_FACE ( 'NONE', ( #2412 ), #534, .T. ) ;
#1004 = CARTESIAN_POINT ( 'NONE',  ( -9.200000000000017053, 32.74999999999994316, 10.27283860147173300 ) ) ;
#1005 = CARTESIAN_POINT ( 'NONE',  ( -13.69971338071879075, -3.663530819139592776, 6.803033191431235416 ) ) ;
#1006 = DIRECTION ( 'NONE',  ( 0.1856080806482483525, 0.000000000000000000, 0.9826238549913559606 ) ) ;
#1007 = CARTESIAN_POINT ( 'NONE',  ( 4.400000000000135358, 32.75000000000007105, 10.27283860147173300 ) ) ;
#1008 = CARTESIAN_POINT ( 'NONE',  ( 11.70000000000001350, -7.716216689544156182, 1.949999999999995959 ) ) ;
#1009 = VECTOR ( 'NONE', #2668, 1000.000000000000000 ) ;
#1010 = EDGE_CURVE ( 'NONE', #2232, #6156, #5337, .T. ) ;
#1011 = ORIENTED_EDGE ( 'NONE', *, *, #382, .T. ) ;
#1012 = DIRECTION ( 'NONE',  ( -0.08690414928965417563, -0.07592818502867813846, -0.9933189717077252068 ) ) ;
#1013 = VECTOR ( 'NONE', #2631, 1000.000000000000000 ) ;
#1014 = DIRECTION ( 'NONE',  ( -0.5063211580031015124, 0.04009181502234129141, -0.8614125209947975925 ) ) ;
#1015 = CARTESIAN_POINT ( 'NONE',  ( 12.20000000000001528, 32.75000000000003553, -5.750000000000002665 ) ) ;
#1016 = ORIENTED_EDGE ( 'NONE', *, *, #3973, .F. ) ;
#1017 = FACE_OUTER_BOUND ( 'NONE', #5734, .T. ) ;
#1018 = ORIENTED_EDGE ( 'NONE', *, *, #5777, .F. ) ;
#1019 = FACE_OUTER_BOUND ( 'NONE', #1967, .T. ) ;
#1020 = CARTESIAN_POINT ( 'NONE',  ( 11.80000000000001847, 36.39999999999999858, 3.749999999999996003 ) ) ;
#1021 = CARTESIAN_POINT ( 'NONE',  ( -0.4000000000000635825, 32.75000000000000000, -5.750000000000001776 ) ) ;
#1022 = DIRECTION ( 'NONE',  ( 0.000000000000000000, 0.000000000000000000, -1.000000000000000000 ) ) ;
#1023 = ORIENTED_EDGE ( 'NONE', *, *, #429, .T. ) ;
#1024 = ORIENTED_EDGE ( 'NONE', *, *, #4386, .T. ) ;
#1025 = CARTESIAN_POINT ( 'NONE',  ( 0.000000000000000000, 0.9014114098748527981, -6.650000000000003020 ) ) ;
#1026 = DIRECTION ( 'NONE',  ( -1.650331128440943705E-16, 0.04649161924928876116, -0.9989186800433652591 ) ) ;
#1027 = ORIENTED_EDGE ( 'NONE', *, *, #3138, .T. ) ;
#1028 = PLANE ( 'NONE',  #2556 ) ;
#1029 = DIRECTION ( 'NONE',  ( 1.000000000000000000, 0.000000000000000000, 0.000000000000000000 ) ) ;
#1030 = VECTOR ( 'NONE', #3451, 1000.000000000000000 ) ;
#1031 = VERTEX_POINT ( 'NONE', #3391 ) ;
#1032 = ORIENTED_EDGE ( 'NONE', *, *, #3619, .T. ) ;
#1033 = DIRECTION ( 'NONE',  ( 1.387778780781450409E-14, 1.000000000000000000, -0.000000000000000000 ) ) ;
#1034 = VECTOR ( 'NONE', #2794, 1000.000000000000000 ) ;
#1035 = CARTESIAN_POINT ( 'NONE',  ( -6.800000000000382627, 10.74999999999998934, -7.250000000000002665 ) ) ;
#1036 = ADVANCED_FACE ( 'NONE', ( #6191 ), #2854, .T. ) ;
#1037 = PLANE ( 'NONE',  #3717 ) ;
#1038 = DIRECTION ( 'NONE',  ( -0.000000000000000000, -1.000000000000000000, -0.000000000000000000 ) ) ;
#1039 = LINE ( 'NONE', #4306, #4667 ) ;
#1040 = ORIENTED_EDGE ( 'NONE', *, *, #3904, .T. ) ;
#1041 = EDGE_CURVE ( 'NONE', #4873, #3220, #3310, .T. ) ;
#1042 = LINE ( 'NONE', #5229, #4790 ) ;
#1043 = LINE ( 'NONE', #2365, #3255 ) ;
#1044 = DIRECTION ( 'NONE',  ( 0.000000000000000000, -0.000000000000000000, 1.000000000000000000 ) ) ;
#1045 = ADVANCED_FACE ( 'NONE', ( #2444 ), #1037, .T. ) ;
#1046 = DIRECTION ( 'NONE',  ( -1.000000000000000000, 0.000000000000000000, 0.000000000000000000 ) ) ;
#1047 = EDGE_LOOP ( 'NONE', ( #5161, #1050, #2695, #1002 ) ) ;
#1048 = DIRECTION ( 'NONE',  ( -1.000000000000000000, 0.000000000000000000, 0.000000000000000000 ) ) ;
#1049 = VECTOR ( 'NONE', #6046, 1000.000000000000114 ) ;
#1050 = ORIENTED_EDGE ( 'NONE', *, *, #6000, .T. ) ;
#1051 = EDGE_CURVE ( 'NONE', #597, #2055, #2950, .T. ) ;
#1052 = AXIS2_PLACEMENT_3D ( 'NONE', #5419, #1458, #3508 ) ;
#1053 = PLANE ( 'NONE',  #2642 ) ;
#1054 = CARTESIAN_POINT ( 'NONE',  ( -2.000003073249074781, 2.749999999999976463, 10.27283860147173300 ) ) ;
#1055 = DIRECTION ( 'NONE',  ( 0.000000000000000000, 0.000000000000000000, -1.000000000000000000 ) ) ;
#1056 = EDGE_CURVE ( 'NONE', #4656, #4846, #95, .T. ) ;
#1057 = VECTOR ( 'NONE', #3050, 1000.000000000000000 ) ;
#1059 = FACE_BOUND ( 'NONE', #3715, .T. ) ;
#1058 = VECTOR ( 'NONE', #5965, 1000.000000000000000 ) ;
#1060 = VERTEX_POINT ( 'NONE', #3827 ) ;
#1061 = VERTEX_POINT ( 'NONE', #4399 ) ;
#1062 = CARTESIAN_POINT ( 'NONE',  ( 2.000000000000035971, 24.75000000000001421, 10.27283860147173300 ) ) ;
#1063 = VECTOR ( 'NONE', #1229, 1000.000000000000000 ) ;
#1064 = CARTESIAN_POINT ( 'NONE',  ( -9.999999999999946709, 12.49999999999998579, -5.750000000000001776 ) ) ;
#1065 = VERTEX_POINT ( 'NONE', #5691 ) ;
#1066 = AXIS2_PLACEMENT_3D ( 'NONE', #1223, #1694, #4546 ) ;
#1067 = PLANE ( 'NONE',  #3140 ) ;
#1068 = CARTESIAN_POINT ( 'NONE',  ( 0.3999999999997759792, 2.749999999999999112, -5.750000000000001776 ) ) ;
#1069 = ORIENTED_EDGE ( 'NONE', *, *, #4729, .T. ) ;
#1070 = VERTEX_POINT ( 'NONE', #3894 ) ;
#1071 = CARTESIAN_POINT ( 'NONE',  ( -11.69999999999998330, 18.49999999999998934, -3.750000000000002665 ) ) ;
#1072 = DIRECTION ( 'NONE',  ( 0.1434064628873747138, 0.000000000000000000, 0.9896638754658735326 ) ) ;
#1073 = DIRECTION ( 'NONE',  ( 0.6427876096865438038, 0.000000000000000000, -0.7660444431189743497 ) ) ;
#1074 = DIRECTION ( 'NONE',  ( -0.1327528877080234593, -0.3782324969206073972, 0.9161423738035391340 ) ) ;
#1075 = PLANE ( 'NONE',  #3572 ) ;
#1076 = ORIENTED_EDGE ( 'NONE', *, *, #4203, .T. ) ;
#1077 = DIRECTION ( 'NONE',  ( -3.903127820947819118E-15, 1.000000000000000000, 0.000000000000000000 ) ) ;
#1078 = VECTOR ( 'NONE', #784, 1000.000000000000000 ) ;
#1079 = DIRECTION ( 'NONE',  ( 0.000000000000000000, 0.8191520442889956843, 0.5735764363510406083 ) ) ;
#1080 = CARTESIAN_POINT ( 'NONE',  ( 12.99406597231825877, 0.8454159484245921119, 6.112990915244731482 ) ) ;
#1081 = VECTOR ( 'NONE', #5985, 1000.000000000000000 ) ;
#1082 = CARTESIAN_POINT ( 'NONE',  ( 11.69999672882556752, 2.299999999999906120, -3.750000000000003553 ) ) ;
#1083 = ORIENTED_EDGE ( 'NONE', *, *, #736, .T. ) ;
#1084 = FACE_OUTER_BOUND ( 'NONE', #3618, .T. ) ;
#1085 = VECTOR ( 'NONE', #5851, 1000.000000000000000 ) ;
#1086 = ORIENTED_EDGE ( 'NONE', *, *, #3482, .T. ) ;
#1087 = CARTESIAN_POINT ( 'NONE',  ( 11.70000000000001350, 35.89999999999999858, -5.750000000000002665 ) ) ;
#1088 = PLANE ( 'NONE',  #2060 ) ;
#1089 = PLANE ( 'NONE',  #1587 ) ;
#1090 = FACE_BOUND ( 'NONE', #1285, .T. ) ;
#1091 = ORIENTED_EDGE ( 'NONE', *, *, #3927, .F. ) ;
#1092 = ORIENTED_EDGE ( 'NONE', *, *, #5552, .F. ) ;
#1093 = EDGE_CURVE ( 'NONE', #3227, #3173, #4367, .T. ) ;
#1094 = ORIENTED_EDGE ( 'NONE', *, *, #5311, .T. ) ;
#1095 = CARTESIAN_POINT ( 'NONE',  ( -12.23156414457928420, -0.4738549192716297043, 7.997104975298065632 ) ) ;
#1096 = LINE ( 'NONE', #1472, #3656 ) ;
#1097 = VERTEX_POINT ( 'NONE', #4802 ) ;
#1098 = EDGE_CURVE ( 'NONE', #5334, #4384, #500, .T. ) ;
#1099 = DIRECTION ( 'NONE',  ( 0.000000000000000000, -1.000000000000000000, 0.000000000000000000 ) ) ;
#1100 = LINE ( 'NONE', #5933, #1861 ) ;
#1101 = ORIENTED_EDGE ( 'NONE', *, *, #267, .T. ) ;
#1102 = VERTEX_POINT ( 'NONE', #2046 ) ;
#1103 = AXIS2_PLACEMENT_3D ( 'NONE', #5044, #1662, #3577 ) ;
#1104 = CARTESIAN_POINT ( 'NONE',  ( -7.199999999999993072, 0.4000000000000000222, 11.94999999999999574 ) ) ;
#1105 = EDGE_CURVE ( 'NONE', #4447, #3247, #4963, .T. ) ;
#1106 = CARTESIAN_POINT ( 'NONE',  ( -13.27437884373009069, -2.316785285655944993, -0.3885211220783353903 ) ) ;
#1107 = DIRECTION ( 'NONE',  ( -0.000000000000000000, -1.000000000000000000, -0.000000000000000000 ) ) ;
#1108 = DIRECTION ( 'NONE',  ( 0.000000000000000000, 0.000000000000000000, -1.000000000000000000 ) ) ;
#1109 = EDGE_LOOP ( 'NONE', ( #5083, #2036, #1903, #326, #2490, #2796 ) ) ;
#1110 = CARTESIAN_POINT ( 'NONE',  ( -11.79999999999998650, 0.4000000000000000222, 4.249999999999995559 ) ) ;
#1111 = EDGE_CURVE ( 'NONE', #894, #134, #1171, .T. ) ;
#1112 = LINE ( 'NONE', #3999, #3565 ) ;
#1113 = ORIENTED_EDGE ( 'NONE', *, *, #4348, .F. ) ;
#1114 = LINE ( 'NONE', #2547, #4059 ) ;
#1115 = ORIENTED_EDGE ( 'NONE', *, *, #588, .F. ) ;
#1116 = DIRECTION ( 'NONE',  ( -0.1261957170358934122, 0.9881692757356407286, -0.08715574274765837404 ) ) ;
#1117 =( BOUNDED_CURVE ( )  B_SPLINE_CURVE ( 3, ( #5040, #2618, #799, #1186 ),
 .UNSPECIFIED., .F., .F. ) 
 B_SPLINE_CURVE_WITH_KNOTS ( ( 4, 4 ),
 ( 3.166969633147128427, 3.179079054191777498 ),
 .UNSPECIFIED. ) 
 CURVE ( )  GEOMETRIC_REPRESENTATION_ITEM ( )  RATIONAL_B_SPLINE_CURVE ( ( 1.000000000000000000, 0.9999877801974946800, 0.9999877801974946800, 1.000000000000000000 ) ) 
 REPRESENTATION_ITEM ( '' )  );
#1118 = CARTESIAN_POINT ( 'NONE',  ( 13.10000000000001563, -4.258735985261888679, 6.777793669235156138 ) ) ;
#1119 = DIRECTION ( 'NONE',  ( -0.6427876096865438038, 0.000000000000000000, 0.7660444431189743497 ) ) ;
#1120 = FACE_BOUND ( 'NONE', #2135, .T. ) ;
#1121 = ORIENTED_EDGE ( 'NONE', *, *, #113, .F. ) ;
#1122 = EDGE_CURVE ( 'NONE', #889, #3611, #5881, .T. ) ;
#1123 = EDGE_LOOP ( 'NONE', ( #5251, #884, #2400, #1765 ) ) ;
#1124 = VERTEX_POINT ( 'NONE', #5027 ) ;
#1125 = FACE_OUTER_BOUND ( 'NONE', #1334, .T. ) ;
#1126 = PLANE ( 'NONE',  #1455 ) ;
#1127 = ORIENTED_EDGE ( 'NONE', *, *, #2690, .T. ) ;
#1128 = CARTESIAN_POINT ( 'NONE',  ( -4.400000000000479972, 32.74999999999997158, 10.27283860147173300 ) ) ;
#1129 = LINE ( 'NONE', #3040, #4765 ) ;
#1130 = EDGE_CURVE ( 'NONE', #142, #1665, #5911, .T. ) ;
#1131 = EDGE_CURVE ( 'NONE', #2226, #5964, #91, .T. ) ;
#1132 = ORIENTED_EDGE ( 'NONE', *, *, #2748, .T. ) ;
#1133 = EDGE_LOOP ( 'NONE', ( #2146, #3244, #2213, #63 ) ) ;
#1134 = DIRECTION ( 'NONE',  ( -0.8660254037844385966, 0.000000000000000000, -0.5000000000000000000 ) ) ;
#1135 = EDGE_CURVE ( 'NONE', #3117, #3345, #3924, .T. ) ;
#1136 = CARTESIAN_POINT ( 'NONE',  ( 11.70000000000001350, 15.49999999999990230, 19.71912865872952736 ) ) ;
#1137 = FACE_OUTER_BOUND ( 'NONE', #3267, .T. ) ;
#1138 = CARTESIAN_POINT ( 'NONE',  ( -13.72099548483958209, 37.31613591072282787, 9.772140125975662173 ) ) ;
#1139 = EDGE_CURVE ( 'NONE', #1326, #4846, #5468, .T. ) ;
#1140 = ORIENTED_EDGE ( 'NONE', *, *, #3607, .F. ) ;
#1141 = LINE ( 'NONE', #4970, #981 ) ;
#1142 = CARTESIAN_POINT ( 'NONE',  ( 12.18067608103243948, 36.87842795731026513, -6.650000000000003020 ) ) ;
#1143 = EDGE_CURVE ( 'NONE', #3765, #2686, #3046, .T. ) ;
#1144 = ORIENTED_EDGE ( 'NONE', *, *, #5277, .F. ) ;
#1145 = DIRECTION ( 'NONE',  ( 0.000000000000000000, -1.000000000000000000, -0.000000000000000000 ) ) ;
#1146 = EDGE_LOOP ( 'NONE', ( #5926, #4234, #4620, #2123 ) ) ;
#1147 = DIRECTION ( 'NONE',  ( -1.000000000000000000, -1.734723475976559392E-14, 0.000000000000000000 ) ) ;
#1148 = CARTESIAN_POINT ( 'NONE',  ( -13.69999999999998330, 38.45771770183010574, 7.296259551920313058 ) ) ;
#1149 = DIRECTION ( 'NONE',  ( -1.000000000000000000, 0.000000000000000000, 0.000000000000000000 ) ) ;
#1150 = VECTOR ( 'NONE', #677, 999.9999999999998863 ) ;
#1151 = CARTESIAN_POINT ( 'NONE',  ( -8.667855983456234981, 37.60306926933811411, 3.749999999999996003 ) ) ;
#1152 = ORIENTED_EDGE ( 'NONE', *, *, #898, .F. ) ;
#1153 = ORIENTED_EDGE ( 'NONE', *, *, #5352, .T. ) ;
#1154 =( BOUNDED_CURVE ( )  B_SPLINE_CURVE ( 3, ( #3741, #5662, #890, #6009 ),
 .UNSPECIFIED., .F., .F. ) 
 B_SPLINE_CURVE_WITH_KNOTS ( ( 4, 4 ),
 ( 3.141592653589793116, 3.185463443808120854 ),
 .UNSPECIFIED. ) 
 CURVE ( )  GEOMETRIC_REPRESENTATION_ITEM ( )  RATIONAL_B_SPLINE_CURVE ( ( 1.000000000000000000, 0.9998396192447108755, 0.9998396192447108755, 1.000000000000000000 ) ) 
 REPRESENTATION_ITEM ( '' )  );
#1155 = DIRECTION ( 'NONE',  ( 1.652117596168388002E-16, 0.000000000000000000, 1.000000000000000000 ) ) ;
#1156 = EDGE_CURVE ( 'NONE', #6163, #809, #3018, .T. ) ;
#1157 = CARTESIAN_POINT ( 'NONE',  ( -12.69999999999998508, 37.47258879855520775, -6.733503860576043110 ) ) ;
#1158 = ORIENTED_EDGE ( 'NONE', *, *, #4837, .F. ) ;
#1159 = AXIS2_PLACEMENT_3D ( 'NONE', #491, #4354, #5401 ) ;
#1160 = LINE ( 'NONE', #4515, #732 ) ;
#1161 = LINE ( 'NONE', #5460, #4166 ) ;
#1162 = AXIS2_PLACEMENT_3D ( 'NONE', #3008, #5801, #3488 ) ;
#1163 = EDGE_LOOP ( 'NONE', ( #1921, #1948, #405, #111 ) ) ;
#1164 = ORIENTED_EDGE ( 'NONE', *, *, #3506, .F. ) ;
#1165 = AXIS2_PLACEMENT_3D ( 'NONE', #1753, #5055, #4139 ) ;
#1166 = VECTOR ( 'NONE', #3263, 1000.000000000000114 ) ;
#1167 = VECTOR ( 'NONE', #977, 1000.000000000000000 ) ;
#1168 = CARTESIAN_POINT ( 'NONE',  ( 12.70000000000001350, -5.226631456848068957, -7.250000000000002665 ) ) ;
#1169 = AXIS2_PLACEMENT_3D ( 'NONE', #3610, #1456, #3253 ) ;
#1170 = VECTOR ( 'NONE', #4246, 1000.000000000000000 ) ;
#1171 = LINE ( 'NONE', #3111, #3530 ) ;
#1172 = CARTESIAN_POINT ( 'NONE',  ( 8.846410161513773573, 36.39999999999999858, 3.749999999999992006 ) ) ;
#1173 = EDGE_CURVE ( 'NONE', #1060, #2837, #695, .T. ) ;
#1174 = ORIENTED_EDGE ( 'NONE', *, *, #5733, .F. ) ;
#1175 = ADVANCED_FACE ( 'NONE', ( #5971 ), #1615, .T. ) ;
#1176 = FACE_BOUND ( 'NONE', #4601, .T. ) ;
#1177 = CARTESIAN_POINT ( 'NONE',  ( 10.00000000000006750, 15.49999999999990941, -3.750000000000003553 ) ) ;
#1178 = EDGE_CURVE ( 'NONE', #4081, #3220, #628, .T. ) ;
#1179 = ORIENTED_EDGE ( 'NONE', *, *, #1272, .T. ) ;
#1180 = CARTESIAN_POINT ( 'NONE',  ( 12.80000000000001670, 36.39999999999999858, 6.032606157515393086 ) ) ;
#1181 = VERTEX_POINT ( 'NONE', #4494 ) ;
#1182 = EDGE_CURVE ( 'NONE', #79, #5048, #4051, .T. ) ;
#1183 = PLANE ( 'NONE',  #545 ) ;
#1184 = DIRECTION ( 'NONE',  ( -1.000000000000000000, 0.000000000000000000, 0.000000000000000000 ) ) ;
#1185 = VECTOR ( 'NONE', #5556, 1000.000000000000000 ) ;
#1186 = CARTESIAN_POINT ( 'NONE',  ( -13.69999999999998508, -1.727981330668022952, -0.3488893001069729438 ) ) ;
#1187 = VECTOR ( 'NONE', #336, 1000.000000000000000 ) ;
#1188 = VERTEX_POINT ( 'NONE', #1677 ) ;
#1189 = VERTEX_POINT ( 'NONE', #5439 ) ;
#1190 = DIRECTION ( 'NONE',  ( -1.000000000000000000, 9.152473339398452923E-15, 0.000000000000000000 ) ) ;
#1191 = LINE ( 'NONE', #4483, #4156 ) ;
#1192 = ADVANCED_FACE ( 'NONE', ( #1137 ), #664, .F. ) ;
#1193 = AXIS2_PLACEMENT_3D ( 'NONE', #2956, #2515, #4874 ) ;
#1194 = ORIENTED_EDGE ( 'NONE', *, *, #867, .T. ) ;
#1195 = DIRECTION ( 'NONE',  ( 0.000000000000000000, -0.01172045849124869234, 0.9999313130674301053 ) ) ;
#1196 = EDGE_CURVE ( 'NONE', #1516, #537, #3585, .T. ) ;
#1197 = FACE_OUTER_BOUND ( 'NONE', #1620, .T. ) ;
#1198 = ORIENTED_EDGE ( 'NONE', *, *, #6060, .T. ) ;
#1199 = ORIENTED_EDGE ( 'NONE', *, *, #5546, .T. ) ;
#1200 = FACE_OUTER_BOUND ( 'NONE', #3400, .T. ) ;
#1201 = LINE ( 'NONE', #3672, #1078 ) ;
#1202 = DIRECTION ( 'NONE',  ( -1.000000000000000000, 0.000000000000000000, 0.000000000000000000 ) ) ;
#1203 = CARTESIAN_POINT ( 'NONE',  ( 11.70000000000001350, 0.5000000000000000000, -3.750000000000003109 ) ) ;
#1204 = EDGE_LOOP ( 'NONE', ( #5485, #4941, #1617 ) ) ;
#1205 = EDGE_CURVE ( 'NONE', #2818, #1734, #3459, .T. ) ;
#1206 = PLANE ( 'NONE',  #2288 ) ;
#1207 = CARTESIAN_POINT ( 'NONE',  ( 13.01835225123062756, 0.2065675701680945442, -5.053015872697378619 ) ) ;
#1208 = VECTOR ( 'NONE', #3747, 1000.000000000000000 ) ;
#1209 = ORIENTED_EDGE ( 'NONE', *, *, #51, .T. ) ;
#1210 = CARTESIAN_POINT ( 'NONE',  ( -11.79999999999998650, 36.39999999999999858, 3.749999999999996003 ) ) ;
#1211 = EDGE_CURVE ( 'NONE', #2713, #3216, #2753, .T. ) ;
#1212 = EDGE_CURVE ( 'NONE', #4838, #2758, #2196, .T. ) ;
#1213 = VERTEX_POINT ( 'NONE', #754 ) ;
#1214 = DIRECTION ( 'NONE',  ( -0.000000000000000000, -0.000000000000000000, -1.000000000000000000 ) ) ;
#1215 = CARTESIAN_POINT ( 'NONE',  ( -11.66371609054521841, 0.000000000000000000, 7.320370016855343387 ) ) ;
#1216 = DIRECTION ( 'NONE',  ( 0.1327528877080237923, 0.3782324969206076193, -0.9161423738035391340 ) ) ;
#1217 = VERTEX_POINT ( 'NONE', #3202 ) ;
#1218 = ORIENTED_EDGE ( 'NONE', *, *, #4012, .T. ) ;
#1219 = VECTOR ( 'NONE', #2202, 1000.000000000000114 ) ;
#1220 = DIRECTION ( 'NONE',  ( -9.152473339398452923E-15, -1.000000000000000000, 0.000000000000000000 ) ) ;
#1221 = CARTESIAN_POINT ( 'NONE',  ( 12.20000000000001705, 31.00000000000000355, 3.749999999999996003 ) ) ;
#1222 = ORIENTED_EDGE ( 'NONE', *, *, #2943, .F. ) ;
#1223 = CARTESIAN_POINT ( 'NONE',  ( -2.799997609695374923, 8.749999999999989342, 10.27283860147173300 ) ) ;
#1224 = ADVANCED_FACE ( 'NONE', ( #1350 ), #285, .T. ) ;
#1225 = ORIENTED_EDGE ( 'NONE', *, *, #3699, .T. ) ;
#1226 = VERTEX_POINT ( 'NONE', #374 ) ;
#1227 = LINE ( 'NONE', #456, #1687 ) ;
#1228 = PLANE ( 'NONE',  #1165 ) ;
#1229 = DIRECTION ( 'NONE',  ( 1.000000000000000000, 1.651803043972276767E-17, -1.888019518646348113E-16 ) ) ;
#1230 = VERTEX_POINT ( 'NONE', #311 ) ;
#1231 = EDGE_CURVE ( 'NONE', #5210, #2646, #843, .T. ) ;
#1232 = FACE_OUTER_BOUND ( 'NONE', #5991, .T. ) ;
#1233 = DIRECTION ( 'NONE',  ( 0.000000000000000000, -0.5735764363510412744, 0.8191520442889951292 ) ) ;
#1234 = DIRECTION ( 'NONE',  ( 1.000000000000000000, 0.000000000000000000, 0.000000000000000000 ) ) ;
#1235 = VERTEX_POINT ( 'NONE', #3137 ) ;
#1236 = DIRECTION ( 'NONE',  ( 0.000000000000000000, 0.08715574274765836016, -0.9961946980917455452 ) ) ;
#1237 = CIRCLE ( 'NONE', #2778, 0.6000000000000008660 ) ;
#1238 = ORIENTED_EDGE ( 'NONE', *, *, #6199, .T. ) ;
#1239 = DIRECTION ( 'NONE',  ( 1.000000000000000000, -0.000000000000000000, -0.000000000000000000 ) ) ;
#1240 = VECTOR ( 'NONE', #2676, 1000.000000000000000 ) ;
#1241 = CARTESIAN_POINT ( 'NONE',  ( -2.000003073249075669, 8.749999999999989342, -7.250000000000002665 ) ) ;
#1242 = EDGE_CURVE ( 'NONE', #5681, #4447, #3171, .T. ) ;
#1243 = DIRECTION ( 'NONE',  ( -1.000000000000000000, 0.000000000000000000, 0.000000000000000000 ) ) ;
#1244 = ORIENTED_EDGE ( 'NONE', *, *, #4900, .F. ) ;
#1245 = ADVANCED_FACE ( 'NONE', ( #5589 ), #6056, .T. ) ;
#1246 = ORIENTED_EDGE ( 'NONE', *, *, #6100, .T. ) ;
#1247 = CARTESIAN_POINT ( 'NONE',  ( -6.800000000000350653, 2.749999999999948486, -5.750000000000001776 ) ) ;
#1248 = ADVANCED_FACE ( 'NONE', ( #2692 ), #1228, .T. ) ;
#1249 = CARTESIAN_POINT ( 'NONE',  ( 13.70000000000001350, -1.727981330668019844, -0.3488893001069729438 ) ) ;
#1250 = PLANE ( 'NONE',  #555 ) ;
#1251 = ORIENTED_EDGE ( 'NONE', *, *, #1899, .F. ) ;
#1252 = DIRECTION ( 'NONE',  ( 1.000000000000000000, -0.000000000000000000, -0.000000000000000000 ) ) ;
#1253 = VECTOR ( 'NONE', #2026, 1000.000000000000000 ) ;
#1254 = ORIENTED_EDGE ( 'NONE', *, *, #476, .F. ) ;
#1255 = ORIENTED_EDGE ( 'NONE', *, *, #5347, .F. ) ;
#1256 = DIRECTION ( 'NONE',  ( 1.000000000000000000, 0.000000000000000000, 0.000000000000000000 ) ) ;
#1257 = CARTESIAN_POINT ( 'NONE',  ( 8.846417935497044027, 37.60514633016694575, 3.749999999999992895 ) ) ;
#1258 = VECTOR ( 'NONE', #2027, 1000.000000000000000 ) ;
#1259 = FACE_OUTER_BOUND ( 'NONE', #6, .T. ) ;
#1260 = LINE ( 'NONE', #908, #5978 ) ;
#1261 = VECTOR ( 'NONE', #840, 1000.000000000000000 ) ;
#1262 = VECTOR ( 'NONE', #3082, 1000.000000000000000 ) ;
#1263 = ORIENTED_EDGE ( 'NONE', *, *, #5030, .F. ) ;
#1264 = CARTESIAN_POINT ( 'NONE',  ( 11.91105583518257660, 36.39999999999999858, 5.519374004663497146 ) ) ;
#1265 = CARTESIAN_POINT ( 'NONE',  ( -2.799997609695375811, 26.75000000000001776, 10.27283860147173300 ) ) ;
#1266 = VECTOR ( 'NONE', #356, 1000.000000000000000 ) ;
#1267 = DIRECTION ( 'NONE',  ( -5.059610138265671910E-16, -1.000000000000000000, 0.000000000000000000 ) ) ;
#1268 = ORIENTED_EDGE ( 'NONE', *, *, #5360, .F. ) ;
#1269 = LINE ( 'NONE', #3146, #531 ) ;
#1270 = ORIENTED_EDGE ( 'NONE', *, *, #4016, .F. ) ;
#1271 = DIRECTION ( 'NONE',  ( -3.758567531283122007E-15, 1.000000000000000000, 0.000000000000000000 ) ) ;
#1272 = EDGE_CURVE ( 'NONE', #5454, #2075, #6025, .T. ) ;
#1273 = CARTESIAN_POINT ( 'NONE',  ( -12.19999999999998508, 36.39999999999999858, -3.750000000000003109 ) ) ;
#1274 = EDGE_LOOP ( 'NONE', ( #4421, #4122, #2926, #2152 ) ) ;
#1275 = VERTEX_POINT ( 'NONE', #4206 ) ;
#1276 = ORIENTED_EDGE ( 'NONE', *, *, #806, .F. ) ;
#1277 = ORIENTED_EDGE ( 'NONE', *, *, #2162, .T. ) ;
#1278 = DIRECTION ( 'NONE',  ( -1.000000000000000000, -0.000000000000000000, -0.000000000000000000 ) ) ;
#1279 = CARTESIAN_POINT ( 'NONE',  ( -12.19999999999999218, 8.000000000000000000, 14.78477331392862659 ) ) ;
#1280 = CARTESIAN_POINT ( 'NONE',  ( 10.00000000000003908, 16.74999999999999645, -7.250000000000002665 ) ) ;
#1281 = VECTOR ( 'NONE', #3736, 1000.000000000000000 ) ;
#1282 = ORIENTED_EDGE ( 'NONE', *, *, #959, .T. ) ;
#1283 = CARTESIAN_POINT ( 'NONE',  ( -13.09999999999998543, -1.769591543140630163, -0.1935978730454632479 ) ) ;
#1284 = VECTOR ( 'NONE', #642, 1000.000000000000000 ) ;
#1285 = EDGE_LOOP ( 'NONE', ( #4703, #6040, #5122, #4812 ) ) ;
#1286 = ORIENTED_EDGE ( 'NONE', *, *, #5763, .F. ) ;
#1287 = DIRECTION ( 'NONE',  ( 0.000000000000000000, 0.000000000000000000, -1.000000000000000000 ) ) ;
#1288 = VECTOR ( 'NONE', #5914, 1000.000000000000000 ) ;
#1289 = DIRECTION ( 'NONE',  ( -2.891205793294681383E-15, -0.8191520442889963505, -0.5735764363510396091 ) ) ;
#1290 = CARTESIAN_POINT ( 'NONE',  ( -13.69820326008327882, 37.93217520385230301, -0.3612888011710516656 ) ) ;
#1291 = DIRECTION ( 'NONE',  ( -0.08715574274765836016, 0.000000000000000000, -0.9961946980917455452 ) ) ;
#1292 = CARTESIAN_POINT ( 'NONE',  ( 12.18067608103243948, 0.3468173662064334417, -6.878966038371442160 ) ) ;
#1293 = ORIENTED_EDGE ( 'NONE', *, *, #3888, .F. ) ;
#1294 = DIRECTION ( 'NONE',  ( -1.000000000000000000, -4.047688110612522540E-15, 0.000000000000000000 ) ) ;
#1295 = EDGE_CURVE ( 'NONE', #617, #4153, #4173, .T. ) ;
#1296 = CARTESIAN_POINT ( 'NONE',  ( 6.800000000000003375, 26.75000000000001776, -7.250000000000002665 ) ) ;
#1297 = DIRECTION ( 'NONE',  ( -0.000000000000000000, -1.000000000000000000, -0.000000000000000000 ) ) ;
#1298 = ORIENTED_EDGE ( 'NONE', *, *, #3397, .F. ) ;
#1299 = CARTESIAN_POINT ( 'NONE',  ( 12.18067608103243948, 36.87842795731026513, -6.650000000000003020 ) ) ;
#1300 = ADVANCED_FACE ( 'NONE', ( #5120 ), #5185, .F. ) ;
#1301 = ORIENTED_EDGE ( 'NONE', *, *, #5580, .T. ) ;
#1302 = VECTOR ( 'NONE', #5865, 1000.000000000000000 ) ;
#1303 = DIRECTION ( 'NONE',  ( -0.000000000000000000, -0.2588190451025155769, 0.9659258262890696445 ) ) ;
#1304 = CARTESIAN_POINT ( 'NONE',  ( -12.19999999999999218, 8.000000000000000000, 3.749999999999996003 ) ) ;
#1305 = ORIENTED_EDGE ( 'NONE', *, *, #3916, .T. ) ;
#1306 = CARTESIAN_POINT ( 'NONE',  ( -12.98550747203142208, -0.7142106710893348920, 8.053356088456670392 ) ) ;
#1307 = EDGE_LOOP ( 'NONE', ( #4102, #994, #2973, #4218 ) ) ;
#1308 = ORIENTED_EDGE ( 'NONE', *, *, #1360, .F. ) ;
#1309 = CARTESIAN_POINT ( 'NONE',  ( -2.000003073249077890, 26.75000000000001066, -7.250000000000002665 ) ) ;
#1310 = LINE ( 'NONE', #2280, #3051 ) ;
#1311 = DIRECTION ( 'NONE',  ( -1.000000000000000000, -4.047688110612576182E-15, 0.000000000000000000 ) ) ;
#1312 = ORIENTED_EDGE ( 'NONE', *, *, #5123, .F. ) ;
#1313 = DIRECTION ( 'NONE',  ( -2.252887631138710800E-16, 0.000000000000000000, -1.000000000000000000 ) ) ;
#1314 = CIRCLE ( 'NONE', #1517, 0.5999999999999992006 ) ;
#1315 = ADVANCED_FACE ( 'NONE', ( #1259 ), #880, .T. ) ;
#1316 = ORIENTED_EDGE ( 'NONE', *, *, #4142, .F. ) ;
#1317 = DIRECTION ( 'NONE',  ( 0.000000000000000000, 0.000000000000000000, 1.000000000000000000 ) ) ;
#1318 = VECTOR ( 'NONE', #437, 1000.000000000000000 ) ;
#1319 = CARTESIAN_POINT ( 'NONE',  ( 13.69810633237131547, -1.890128950216680259, -0.3619577100414242410 ) ) ;
#1320 = CARTESIAN_POINT ( 'NONE',  ( -13.41484214937407060, 38.30415940888908466, -0.3635257426650971846 ) ) ;
#1321 = EDGE_LOOP ( 'NONE', ( #3162, #287, #4943, #2070, #2784, #5104 ) ) ;
#1322 = ADVANCED_FACE ( 'NONE', ( #6092 ), #1820, .T. ) ;
#1323 = EDGE_CURVE ( 'NONE', #3989, #5462, #5618, .T. ) ;
#1324 = CARTESIAN_POINT ( 'NONE',  ( -12.77447440631193487, 0.4999999999999973910, -6.736043877732428520 ) ) ;
#1325 = DIRECTION ( 'NONE',  ( -0.5065490486308656948, 0.01010550995448437905, -0.8621519239668403722 ) ) ;
#1326 = VERTEX_POINT ( 'NONE', #5651 ) ;
#1327 = ADVANCED_FACE ( 'NONE', ( #2171 ), #4087, .T. ) ;
#1328 = CARTESIAN_POINT ( 'NONE',  ( 4.400000000000056311, 8.749999999999991118, -7.250000000000002665 ) ) ;
#1329 = EDGE_CURVE ( 'NONE', #6187, #279, #4584, .T. ) ;
#1330 = CARTESIAN_POINT ( 'NONE',  ( 7.200000000000004619, 2.499999999999996003, 3.750000000000003553 ) ) ;
#1331 = ADVANCED_FACE ( 'NONE', ( #5684 ), #2877, .T. ) ;
#1332 = DIRECTION ( 'NONE',  ( 2.312964634635742957E-16, 0.000000000000000000, 1.000000000000000000 ) ) ;
#1333 = DIRECTION ( 'NONE',  ( 1.000000000000000000, 0.000000000000000000, 0.000000000000000000 ) ) ;
#1334 = EDGE_LOOP ( 'NONE', ( #2769, #3696, #4244, #3428 ) ) ;
#1335 = CARTESIAN_POINT ( 'NONE',  ( 5.200000000000057021, 8.749999999999991118, -7.250000000000002665 ) ) ;
#1336 = CARTESIAN_POINT ( 'NONE',  ( 13.70000000000001883, -0.3966919622474043838, 6.840836774656925634 ) ) ;
#1337 = EDGE_LOOP ( 'NONE', ( #5330, #2352, #1403, #4047, #1218, #5798 ) ) ;
#1338 = DIRECTION ( 'NONE',  ( 1.000000000000000000, 0.000000000000000000, 0.000000000000000000 ) ) ;
#1339 = ORIENTED_EDGE ( 'NONE', *, *, #4990, .T. ) ;
#1340 = ORIENTED_EDGE ( 'NONE', *, *, #5159, .F. ) ;
#1341 = CARTESIAN_POINT ( 'NONE',  ( 8.699993457651235218, 33.39999999999991331, 19.71912865872952736 ) ) ;
#1342 = CARTESIAN_POINT ( 'NONE',  ( -2.000003073249074781, 2.749999999999976463, -5.750000000000001776 ) ) ;
#1343 = DIRECTION ( 'NONE',  ( 1.000000000000000000, 5.821170487863229618E-15, -3.272829553347287155E-15 ) ) ;
#1344 = ORIENTED_EDGE ( 'NONE', *, *, #1435, .T. ) ;
#1345 = DIRECTION ( 'NONE',  ( -1.000000000000000000, -1.969458729228474914E-18, 1.680244381753474019E-16 ) ) ;
#1346 = ORIENTED_EDGE ( 'NONE', *, *, #2149, .F. ) ;
#1347 = DIRECTION ( 'NONE',  ( -3.614007241618413063E-15, 1.000000000000000000, 0.000000000000000000 ) ) ;
#1348 = DIRECTION ( 'NONE',  ( 3.469446951953611033E-15, 1.000000000000000000, 0.000000000000000000 ) ) ;
#1349 = ORIENTED_EDGE ( 'NONE', *, *, #4555, .T. ) ;
#1350 = FACE_OUTER_BOUND ( 'NONE', #1274, .T. ) ;
#1351 = LINE ( 'NONE', #1700, #2358 ) ;
#1352 = VECTOR ( 'NONE', #453, 1000.000000000000000 ) ;
#1353 = ORIENTED_EDGE ( 'NONE', *, *, #2043, .F. ) ;
#1354 = ORIENTED_EDGE ( 'NONE', *, *, #3149, .F. ) ;
#1355 = VECTOR ( 'NONE', #4720, 1000.000000000000000 ) ;
#1356 = CARTESIAN_POINT ( 'NONE',  ( -11.79999999999998650, 0.4000000000000000222, 4.249999999999995559 ) ) ;
#1357 = CARTESIAN_POINT ( 'NONE',  ( -8.667819926235441841, 36.39999999999999858, 3.749999999999996003 ) ) ;
#1358 = VECTOR ( 'NONE', #860, 1000.000000000000000 ) ;
#1359 = CARTESIAN_POINT ( 'NONE',  ( 7.200000000000002842, 0.4000000000000000222, 11.94999999999999574 ) ) ;
#1360 = EDGE_CURVE ( 'NONE', #3134, #1188, #6184, .T. ) ;
#1361 = VECTOR ( 'NONE', #516, 1000.000000000000000 ) ;
#1362 = CARTESIAN_POINT ( 'NONE',  ( 13.10000000000001563, -4.258735985261888679, 6.777793669235156138 ) ) ;
#1363 = EDGE_CURVE ( 'NONE', #2954, #6163, #3417, .T. ) ;
#1364 = ORIENTED_EDGE ( 'NONE', *, *, #4580, .T. ) ;
#1365 = VECTOR ( 'NONE', #1475, 1000.000000000000000 ) ;
#1366 = AXIS2_PLACEMENT_3D ( 'NONE', #3829, #5846, #5413 ) ;
#1367 = CARTESIAN_POINT ( 'NONE',  ( 13.70000000000001528, 0.5330757180935511430, 5.512990915244730949 ) ) ;
#1368 = DIRECTION ( 'NONE',  ( 0.000000000000000000, 0.000000000000000000, -1.000000000000000000 ) ) ;
#1369 = EDGE_CURVE ( 'NONE', #4187, #3100, #1440, .T. ) ;
#1370 = VECTOR ( 'NONE', #718, 1000.000000000000000 ) ;
#1371 = EDGE_LOOP ( 'NONE', ( #191, #821, #19, #3034 ) ) ;
#1372 = DIRECTION ( 'NONE',  ( 1.000000000000000000, 2.168419154064127366E-15, 0.000000000000000000 ) ) ;
#1373 = ORIENTED_EDGE ( 'NONE', *, *, #2203, .T. ) ;
#1374 = ORIENTED_EDGE ( 'NONE', *, *, #3201, .F. ) ;
#1375 = LINE ( 'NONE', #4602, #1799 ) ;
#1376 = DIRECTION ( 'NONE',  ( 1.000000000000000000, -0.000000000000000000, -0.000000000000000000 ) ) ;
#1377 = CARTESIAN_POINT ( 'NONE',  ( 9.200000000000040146, 16.74999999999999645, -7.250000000000002665 ) ) ;
#1378 = ADVANCED_FACE ( 'NONE', ( #2379 ), #1028, .T. ) ;
#1379 = ORIENTED_EDGE ( 'NONE', *, *, #6017, .T. ) ;
#1380 = ORIENTED_EDGE ( 'NONE', *, *, #2961, .T. ) ;
#1381 = AXIS2_PLACEMENT_3D ( 'NONE', #2296, #4617, #3236 ) ;
#1382 = LINE ( 'NONE', #839, #5495 ) ;
#1383 = ADVANCED_FACE ( 'NONE', ( #5738 ), #4357, .F. ) ;
#1384 = CARTESIAN_POINT ( 'NONE',  ( 9.200000000000002842, 18.75000000000000355, -5.750000000000002665 ) ) ;
#1385 = EDGE_CURVE ( 'NONE', #3951, #3936, #3357, .T. ) ;
#1386 = ORIENTED_EDGE ( 'NONE', *, *, #5199, .F. ) ;
#1387 = VECTOR ( 'NONE', #1704, 1000.000000000000000 ) ;
#1388 = FACE_OUTER_BOUND ( 'NONE', #4570, .T. ) ;
#1389 = DIRECTION ( 'NONE',  ( 1.000000000000000000, 4.047688110612522540E-15, 0.000000000000000000 ) ) ;
#1390 = VERTEX_POINT ( 'NONE', #2405 ) ;
#1391 = ORIENTED_EDGE ( 'NONE', *, *, #4513, .F. ) ;
#1392 = CARTESIAN_POINT ( 'NONE',  ( 13.18267331203658088, -3.659962908907216317, 6.498636809136426606 ) ) ;
#1393 = CARTESIAN_POINT ( 'NONE',  ( 7.599999999999610623, 16.74999999999999645, -7.250000000000002665 ) ) ;
#1394 = LINE ( 'NONE', #2480, #5322 ) ;
#1395 = CARTESIAN_POINT ( 'NONE',  ( -13.69996159345883058, 37.77604674298502374, -0.3491543478990766780 ) ) ;
#1396 = ADVANCED_FACE ( 'NONE', ( #4297 ), #526, .T. ) ;
#1397 = CARTESIAN_POINT ( 'NONE',  ( -9.199999999999930012, 8.749999999999989342, -7.250000000000002665 ) ) ;
#1398 = EDGE_LOOP ( 'NONE', ( #5481, #1270, #4470 ) ) ;
#1399 = DIRECTION ( 'NONE',  ( -0.9919439218342780418, -0.1266777641736367144, 0.000000000000000000 ) ) ;
#1400 = LINE ( 'NONE', #1304, #6074 ) ;
#1401 = ADVANCED_FACE ( 'NONE', ( #403 ), #4327, .T. ) ;
#1402 = EDGE_CURVE ( 'NONE', #5687, #1390, #2321, .T. ) ;
#1403 = ORIENTED_EDGE ( 'NONE', *, *, #4900, .T. ) ;
#1404 = FACE_OUTER_BOUND ( 'NONE', #2448, .T. ) ;
#1405 = ORIENTED_EDGE ( 'NONE', *, *, #2155, .T. ) ;
#1406 = EDGE_LOOP ( 'NONE', ( #4322, #5728, #1924, #6095 ) ) ;
#1407 = CARTESIAN_POINT ( 'NONE',  ( -11.79999999999998650, 31.00000000000000355, 3.749999999999996003 ) ) ;
#1408 = CARTESIAN_POINT ( 'NONE',  ( 10.19338422907795128, -4.319557166730928266, 11.57940667508160182 ) ) ;
#1409 = DIRECTION ( 'NONE',  ( 1.000000000000000000, -0.000000000000000000, -0.000000000000000000 ) ) ;
#1410 = EDGE_CURVE ( 'NONE', #5010, #44, #4232, .T. ) ;
#1411 = ORIENTED_EDGE ( 'NONE', *, *, #1819, .F. ) ;
#1412 = CARTESIAN_POINT ( 'NONE',  ( 6.800000000000067324, 8.749999999999991118, 10.27283860147173300 ) ) ;
#1413 = CARTESIAN_POINT ( 'NONE',  ( -11.70000654234883086, 12.49999999999999112, -5.750000000000002665 ) ) ;
#1414 = VERTEX_POINT ( 'NONE', #3847 ) ;
#1415 = DIRECTION ( 'NONE',  ( 0.000000000000000000, 1.000000000000000000, 0.000000000000000000 ) ) ;
#1416 = LINE ( 'NONE', #2380, #5876 ) ;
#1417 = ORIENTED_EDGE ( 'NONE', *, *, #867, .F. ) ;
#1418 = VERTEX_POINT ( 'NONE', #6153 ) ;
#1419 = FACE_OUTER_BOUND ( 'NONE', #1109, .T. ) ;
#1420 = DIRECTION ( 'NONE',  ( 3.469446951953611033E-15, 1.000000000000000000, 0.000000000000000000 ) ) ;
#1421 = LINE ( 'NONE', #5720, #5126 ) ;
#1422 = LINE ( 'NONE', #4833, #4169 ) ;
#1423 = LINE ( 'NONE', #3327, #560 ) ;
#1424 = VERTEX_POINT ( 'NONE', #2348 ) ;
#1425 = CARTESIAN_POINT ( 'NONE',  ( -13.10387457965496161, 38.36988080195934714, -0.3489395074167869204 ) ) ;
#1426 = CARTESIAN_POINT ( 'NONE',  ( 13.70000000000001883, -0.3966919622474043838, 6.840836774656925634 ) ) ;
#1427 = EDGE_LOOP ( 'NONE', ( #5994, #1153, #2126, #2173 ) ) ;
#1428 = CARTESIAN_POINT ( 'NONE',  ( 0.3999999999999040989, 16.74999999999999645, 10.27283860147173300 ) ) ;
#1429 = EDGE_LOOP ( 'NONE', ( #792, #3808, #1895, #3546 ) ) ;
#1430 = CARTESIAN_POINT ( 'NONE',  ( -11.79999999999998650, 36.00000000000000711, 3.749999999999996003 ) ) ;
#1431 = CARTESIAN_POINT ( 'NONE',  ( 0.3999999999999040989, 16.74999999999999645, -7.250000000000002665 ) ) ;
#1432 = FACE_OUTER_BOUND ( 'NONE', #4396, .T. ) ;
#1433 = DIRECTION ( 'NONE',  ( -1.000000000000000000, 0.000000000000000000, 0.000000000000000000 ) ) ;
#1434 = ADVANCED_FACE ( 'NONE', ( #1388 ), #3291, .F. ) ;
#1435 = EDGE_CURVE ( 'NONE', #134, #524, #5211, .T. ) ;
#1436 = ORIENTED_EDGE ( 'NONE', *, *, #471, .F. ) ;
#1437 = DIRECTION ( 'NONE',  ( 0.000000000000000000, -0.000000000000000000, 1.000000000000000000 ) ) ;
#1438 = DIRECTION ( 'NONE',  ( -1.000000000000000000, 4.625929269271482956E-15, 0.000000000000000000 ) ) ;
#1439 = EDGE_LOOP ( 'NONE', ( #2313, #4350, #1747, #166, #1405 ) ) ;
#1440 = LINE ( 'NONE', #5267, #5262 ) ;
#1441 = DIRECTION ( 'NONE',  ( -1.000000000000000000, 0.000000000000000000, 0.000000000000000000 ) ) ;
#1442 = VERTEX_POINT ( 'NONE', #1474 ) ;
#1443 = ORIENTED_EDGE ( 'NONE', *, *, #898, .T. ) ;
#1444 = EDGE_CURVE ( 'NONE', #3395, #270, #5047, .T. ) ;
#1445 = CARTESIAN_POINT ( 'NONE',  ( 12.18067608103243948, -5.226631456848068957, -6.650000000000003020 ) ) ;
#1446 = CARTESIAN_POINT ( 'NONE',  ( 11.70000000000001350, -7.716216689544156182, -5.750000000000002665 ) ) ;
#1447 = DIRECTION ( 'NONE',  ( 0.000000000000000000, 0.000000000000000000, -1.000000000000000000 ) ) ;
#1448 = FACE_OUTER_BOUND ( 'NONE', #2198, .T. ) ;
#1449 = CARTESIAN_POINT ( 'NONE',  ( 12.20000000000001705, 36.39999999999999858, 3.749999999999996447 ) ) ;
#1450 = EDGE_CURVE ( 'NONE', #5650, #2533, #4734, .T. ) ;
#1451 = VECTOR ( 'NONE', #3405, 1000.000000000000000 ) ;
#1452 = ORIENTED_EDGE ( 'NONE', *, *, #2800, .F. ) ;
#1453 = CARTESIAN_POINT ( 'NONE',  ( -12.18067608103241106, 36.87842795731026513, -6.650000000000003020 ) ) ;
#1454 = DIRECTION ( 'NONE',  ( -1.000000000000000000, 0.000000000000000000, -1.293183990532242395E-15 ) ) ;
#1455 = AXIS2_PLACEMENT_3D ( 'NONE', #4541, #3606, #3160 ) ;
#1456 = DIRECTION ( 'NONE',  ( 0.000000000000000000, 0.000000000000000000, -1.000000000000000000 ) ) ;
#1457 = ORIENTED_EDGE ( 'NONE', *, *, #5431, .F. ) ;
#1458 = DIRECTION ( 'NONE',  ( 1.000000000000000000, 2.782785576046121079E-15, 0.000000000000000000 ) ) ;
#1459 = VECTOR ( 'NONE', #1846, 1000.000000000000000 ) ;
#1460 = AXIS2_PLACEMENT_3D ( 'NONE', #3673, #4704, #1291 ) ;
#1461 = VECTOR ( 'NONE', #2605, 1000.000000000000000 ) ;
#1462 = EDGE_LOOP ( 'NONE', ( #2896, #546, #1457, #1689 ) ) ;
#1463 = ORIENTED_EDGE ( 'NONE', *, *, #337, .F. ) ;
#1464 = ADVANCED_FACE ( 'NONE', ( #4392 ), #4043, .F. ) ;
#1465 = LINE ( 'NONE', #2834, #1352 ) ;
#1466 = VECTOR ( 'NONE', #1490, 1000.000000000000000 ) ;
#1467 = DIRECTION ( 'NONE',  ( 0.000000000000000000, 1.000000000000000000, 0.000000000000000000 ) ) ;
#1468 = DIRECTION ( 'NONE',  ( 1.000000000000000000, 3.758567531283072309E-15, 0.000000000000000000 ) ) ;
#1469 = VECTOR ( 'NONE', #2360, 1000.000000000000000 ) ;
#1470 = ORIENTED_EDGE ( 'NONE', *, *, #5199, .T. ) ;
#1471 = DIRECTION ( 'NONE',  ( 0.000000000000000000, 1.000000000000000000, 0.000000000000000000 ) ) ;
#1472 = CARTESIAN_POINT ( 'NONE',  ( -16.53102328052232295, 38.29260856453596062, 1.311533184734440249 ) ) ;
#1473 = ORIENTED_EDGE ( 'NONE', *, *, #3839, .T. ) ;
#1474 = CARTESIAN_POINT ( 'NONE',  ( 11.70000000000001350, 15.49999999999990230, -5.750000000000001776 ) ) ;
#1475 = DIRECTION ( 'NONE',  ( 0.000000000000000000, 0.000000000000000000, -1.000000000000000000 ) ) ;
#1476 = EDGE_CURVE ( 'NONE', #2022, #2079, #2105, .T. ) ;
#1477 = ORIENTED_EDGE ( 'NONE', *, *, #631, .F. ) ;
#1478 = ORIENTED_EDGE ( 'NONE', *, *, #2465, .T. ) ;
#1479 = LINE ( 'NONE', #3388, #4260 ) ;
#1480 = DIRECTION ( 'NONE',  ( -3.469446951953611033E-15, 1.000000000000000000, 0.000000000000000000 ) ) ;
#1481 = VECTOR ( 'NONE', #1480, 1000.000000000000000 ) ;
#1482 = CARTESIAN_POINT ( 'NONE',  ( 5.200000000000082778, 16.74999999999999289, -7.250000000000002665 ) ) ;
#1483 = VECTOR ( 'NONE', #1287, 1000.000000000000000 ) ;
#1484 = DIRECTION ( 'NONE',  ( 4.336808689942006692E-15, 1.000000000000000000, 0.000000000000000000 ) ) ;
#1485 = LINE ( 'NONE', #1008, #5676 ) ;
#1486 = ORIENTED_EDGE ( 'NONE', *, *, #6207, .F. ) ;
#1487 = CARTESIAN_POINT ( 'NONE',  ( 11.80000000000001670, 36.00000000000000711, 14.78477331392862659 ) ) ;
#1488 = AXIS2_PLACEMENT_3D ( 'NONE', #5976, #1761, #1724 ) ;
#1489 = LINE ( 'NONE', #4374, #4472 ) ;
#1490 = DIRECTION ( 'NONE',  ( 3.469446951953609456E-15, -1.000000000000000000, 0.000000000000000000 ) ) ;
#1491 = ORIENTED_EDGE ( 'NONE', *, *, #3840, .F. ) ;
#1492 = CARTESIAN_POINT ( 'NONE',  ( 7.599999999999639044, 8.749999999999991118, 10.27283860147173300 ) ) ;
#1493 = ORIENTED_EDGE ( 'NONE', *, *, #1093, .F. ) ;
#1494 = CARTESIAN_POINT ( 'NONE',  ( 2.800001526826710663, 2.750000000000030198, 10.27283860147173300 ) ) ;
#1495 = CARTESIAN_POINT ( 'NONE',  ( -6.800000000000375522, 8.749999999999989342, -7.250000000000002665 ) ) ;
#1496 = DIRECTION ( 'NONE',  ( 0.000000000000000000, 0.000000000000000000, -1.000000000000000000 ) ) ;
#1497 = FACE_BOUND ( 'NONE', #1742, .T. ) ;
#1498 = EDGE_LOOP ( 'NONE', ( #1251, #3582, #3574, #4543, #4501 ) ) ;
#1499 = EDGE_LOOP ( 'NONE', ( #413, #3077, #363, #216 ) ) ;
#1500 = DIRECTION ( 'NONE',  ( 0.000000000000000000, -0.000000000000000000, 1.000000000000000000 ) ) ;
#1501 = DIRECTION ( 'NONE',  ( 0.000000000000000000, 0.000000000000000000, -1.000000000000000000 ) ) ;
#1502 = VECTOR ( 'NONE', #6015, 1000.000000000000000 ) ;
#1503 = ORIENTED_EDGE ( 'NONE', *, *, #3609, .F. ) ;
#1504 = EDGE_CURVE ( 'NONE', #3522, #3588, #3580, .T. ) ;
#1505 = CARTESIAN_POINT ( 'NONE',  ( -6.800000000000375522, 8.749999999999989342, -7.250000000000002665 ) ) ;
#1506 = DIRECTION ( 'NONE',  ( 1.000000000000000000, 0.000000000000000000, 0.000000000000000000 ) ) ;
#1507 = ORIENTED_EDGE ( 'NONE', *, *, #1051, .T. ) ;
#1508 = ORIENTED_EDGE ( 'NONE', *, *, #4567, .T. ) ;
#1509 = CARTESIAN_POINT ( 'NONE',  ( 12.05552791759129860, 31.00000000000000355, 5.602785000332557885 ) ) ;
#1510 = CARTESIAN_POINT ( 'NONE',  ( -12.76204149542704691, 37.39481965908768757, 7.695868967844494257 ) ) ;
#1511 = EDGE_CURVE ( 'NONE', #4148, #609, #1160, .T. ) ;
#1512 = CARTESIAN_POINT ( 'NONE',  ( -13.69990687353237568, 37.42455680482481029, 7.284308124741661672 ) ) ;
#1513 = CARTESIAN_POINT ( 'NONE',  ( -0.4000000000000246136, 18.75000000000000000, 10.27283860147173300 ) ) ;
#1514 = LINE ( 'NONE', #1920, #1167 ) ;
#1515 = EDGE_CURVE ( 'NONE', #961, #4148, #3074, .T. ) ;
#1516 = VERTEX_POINT ( 'NONE', #4018 ) ;
#1517 = AXIS2_PLACEMENT_3D ( 'NONE', #6031, #4713, #4645 ) ;
#1518 = EDGE_CURVE ( 'NONE', #5687, #2132, #4992, .T. ) ;
#1519 = EDGE_LOOP ( 'NONE', ( #645, #1238, #4077, #2534 ) ) ;
#1520 = PLANE ( 'NONE',  #4062 ) ;
#1521 = DIRECTION ( 'NONE',  ( 0.8621056539611972047, 0.000000000000000000, -0.5067285677837163327 ) ) ;
#1522 = CARTESIAN_POINT ( 'NONE',  ( 6.799999999999981171, 32.75000000000009948, -7.250000000000002665 ) ) ;
#1523 = EDGE_LOOP ( 'NONE', ( #504, #2567, #1977, #3725 ) ) ;
#1524 = CARTESIAN_POINT ( 'NONE',  ( 2.000000000000062617, 10.74999999999998934, 10.27283860147173300 ) ) ;
#1525 = ORIENTED_EDGE ( 'NONE', *, *, #4540, .T. ) ;
#1526 = CARTESIAN_POINT ( 'NONE',  ( -11.69999999999998330, 0.5000000000000004441, -3.750000000000003109 ) ) ;
#1527 = LINE ( 'NONE', #3373, #3960 ) ;
#1528 = CARTESIAN_POINT ( 'NONE',  ( 13.69971338071882094, -3.663530819139592776, 6.803033191431244298 ) ) ;
#1529 = DIRECTION ( 'NONE',  ( -0.5000000000000001110, 0.000000000000000000, 0.8660254037844385966 ) ) ;
#1530 = ORIENTED_EDGE ( 'NONE', *, *, #667, .T. ) ;
#1531 = ORIENTED_EDGE ( 'NONE', *, *, #4975, .T. ) ;
#1532 = DIRECTION ( 'NONE',  ( -0.000000000000000000, 1.000000000000000000, -0.000000000000000000 ) ) ;
#1533 = CARTESIAN_POINT ( 'NONE',  ( 6.799999999999981171, 32.75000000000009948, 10.27283860147173300 ) ) ;
#1534 = ORIENTED_EDGE ( 'NONE', *, *, #5367, .T. ) ;
#1535 = DIRECTION ( 'NONE',  ( 0.000000000000000000, 0.000000000000000000, -1.000000000000000000 ) ) ;
#1536 = LINE ( 'NONE', #5872, #3965 ) ;
#1537 = VECTOR ( 'NONE', #1099, 1000.000000000000000 ) ;
#1538 = ORIENTED_EDGE ( 'NONE', *, *, #1098, .F. ) ;
#1539 = ORIENTED_EDGE ( 'NONE', *, *, #2297, .F. ) ;
#1540 = AXIS2_PLACEMENT_3D ( 'NONE', #5226, #1338, #3245 ) ;
#1541 = LINE ( 'NONE', #1104, #6198 ) ;
#1542 = DIRECTION ( 'NONE',  ( 0.000000000000000000, -1.000000000000000000, 0.000000000000000000 ) ) ;
#1543 = CARTESIAN_POINT ( 'NONE',  ( -8.667819926235441841, 36.39999999999999858, 3.749999999999996003 ) ) ;
#1544 = DIRECTION ( 'NONE',  ( -1.000000000000000000, 5.551115123125777969E-15, 0.000000000000000000 ) ) ;
#1545 = CARTESIAN_POINT ( 'NONE',  ( -11.79999999999998650, 36.00000000000000711, 4.249999999999995559 ) ) ;
#1546 = ORIENTED_EDGE ( 'NONE', *, *, #4540, .F. ) ;
#1547 = CARTESIAN_POINT ( 'NONE',  ( 6.800000000000188116, -24.48182999695898943, -5.750000000000002665 ) ) ;
#1548 = LINE ( 'NONE', #4875, #2955 ) ;
#1549 = CARTESIAN_POINT ( 'NONE',  ( 12.20000000000001705, 36.39999999999999858, 3.749999999999996447 ) ) ;
#1550 = ADVANCED_FACE ( 'NONE', ( #4418 ), #2133, .T. ) ;
#1551 = LINE ( 'NONE', #2314, #1566 ) ;
#1552 = ORIENTED_EDGE ( 'NONE', *, *, #212, .F. ) ;
#1553 = CARTESIAN_POINT ( 'NONE',  ( 13.69996159345886255, 37.77604674298501664, -0.3491543478990628002 ) ) ;
#1554 = ORIENTED_EDGE ( 'NONE', *, *, #1212, .F. ) ;
#1555 = ADVANCED_FACE ( 'NONE', ( #182 ), #593, .T. ) ;
#1556 = VECTOR ( 'NONE', #3970, 1000.000000000000000 ) ;
#1557 = CARTESIAN_POINT ( 'NONE',  ( -9.199999999999958433, 16.74999999999999645, 10.27283860147173300 ) ) ;
#1558 = LINE ( 'NONE', #1928, #4757 ) ;
#1559 = LINE ( 'NONE', #4850, #176 ) ;
#1560 = VECTOR ( 'NONE', #443, 1000.000000000000000 ) ;
#1562 = CARTESIAN_POINT ( 'NONE',  ( 7.599999999999631939, 10.74999999999998934, -7.250000000000002665 ) ) ;
#1561 = AXIS2_PLACEMENT_3D ( 'NONE', #1674, #5549, #4048 ) ;
#1563 = VECTOR ( 'NONE', #1441, 1000.000000000000000 ) ;
#1564 = ORIENTED_EDGE ( 'NONE', *, *, #4918, .F. ) ;
#1565 = VERTEX_POINT ( 'NONE', #5489 ) ;
#1566 = VECTOR ( 'NONE', #2923, 1000.000000000000000 ) ;
#1567 = CARTESIAN_POINT ( 'NONE',  ( 10.19338422907795483, -3.719598378890474066, 11.58643895017635117 ) ) ;
#1568 = EDGE_CURVE ( 'NONE', #2706, #3076, #3548, .T. ) ;
#1569 = VECTOR ( 'NONE', #540, 1000.000000000000000 ) ;
#1570 = CARTESIAN_POINT ( 'NONE',  ( -6.800000000000463451, 32.74999999999994316, -5.750000000000002665 ) ) ;
#1571 = ORIENTED_EDGE ( 'NONE', *, *, #1635, .F. ) ;
#1572 = CARTESIAN_POINT ( 'NONE',  ( 13.70029000000004693, -4.263483889006633554, 6.795513087239987371 ) ) ;
#1573 = FACE_OUTER_BOUND ( 'NONE', #5671, .T. ) ;
#1574 = ADVANCED_FACE ( 'NONE', ( #5871 ), #653, .F. ) ;
#1575 = ORIENTED_EDGE ( 'NONE', *, *, #4423, .T. ) ;
#1576 = ORIENTED_EDGE ( 'NONE', *, *, #3060, .F. ) ;
#1577 = LINE ( 'NONE', #2222, #1058 ) ;
#1578 = DIRECTION ( 'NONE',  ( -1.000000000000000000, -2.321899859920137988E-17, 0.000000000000000000 ) ) ;
#1579 = CARTESIAN_POINT ( 'NONE',  ( 9.862948803688590615, -4.725403270274616041, 13.32169841640215147 ) ) ;
#1580 = DIRECTION ( 'NONE',  ( 0.000000000000000000, 0.000000000000000000, -1.000000000000000000 ) ) ;
#1581 = CARTESIAN_POINT ( 'NONE',  ( 11.70000000000001350, 35.89999999999999858, 1.949999999999995959 ) ) ;
#1582 = ORIENTED_EDGE ( 'NONE', *, *, #1111, .T. ) ;
#1583 = LINE ( 'NONE', #3307, #1085 ) ;
#1584 = VECTOR ( 'NONE', #1856, 1000.000000000000000 ) ;
#1585 = CARTESIAN_POINT ( 'NONE',  ( 2.000000000000062617, 10.74999999999998934, -5.750000000000001776 ) ) ;
#1586 = EDGE_CURVE ( 'NONE', #2777, #5442, #5932, .T. ) ;
#1587 = AXIS2_PLACEMENT_3D ( 'NONE', #2372, #4291, #6206 ) ;
#1588 = PRODUCT_CONTEXT ( 'NONE', #2558, 'mechanical' ) ;
#1589 = ORIENTED_EDGE ( 'NONE', *, *, #1978, .F. ) ;
#1590 = DIRECTION ( 'NONE',  ( 0.000000000000000000, 0.000000000000000000, -1.000000000000000000 ) ) ;
#1591 = VECTOR ( 'NONE', #573, 1000.000000000000114 ) ;
#1592 = VERTEX_POINT ( 'NONE', #3985 ) ;
#1593 = FACE_OUTER_BOUND ( 'NONE', #1204, .T. ) ;
#1594 = DIRECTION ( 'NONE',  ( -1.000000000000000000, -3.758567531283075464E-15, 0.000000000000000000 ) ) ;
#1595 = DIRECTION ( 'NONE',  ( 0.000000000000000000, 0.000000000000000000, -1.000000000000000000 ) ) ;
#1596 = EDGE_CURVE ( 'NONE', #3279, #2777, #4485, .T. ) ;
#1597 = ADVANCED_FACE ( 'NONE', ( #562 ), #1067, .T. ) ;
#1598 = FACE_BOUND ( 'NONE', #15, .T. ) ;
#1599 = VERTEX_POINT ( 'NONE', #621 ) ;
#1600 = ORIENTED_EDGE ( 'NONE', *, *, #4310, .T. ) ;
#1601 = ADVANCED_FACE ( 'NONE', ( #4448 ), #149, .F. ) ;
#1602 = EDGE_LOOP ( 'NONE', ( #6027, #2673, #418, #4600, #4746, #5612 ) ) ;
#1603 = PLANE ( 'NONE',  #3003 ) ;
#1604 = LINE ( 'NONE', #4446, #950 ) ;
#1605 = EDGE_CURVE ( 'NONE', #2577, #4478, #3520, .T. ) ;
#1606 = ORIENTED_EDGE ( 'NONE', *, *, #5311, .F. ) ;
#1607 = DIRECTION ( 'NONE',  ( 1.000000000000000000, -3.469446951953601567E-15, 0.000000000000000000 ) ) ;
#1608 = CARTESIAN_POINT ( 'NONE',  ( 13.10000000000001386, 37.99389297767447005, -5.175817119128319099 ) ) ;
#1609 = EDGE_LOOP ( 'NONE', ( #127, #2136, #2655, #3434 ) ) ;
#1610 = ORIENTED_EDGE ( 'NONE', *, *, #6119, .T. ) ;
#1611 = CIRCLE ( 'NONE', #4208, 0.6000000000000000888 ) ;
#1612 = DIRECTION ( 'NONE',  ( -0.000000000000000000, 0.04649161924928713746, -0.9989186800433653701 ) ) ;
#1613 = EDGE_CURVE ( 'NONE', #2826, #3166, #1237, .T. ) ;
#1614 = CARTESIAN_POINT ( 'NONE',  ( -11.79999999999998650, 0.4000000000000000222, 11.94999999999999574 ) ) ;
#1615 = PLANE ( 'NONE',  #3219 ) ;
#1616 = DIRECTION ( 'NONE',  ( 3.614007241618413063E-15, -1.000000000000000000, 0.000000000000000000 ) ) ;
#1617 = ORIENTED_EDGE ( 'NONE', *, *, #5506, .F. ) ;
#1618 = LINE ( 'NONE', #1547, #2381 ) ;
#1619 = CARTESIAN_POINT ( 'NONE',  ( -11.69999999999998330, 12.49999999999999112, -5.750000000000001776 ) ) ;
#1620 = EDGE_LOOP ( 'NONE', ( #1888, #2108, #2000, #4924, #4538, #3732 ) ) ;
#1621 = CARTESIAN_POINT ( 'NONE',  ( 6.800000000000088640, 2.750000000000097700, -5.750000000000001776 ) ) ;
#1622 = VECTOR ( 'NONE', #2604, 1000.000000000000000 ) ;
#1623 = VERTEX_POINT ( 'NONE', #4545 ) ;
#1624 = CARTESIAN_POINT ( 'NONE',  ( 12.20000000000000284, 8.000000000000000000, 3.749999999999996003 ) ) ;
#1625 = LINE ( 'NONE', #2589, #3993 ) ;
#1626 = FACE_BOUND ( 'NONE', #3864, .T. ) ;
#1627 = ORIENTED_EDGE ( 'NONE', *, *, #1644, .T. ) ;
#1628 = ORIENTED_EDGE ( 'NONE', *, *, #3120, .F. ) ;
#1629 = VERTEX_POINT ( 'NONE', #5020 ) ;
#1630 = DIRECTION ( 'NONE',  ( 0.000000000000000000, 0.000000000000000000, -1.000000000000000000 ) ) ;
#1631 = DIRECTION ( 'NONE',  ( -1.000000000000000000, 8.673676616256523664E-15, 0.000000000000000000 ) ) ;
#1632 = ORIENTED_EDGE ( 'NONE', *, *, #4694, .T. ) ;
#1633 = ADVANCED_FACE ( 'NONE', ( #717 ), #3105, .F. ) ;
#1634 = CARTESIAN_POINT ( 'NONE',  ( 9.200000000000002842, -24.48182999695897166, -5.750000000000002665 ) ) ;
#1635 = EDGE_CURVE ( 'NONE', #44, #2440, #5395, .T. ) ;
#1636 = DIRECTION ( 'NONE',  ( 2.168404344971022180E-16, 1.000000000000000000, 0.000000000000000000 ) ) ;
#1637 = ORIENTED_EDGE ( 'NONE', *, *, #2017, .F. ) ;
#1638 = ORIENTED_EDGE ( 'NONE', *, *, #525, .T. ) ;
#1639 = DIRECTION ( 'NONE',  ( 0.000000000000000000, 1.000000000000000000, 0.000000000000000000 ) ) ;
#1640 = ADVANCED_FACE ( 'NONE', ( #4477 ), #2065, .T. ) ;
#1641 = FACE_OUTER_BOUND ( 'NONE', #3293, .T. ) ;
#1642 = DIRECTION ( 'NONE',  ( -1.000000000000000000, 0.000000000000000000, 0.000000000000000000 ) ) ;
#1643 = LINE ( 'NONE', #3047, #6070 ) ;
#1644 = EDGE_CURVE ( 'NONE', #5805, #2144, #4916, .T. ) ;
#1645 = ORIENTED_EDGE ( 'NONE', *, *, #5254, .T. ) ;
#1646 = VECTOR ( 'NONE', #5982, 1000.000000000000000 ) ;
#1647 = CARTESIAN_POINT ( 'NONE',  ( 0.4000000000000505374, 32.75000000000001421, 10.27283860147173300 ) ) ;
#1648 = DIRECTION ( 'NONE',  ( 4.336808689942015369E-15, 1.000000000000000000, 0.000000000000000000 ) ) ;
#1649 = ADVANCED_FACE ( 'NONE', ( #518 ), #2097, .T. ) ;
#1650 = ORIENTED_EDGE ( 'NONE', *, *, #11, .F. ) ;
#1651 = DIRECTION ( 'NONE',  ( 0.000000000000000000, 0.000000000000000000, -1.000000000000000000 ) ) ;
#1652 = ADVANCED_FACE ( 'NONE', ( #4852, #613, #3441, #1626, #2429, #1999, #1598, #172, #1059, #644, #4349, #5862, #1497, #4008, #1090, #78, #39, #1965, #5797, #3512, #4383, #1120, #3030 ), #4412, .T. ) ;
#1653 = VERTEX_POINT ( 'NONE', #5452 ) ;
#1654 = FACE_OUTER_BOUND ( 'NONE', #3145, .T. ) ;
#1655 = DIRECTION ( 'NONE',  ( -0.000000000000000000, -0.9999313130674301053, -0.01172045849124874785 ) ) ;
#1656 = ADVANCED_FACE ( 'NONE', ( #4947 ), #2495, .T. ) ;
#1657 = VECTOR ( 'NONE', #4631, 1000.000000000000000 ) ;
#1658 = CARTESIAN_POINT ( 'NONE',  ( -12.15095843196641745, -3.469446951953614189E-15, 7.901042827708065985 ) ) ;
#1659 = ORIENTED_EDGE ( 'NONE', *, *, #80, .F. ) ;
#1660 = AXIS2_PLACEMENT_3D ( 'NONE', #731, #5447, #4061 ) ;
#1661 = VERTEX_POINT ( 'NONE', #4441 ) ;
#1662 = DIRECTION ( 'NONE',  ( 0.000000000000000000, -1.000000000000000000, 0.000000000000000000 ) ) ;
#1663 = VECTOR ( 'NONE', #4907, 1000.000000000000000 ) ;
#1664 = CARTESIAN_POINT ( 'NONE',  ( 9.199999999999983302, 32.75000000000014211, -7.250000000000002665 ) ) ;
#1665 = VERTEX_POINT ( 'NONE', #2901 ) ;
#1666 = VECTOR ( 'NONE', #2397, 1000.000000000000000 ) ;
#1667 = EDGE_CURVE ( 'NONE', #1661, #4910, #110, .T. ) ;
#1668 = DIRECTION ( 'NONE',  ( 0.000000000000000000, -1.000000000000000000, -0.000000000000000000 ) ) ;
#1669 = LINE ( 'NONE', #4993, #1869 ) ;
#1670 = VERTEX_POINT ( 'NONE', #1562 ) ;
#1671 = ORIENTED_EDGE ( 'NONE', *, *, #3554, .T. ) ;
#1672 = VECTOR ( 'NONE', #787, 1000.000000000000000 ) ;
#1673 = VECTOR ( 'NONE', #571, 1000.000000000000000 ) ;
#1674 = CARTESIAN_POINT ( 'NONE',  ( 11.80000000000001670, 0.4000000000000000222, 4.249999999999995559 ) ) ;
#1675 = LINE ( 'NONE', #5086, #5194 ) ;
#1676 = EDGE_CURVE ( 'NONE', #875, #2746, #140, .T. ) ;
#1677 = CARTESIAN_POINT ( 'NONE',  ( -7.599999999999933031, 8.749999999999989342, -7.250000000000002665 ) ) ;
#1678 = CARTESIAN_POINT ( 'NONE',  ( -13.69999999999998863, 38.36988785813656477, -0.3488893001070199618 ) ) ;
#1679 = ORIENTED_EDGE ( 'NONE', *, *, #4320, .T. ) ;
#1680 = FACE_BOUND ( 'NONE', #4390, .T. ) ;
#1681 = CARTESIAN_POINT ( 'NONE',  ( 21.74246376768743971, 9.933973144151297063, -7.912882005366897786 ) ) ;
#1682 = ORIENTED_EDGE ( 'NONE', *, *, #5004, .T. ) ;
#1683 = DIRECTION ( 'NONE',  ( 1.000000000000000000, 4.336808689942018525E-15, 0.000000000000000000 ) ) ;
#1684 = ORIENTED_EDGE ( 'NONE', *, *, #5445, .T. ) ;
#1685 = CARTESIAN_POINT ( 'NONE',  ( -7.600000000000020073, 32.74999999999994316, 10.27283860147173300 ) ) ;
#1686 = FACE_OUTER_BOUND ( 'NONE', #6079, .T. ) ;
#1687 = VECTOR ( 'NONE', #3170, 1000.000000000000000 ) ;
#1688 = DIRECTION ( 'NONE',  ( -1.000000000000000000, 0.000000000000000000, 0.000000000000000000 ) ) ;
#1689 = ORIENTED_EDGE ( 'NONE', *, *, #969, .F. ) ;
#1690 = ORIENTED_EDGE ( 'NONE', *, *, #317, .T. ) ;
#1691 = CARTESIAN_POINT ( 'NONE',  ( 2.800001526826706666, 32.75000000000003553, -7.250000000000002665 ) ) ;
#1692 = LINE ( 'NONE', #5429, #5761 ) ;
#1693 = ORIENTED_EDGE ( 'NONE', *, *, #2563, .T. ) ;
#1694 = DIRECTION ( 'NONE',  ( 1.000000000000000000, 7.228014483236682257E-17, 0.000000000000000000 ) ) ;
#1695 = EDGE_CURVE ( 'NONE', #617, #520, #5324, .T. ) ;
#1696 = ORIENTED_EDGE ( 'NONE', *, *, #6222, .T. ) ;
#1697 = VERTEX_POINT ( 'NONE', #553 ) ;
#1698 = FACE_OUTER_BOUND ( 'NONE', #4810, .T. ) ;
#1699 = DIRECTION ( 'NONE',  ( 1.000000000000000000, 4.915049848601068871E-15, 0.000000000000000000 ) ) ;
#1700 = CARTESIAN_POINT ( 'NONE',  ( 11.69999345765112153, 2.299999999999906120, -5.750000000000002665 ) ) ;
#1701 = ORIENTED_EDGE ( 'NONE', *, *, #3126, .F. ) ;
#1702 = ADVANCED_FACE ( 'NONE', ( #903 ), #5115, .T. ) ;
#1703 = DIRECTION ( 'NONE',  ( 4.047688110612522540E-15, -1.000000000000000000, 0.000000000000000000 ) ) ;
#1704 = DIRECTION ( 'NONE',  ( 0.000000000000000000, 1.000000000000000000, 0.000000000000000000 ) ) ;
#1705 = EDGE_CURVE ( 'NONE', #2974, #5583, #3257, .T. ) ;
#1706 = ORIENTED_EDGE ( 'NONE', *, *, #3967, .T. ) ;
#1707 = CARTESIAN_POINT ( 'NONE',  ( 7.200000000000002842, 0.4000000000000000222, 4.249999999999995559 ) ) ;
#1708 = ADVANCED_FACE ( 'NONE', ( #4259 ), #4637, .T. ) ;
#1709 = ORIENTED_EDGE ( 'NONE', *, *, #4393, .F. ) ;
#1710 = FACE_OUTER_BOUND ( 'NONE', #591, .T. ) ;
#1711 = CARTESIAN_POINT ( 'NONE',  ( -11.79999999999998650, 36.00000000000000711, 4.249999999999995559 ) ) ;
#1712 = ORIENTED_EDGE ( 'NONE', *, *, #4428, .T. ) ;
#1713 = ORIENTED_EDGE ( 'NONE', *, *, #2419, .T. ) ;
#1714 = CARTESIAN_POINT ( 'NONE',  ( -11.79999999999998650, 31.00000000000000355, 14.78477331392862659 ) ) ;
#1715 = ORIENTED_EDGE ( 'NONE', *, *, #4000, .T. ) ;
#1716 = ORIENTED_EDGE ( 'NONE', *, *, #1975, .T. ) ;
#1717 = ORIENTED_EDGE ( 'NONE', *, *, #5807, .F. ) ;
#1718 = CYLINDRICAL_SURFACE ( 'NONE', #1860, 0.5999999999999980904 ) ;
#1719 = CARTESIAN_POINT ( 'NONE',  ( 8.846410161513771797, 37.60389923844336124, 3.749999999999992895 ) ) ;
#1720 = CARTESIAN_POINT ( 'NONE',  ( 7.200000000000002842, 0.000000000000000000, 3.749999999999996003 ) ) ;
#1721 = DIRECTION ( 'NONE',  ( -1.000000000000000000, -3.614007241618342854E-15, 0.000000000000000000 ) ) ;
#1722 = ORIENTED_EDGE ( 'NONE', *, *, #2010, .T. ) ;
#1723 = EDGE_CURVE ( 'NONE', #1852, #3316, #5584, .T. ) ;
#1724 = DIRECTION ( 'NONE',  ( -1.000000000000000000, 0.000000000000000000, 0.000000000000000000 ) ) ;
#1725 = FACE_OUTER_BOUND ( 'NONE', #3755, .T. ) ;
#1726 = PLANE ( 'NONE',  #3714 ) ;
#1727 = ORIENTED_EDGE ( 'NONE', *, *, #1122, .T. ) ;
#1728 = CARTESIAN_POINT ( 'NONE',  ( -9.999999999999930722, 8.749999999999987566, 10.27283860147173300 ) ) ;
#1729 = ORIENTED_EDGE ( 'NONE', *, *, #6152, .F. ) ;
#1730 = DIRECTION ( 'NONE',  ( 0.000000000000000000, 0.9243234061140320756, 0.3816100639523990479 ) ) ;
#1731 = AXIS2_PLACEMENT_3D ( 'NONE', #3066, #1216, #4100 ) ;
#1732 = FACE_OUTER_BOUND ( 'NONE', #4017, .T. ) ;
#1733 = EDGE_CURVE ( 'NONE', #5543, #3212, #370, .T. ) ;
#1734 = VERTEX_POINT ( 'NONE', #5235 ) ;
#1735 = ORIENTED_EDGE ( 'NONE', *, *, #4523, .T. ) ;
#1736 = ORIENTED_EDGE ( 'NONE', *, *, #2847, .F. ) ;
#1737 = ADVANCED_FACE ( 'NONE', ( #5613 ), #4730, .F. ) ;
#1738 = VERTEX_POINT ( 'NONE', #3756 ) ;
#1739 = CARTESIAN_POINT ( 'NONE',  ( -4.400000000000419575, 16.74999999999999645, -5.750000000000001776 ) ) ;
#1740 = CARTESIAN_POINT ( 'NONE',  ( 13.69998533619220993, -1.732968837878261947, -0.3489904966679043818 ) ) ;
#1741 = CARTESIAN_POINT ( 'NONE',  ( -7.599999999999990763, 24.75000000000001421, -7.250000000000002665 ) ) ;
#1742 = EDGE_LOOP ( 'NONE', ( #5301, #5471, #4673, #4559 ) ) ;
#1743 = CARTESIAN_POINT ( 'NONE',  ( -9.999999999999930722, 8.749999999999987566, -7.250000000000002665 ) ) ;
#1744 = ADVANCED_FACE ( 'NONE', ( #424 ), #5180, .T. ) ;
#1745 = VECTOR ( 'NONE', #1239, 1000.000000000000000 ) ;
#1746 = ORIENTED_EDGE ( 'NONE', *, *, #760, .F. ) ;
#1747 = ORIENTED_EDGE ( 'NONE', *, *, #3912, .F. ) ;
#1748 = FACE_OUTER_BOUND ( 'NONE', #4690, .T. ) ;
#1749 = FACE_OUTER_BOUND ( 'NONE', #2726, .T. ) ;
#1750 = DIRECTION ( 'NONE',  ( -0.9896638754658736437, 0.000000000000000000, -0.1434064628873737424 ) ) ;
#1751 = AXIS2_PLACEMENT_3D ( 'NONE', #4040, #5018, #1631 ) ;
#1752 =( BOUNDED_CURVE ( )  B_SPLINE_CURVE ( 3, ( #1426, #2452, #101, #949 ),
 .UNSPECIFIED., .F., .F. ) 
 B_SPLINE_CURVE_WITH_KNOTS ( ( 4, 4 ),
 ( 5.963254587437574195, 6.252951047254966532 ),
 .UNSPECIFIED. ) 
 CURVE ( )  GEOMETRIC_REPRESENTATION_ITEM ( )  RATIONAL_B_SPLINE_CURVE ( ( 1.000000000000000000, 0.9930185494035610461, 0.9930185494035610461, 1.000000000000000000 ) ) 
 REPRESENTATION_ITEM ( '' )  );
#1753 = CARTESIAN_POINT ( 'NONE',  ( 0.3999999999997759792, 2.749999999999999112, 10.27283860147173300 ) ) ;
#1754 = EDGE_CURVE ( 'NONE', #2032, #2346, #2287, .T. ) ;
#1755 = DIRECTION ( 'NONE',  ( 1.000000000000000000, 1.969458729228474914E-18, -1.680244381753474019E-16 ) ) ;
#1756 = VECTOR ( 'NONE', #4579, 1000.000000000000000 ) ;
#1757 = VECTOR ( 'NONE', #463, 1000.000000000000000 ) ;
#1758 = VECTOR ( 'NONE', #4776, 1000.000000000000000 ) ;
#1759 = EDGE_LOOP ( 'NONE', ( #4270, #892, #4791, #5200 ) ) ;
#1760 = PRODUCT_DEFINITION_FORMATION_WITH_SPECIFIED_SOURCE ( 'хн╨н', '', #2508, .NOT_KNOWN. ) ;
#1761 = DIRECTION ( 'NONE',  ( -0.000000000000000000, 0.000000000000000000, -1.000000000000000000 ) ) ;
#1762 = CARTESIAN_POINT ( 'NONE',  ( 4.400000000000037659, 2.750000000000066169, -5.750000000000002665 ) ) ;
#1763 = VECTOR ( 'NONE', #1038, 1000.000000000000000 ) ;
#1764 = CARTESIAN_POINT ( 'NONE',  ( -5.199999999999906031, 2.749999999999965805, -7.250000000000002665 ) ) ;
#1765 = ORIENTED_EDGE ( 'NONE', *, *, #284, .T. ) ;
#1766 = DIRECTION ( 'NONE',  ( 9.152473339398482900E-15, 1.000000000000000000, -0.000000000000000000 ) ) ;
#1767 = ORIENTED_EDGE ( 'NONE', *, *, #11, .T. ) ;
#1768 = FACE_OUTER_BOUND ( 'NONE', #2906, .T. ) ;
#1769 = EDGE_CURVE ( 'NONE', #4153, #2323, #5710, .T. ) ;
#1770 = DIRECTION ( 'NONE',  ( -3.758567531283072309E-15, 1.000000000000000000, 0.000000000000000000 ) ) ;
#1771 = VERTEX_POINT ( 'NONE', #3228 ) ;
#1772 = LINE ( 'NONE', #2151, #132 ) ;
#1773 = VERTEX_POINT ( 'NONE', #810 ) ;
#1774 = VERTEX_POINT ( 'NONE', #6087 ) ;
#1775 = CARTESIAN_POINT ( 'NONE',  ( 0.3999999999999040989, 16.74999999999999645, -7.250000000000002665 ) ) ;
#1776 = DIRECTION ( 'NONE',  ( -1.000000000000000000, -1.445602896647349270E-16, 0.000000000000000000 ) ) ;
#1777 = EDGE_CURVE ( 'NONE', #4003, #3942, #1382, .T. ) ;
#1778 = ADVANCED_FACE ( 'NONE', ( #1748 ), #2344, .T. ) ;
#1779 = CARTESIAN_POINT ( 'NONE',  ( -13.10581178995769314, 38.36986668977041148, -0.3490399208586573154 ) ) ;
#1780 = VECTOR ( 'NONE', #469, 1000.000000000000000 ) ;
#1781 = EDGE_LOOP ( 'NONE', ( #4132, #2742, #458, #3130 ) ) ;
#1782 = VECTOR ( 'NONE', #4671, 1000.000000000000000 ) ;
#1783 = ADVANCED_FACE ( 'NONE', ( #1814 ), #876, .T. ) ;
#1784 = DIRECTION ( 'NONE',  ( 0.000000000000000000, -1.000000000000000000, 0.000000000000000000 ) ) ;
#1785 = ORIENTED_EDGE ( 'NONE', *, *, #5009, .T. ) ;
#1786 = CARTESIAN_POINT ( 'NONE',  ( 13.10000000000001208, 2.051386795950467690, -14.45368316915387652 ) ) ;
#1787 = AXIS2_PLACEMENT_3D ( 'NONE', #1647, #698, #2229 ) ;
#1788 = ADVANCED_FACE ( 'NONE', ( #3726 ), #5208, .T. ) ;
#1789 = LINE ( 'NONE', #2813, #4465 ) ;
#1790 = PLANE ( 'NONE',  #3285 ) ;
#1791 = CARTESIAN_POINT ( 'NONE',  ( 2.800001526826707554, 26.75000000000001066, 10.27283860147173300 ) ) ;
#1792 = CARTESIAN_POINT ( 'NONE',  ( 13.10000000000001563, 0.8454159484245962197, 6.112990915244731482 ) ) ;
#1793 = ORIENTED_EDGE ( 'NONE', *, *, #2947, .F. ) ;
#1794 = DIRECTION ( 'NONE',  ( -1.000000000000000000, 0.000000000000000000, 0.000000000000000000 ) ) ;
#1795 = DIRECTION ( 'NONE',  ( 0.000000000000000000, 1.000000000000000000, 0.000000000000000000 ) ) ;
#1796 = CARTESIAN_POINT ( 'NONE',  ( 2.000000000000039968, 32.75000000000003553, -7.250000000000002665 ) ) ;
#1797 = CARTESIAN_POINT ( 'NONE',  ( -13.09999999999998543, -4.258735985261888679, 6.777793669235152585 ) ) ;
#1798 = ORIENTED_EDGE ( 'NONE', *, *, #5022, .T. ) ;
#1799 = VECTOR ( 'NONE', #6112, 1000.000000000000000 ) ;
#1800 = CARTESIAN_POINT ( 'NONE',  ( -11.69999999999998330, -7.716216689544156182, -5.750000000000002665 ) ) ;
#1801 = CARTESIAN_POINT ( 'NONE',  ( -9.199999999999906919, 2.749999999999934719, -5.750000000000001776 ) ) ;
#1802 = EDGE_CURVE ( 'NONE', #3522, #1873, #400, .T. ) ;
#1803 = ORIENTED_EDGE ( 'NONE', *, *, #5577, .F. ) ;
#1804 = DIRECTION ( 'NONE',  ( 0.000000000000000000, 1.000000000000000000, 0.000000000000000000 ) ) ;
#1805 = VERTEX_POINT ( 'NONE', #4227 ) ;
#1806 = ORIENTED_EDGE ( 'NONE', *, *, #5890, .F. ) ;
#1807 = DIRECTION ( 'NONE',  ( -1.000000000000000000, 3.469446951953614978E-15, 0.000000000000000000 ) ) ;
#1808 = LINE ( 'NONE', #833, #2548 ) ;
#1809 = LINE ( 'NONE', #5578, #2256 ) ;
#1810 = ORIENTED_EDGE ( 'NONE', *, *, #1919, .F. ) ;
#1811 = DIRECTION ( 'NONE',  ( -0.5063211580031051762, 0.04009181502234136774, -0.8614125209947954831 ) ) ;
#1812 = VECTOR ( 'NONE', #1297, 1000.000000000000000 ) ;
#1813 = ORIENTED_EDGE ( 'NONE', *, *, #5069, .T. ) ;
#1814 = FACE_OUTER_BOUND ( 'NONE', #1609, .T. ) ;
#1815 = VECTOR ( 'NONE', #4832, 1000.000000000000000 ) ;
#1816 = LINE ( 'NONE', #3727, #1459 ) ;
#1817 = ADVANCED_FACE ( 'NONE', ( #4760 ), #459, .F. ) ;
#1818 = ORIENTED_EDGE ( 'NONE', *, *, #5373, .T. ) ;
#1819 = EDGE_CURVE ( 'NONE', #1124, #5349, #962, .T. ) ;
#1820 = PLANE ( 'NONE',  #2066 ) ;
#1821 = CARTESIAN_POINT ( 'NONE',  ( -13.01835225123059914, 0.2065675701680945442, -5.053015872697378619 ) ) ;
#1822 = VERTEX_POINT ( 'NONE', #3343 ) ;
#1823 = ADVANCED_FACE ( 'NONE', ( #5294 ), #4294, .T. ) ;
#1824 = FACE_OUTER_BOUND ( 'NONE', #1133, .T. ) ;
#1825 = DIRECTION ( 'NONE',  ( -2.775557561562888984E-15, -1.000000000000000000, 0.000000000000000000 ) ) ;
#1826 = EDGE_CURVE ( 'NONE', #709, #1653, #4856, .T. ) ;
#1827 = LINE ( 'NONE', #5191, #1812 ) ;
#1828 = DIRECTION ( 'NONE',  ( 1.000000000000000000, 0.000000000000000000, 0.000000000000000000 ) ) ;
#1829 = EDGE_CURVE ( 'NONE', #2686, #419, #2499, .T. ) ;
#1830 = ORIENTED_EDGE ( 'NONE', *, *, #3269, .T. ) ;
#1831 = DIRECTION ( 'NONE',  ( 1.000000000000000000, -0.000000000000000000, -0.000000000000000000 ) ) ;
#1832 = ORIENTED_EDGE ( 'NONE', *, *, #4780, .F. ) ;
#1833 = LINE ( 'NONE', #2827, #1355 ) ;
#1834 = ADVANCED_FACE ( 'NONE', ( #3882 ), #2034, .T. ) ;
#1835 = VECTOR ( 'NONE', #1535, 1000.000000000000000 ) ;
#1836 = VERTEX_POINT ( 'NONE', #2434 ) ;
#1837 = ORIENTED_EDGE ( 'NONE', *, *, #184, .T. ) ;
#1838 = LINE ( 'NONE', #2214, #5109 ) ;
#1839 = VECTOR ( 'NONE', #197, 1000.000000000000000 ) ;
#1840 = EDGE_CURVE ( 'NONE', #3280, #4904, #2468, .T. ) ;
#1841 = CARTESIAN_POINT ( 'NONE',  ( 11.58519794377670031, 36.89504178344508745, -10.84296440514396309 ) ) ;
#1842 = FACE_OUTER_BOUND ( 'NONE', #232, .T. ) ;
#1843 = ORIENTED_EDGE ( 'NONE', *, *, #4326, .F. ) ;
#1844 = ORIENTED_EDGE ( 'NONE', *, *, #1613, .T. ) ;
#1845 = CARTESIAN_POINT ( 'NONE',  ( 10.00000000000009059, 2.750000000000134115, 10.27283860147173300 ) ) ;
#1846 = DIRECTION ( 'NONE',  ( 1.000000000000000000, 1.969458729228489936E-18, -1.680244381753474019E-16 ) ) ;
#1847 = EDGE_CURVE ( 'NONE', #5079, #3543, #3447, .T. ) ;
#1848 = EDGE_LOOP ( 'NONE', ( #5386, #6110, #688, #4436 ) ) ;
#1849 = DIRECTION ( 'NONE',  ( -1.000000000000000000, 0.000000000000000000, 0.000000000000000000 ) ) ;
#1850 = DIRECTION ( 'NONE',  ( 0.9896638754658736437, 0.000000000000000000, 0.1434064628873745195 ) ) ;
#1851 = AXIS2_PLACEMENT_3D ( 'NONE', #957, #1594, #138 ) ;
#1852 = VERTEX_POINT ( 'NONE', #2904 ) ;
#1853 = VERTEX_POINT ( 'NONE', #3945 ) ;
#1854 = VECTOR ( 'NONE', #6137, 1000.000000000000000 ) ;
#1855 = DIRECTION ( 'NONE',  ( -0.9961946980917455452, 0.000000000000000000, -0.08715574274765836016 ) ) ;
#1856 = DIRECTION ( 'NONE',  ( 0.4365064527871117539, 0.5160473658072718406, -0.7369920168621832968 ) ) ;
#1857 = CIRCLE ( 'NONE', #5366, 0.5999999999999998668 ) ;
#1858 = EDGE_CURVE ( 'NONE', #3173, #2533, #2872, .T. ) ;
#1859 = ADVANCED_FACE ( 'NONE', ( #5800 ), #5359, .F. ) ;
#1860 = AXIS2_PLACEMENT_3D ( 'NONE', #5523, #3135, #5053 ) ;
#1861 = VECTOR ( 'NONE', #3492, 1000.000000000000000 ) ;
#1862 = LINE ( 'NONE', #3769, #3915 ) ;
#1863 = CARTESIAN_POINT ( 'NONE',  ( -13.69999999999998685, 37.77150377203724219, -0.3488893001069720001 ) ) ;
#1864 = CARTESIAN_POINT ( 'NONE',  ( -11.69999999999998153, 0.5000000000000004441, 1.949999999999995959 ) ) ;
#1865 = ORIENTED_EDGE ( 'NONE', *, *, #675, .T. ) ;
#1866 = VECTOR ( 'NONE', #726, 1000.000000000000000 ) ;
#1867 = DIRECTION ( 'NONE',  ( -2.891205793294679017E-15, 0.000000000000000000, 1.000000000000000000 ) ) ;
#1868 = CARTESIAN_POINT ( 'NONE',  ( -8.667819926235441841, 0.000000000000000000, 3.749999999999996003 ) ) ;
#1869 = VECTOR ( 'NONE', #2503, 1000.000000000000000 ) ;
#1870 = ORIENTED_EDGE ( 'NONE', *, *, #5345, .F. ) ;
#1871 = CARTESIAN_POINT ( 'NONE',  ( 5.200000000000082778, 16.74999999999999289, -7.250000000000002665 ) ) ;
#1872 = ORIENTED_EDGE ( 'NONE', *, *, #1511, .T. ) ;
#1873 = VERTEX_POINT ( 'NONE', #2401 ) ;
#1874 = DIRECTION ( 'NONE',  ( 0.000000000000000000, 0.000000000000000000, -1.000000000000000000 ) ) ;
#1875 = CARTESIAN_POINT ( 'NONE',  ( -9.543609530177548095, 38.70422280539722948, -7.532408170878492015 ) ) ;
#1876 = DIRECTION ( 'NONE',  ( -3.614007241618299467E-15, 1.000000000000000000, 0.000000000000000000 ) ) ;
#1877 = ADVANCED_FACE ( 'NONE', ( #4792 ), #3842, .T. ) ;
#1878 = ORIENTED_EDGE ( 'NONE', *, *, #4084, .T. ) ;
#1879 = VECTOR ( 'NONE', #1981, 1000.000000000000000 ) ;
#1880 = DIRECTION ( 'NONE',  ( 0.000000000000000000, 0.000000000000000000, -1.000000000000000000 ) ) ;
#1881 = CARTESIAN_POINT ( 'NONE',  ( 12.20000000000001705, 36.39999999999999858, 1.949999999999995515 ) ) ;
#1882 = ORIENTED_EDGE ( 'NONE', *, *, #4063, .F. ) ;
#1883 = EDGE_CURVE ( 'NONE', #3395, #1275, #1611, .T. ) ;
#1884 = VECTOR ( 'NONE', #3230, 1000.000000000000000 ) ;
#1885 = CARTESIAN_POINT ( 'NONE',  ( 0.000000000000000000, 35.89999999999999858, 0.000000000000000000 ) ) ;
#1886 = FACE_OUTER_BOUND ( 'NONE', #5144, .T. ) ;
#1887 = AXIS2_PLACEMENT_3D ( 'NONE', #3962, #5885, #4090 ) ;
#1888 = ORIENTED_EDGE ( 'NONE', *, *, #4509, .F. ) ;
#1889 = ORIENTED_EDGE ( 'NONE', *, *, #2684, .T. ) ;
#1890 = DIRECTION ( 'NONE',  ( 0.000000000000000000, 1.000000000000000000, 0.000000000000000000 ) ) ;
#1891 = DIRECTION ( 'NONE',  ( 0.000000000000000000, 0.000000000000000000, -1.000000000000000000 ) ) ;
#1892 = CARTESIAN_POINT ( 'NONE',  ( 7.599999999999582201, 24.75000000000001421, 10.27283860147173300 ) ) ;
#1893 = CYLINDRICAL_SURFACE ( 'NONE', #2261, 0.5999999999999999778 ) ;
#1894 = LINE ( 'NONE', #2269, #3065 ) ;
#1895 = ORIENTED_EDGE ( 'NONE', *, *, #3607, .T. ) ;
#1896 = FACE_OUTER_BOUND ( 'NONE', #5136, .T. ) ;
#1897 = LINE ( 'NONE', #5820, #3364 ) ;
#1898 = ADVANCED_FACE ( 'NONE', ( #5328 ), #4890, .T. ) ;
#1899 = EDGE_CURVE ( 'NONE', #3073, #3845, #589, .T. ) ;
#1900 = VERTEX_POINT ( 'NONE', #2002 ) ;
#1901 = CARTESIAN_POINT ( 'NONE',  ( -13.69999999999998508, 37.76923836385144995, -0.3488893001069729438 ) ) ;
#1902 = VECTOR ( 'NONE', #4192, 1000.000000000000000 ) ;
#1903 = ORIENTED_EDGE ( 'NONE', *, *, #4502, .T. ) ;
#1904 = DIRECTION ( 'NONE',  ( 3.614007241618299467E-15, -1.000000000000000000, 0.000000000000000000 ) ) ;
#1905 = CARTESIAN_POINT ( 'NONE',  ( -5.199999999999960210, 16.74999999999999645, -7.250000000000002665 ) ) ;
#1906 = CARTESIAN_POINT ( 'NONE',  ( 11.28372013920047578, 36.00848128004399484, -12.83999224750919232 ) ) ;
#1907 = CARTESIAN_POINT ( 'NONE',  ( 9.200000000000020606, 16.74999999999999645, -7.250000000000002665 ) ) ;
#1908 = EDGE_LOOP ( 'NONE', ( #781, #98, #5705, #1411 ) ) ;
#1909 = CARTESIAN_POINT ( 'NONE',  ( 13.70000000000001705, -3.663525101166166476, 6.802545362334737611 ) ) ;
#1910 = DIRECTION ( 'NONE',  ( 0.1420391334185780174, -0.1377620308829203277, -0.9802277834384786059 ) ) ;
#1911 = ORIENTED_EDGE ( 'NONE', *, *, #4678, .F. ) ;
#1912 = CARTESIAN_POINT ( 'NONE',  ( 8.846410161513773573, 31.00000000000000355, 3.749999999999992006 ) ) ;
#1913 = CARTESIAN_POINT ( 'NONE',  ( -12.69999999999998508, -5.226631456848068957, -7.250000000000002665 ) ) ;
#1914 = ORIENTED_EDGE ( 'NONE', *, *, #3208, .F. ) ;
#1915 = ORIENTED_EDGE ( 'NONE', *, *, #65, .F. ) ;
#1916 = DIRECTION ( 'NONE',  ( -3.180326372624186835E-15, -1.000000000000000000, 0.000000000000000000 ) ) ;
#1917 = LINE ( 'NONE', #3826, #1982 ) ;
#1918 = LINE ( 'NONE', #2481, #5775 ) ;
#1919 = EDGE_CURVE ( 'NONE', #2440, #5502, #3490, .T. ) ;
#1920 = CARTESIAN_POINT ( 'NONE',  ( 12.20000000000001528, 16.75000000000000000, -5.750000000000002665 ) ) ;
#1921 = ORIENTED_EDGE ( 'NONE', *, *, #4918, .T. ) ;
#1922 = CARTESIAN_POINT ( 'NONE',  ( -6.800000000000432365, 24.75000000000001421, -5.750000000000002665 ) ) ;
#1923 = CARTESIAN_POINT ( 'NONE',  ( 6.800000000000003375, 26.75000000000001776, 10.27283860147173300 ) ) ;
#1924 = ORIENTED_EDGE ( 'NONE', *, *, #2809, .F. ) ;
#1925 = DIRECTION ( 'NONE',  ( 1.000000000000000000, -3.127915807573951093E-15, -0.000000000000000000 ) ) ;
#1926 = VERTEX_POINT ( 'NONE', #4415 ) ;
#1927 = CARTESIAN_POINT ( 'NONE',  ( 12.20000000000001528, 2.749999999999967581, -5.750000000000002665 ) ) ;
#1928 = CARTESIAN_POINT ( 'NONE',  ( 9.699993457651148177, 7.499999999999916511, -5.750000000000002665 ) ) ;
#1929 = LINE ( 'NONE', #2028, #5092 ) ;
#1930 = ADVANCED_FACE ( 'NONE', ( #4075 ), #4572, .F. ) ;
#1931 = EDGE_LOOP ( 'NONE', ( #511, #5097, #4155, #231 ) ) ;
#1932 = CARTESIAN_POINT ( 'NONE',  ( -12.19999999999999218, 8.000000000000000000, 14.78477331392862659 ) ) ;
#1933 = LINE ( 'NONE', #2529, #4665 ) ;
#1934 = VERTEX_POINT ( 'NONE', #4539 ) ;
#1935 = DIRECTION ( 'NONE',  ( -0.6427876096865438038, 0.000000000000000000, 0.7660444431189743497 ) ) ;
#1936 = ADVANCED_FACE ( 'NONE', ( #1125 ), #1603, .T. ) ;
#1937 = LINE ( 'NONE', #6154, #4564 ) ;
#1938 = VERTEX_POINT ( 'NONE', #1247 ) ;
#1939 = ORIENTED_EDGE ( 'NONE', *, *, #6182, .F. ) ;
#1940 = CARTESIAN_POINT ( 'NONE',  ( 12.20000000000001528, 8.749999999999987566, -5.750000000000002665 ) ) ;
#1941 = DIRECTION ( 'NONE',  ( 1.000000000000000000, 0.000000000000000000, 0.000000000000000000 ) ) ;
#1942 = ADVANCED_FACE ( 'NONE', ( #2564 ), #2187, .F. ) ;
#1943 = CIRCLE ( 'NONE', #747, 0.5999999999999999778 ) ;
#1944 = CARTESIAN_POINT ( 'NONE',  ( 6.800000000000009592, 24.75000000000001421, -5.750000000000001776 ) ) ;
#1945 = CARTESIAN_POINT ( 'NONE',  ( -2.799997609695374923, 10.74999999999998757, -7.250000000000002665 ) ) ;
#1946 = LINE ( 'NONE', #2446, #1673 ) ;
#1947 = VECTOR ( 'NONE', #1949, 1000.000000000000000 ) ;
#1948 = ORIENTED_EDGE ( 'NONE', *, *, #5164, .T. ) ;
#1949 = DIRECTION ( 'NONE',  ( 0.000000000000000000, 0.000000000000000000, -1.000000000000000000 ) ) ;
#1950 = FACE_OUTER_BOUND ( 'NONE', #2700, .T. ) ;
#1951 = AXIS2_PLACEMENT_3D ( 'NONE', #5140, #4726, #834 ) ;
#1952 = LINE ( 'NONE', #1015, #6073 ) ;
#1953 = ORIENTED_EDGE ( 'NONE', *, *, #5943, .F. ) ;
#1954 = CARTESIAN_POINT ( 'NONE',  ( -0.3999999999999819811, 2.749999999999999112, -5.750000000000002665 ) ) ;
#1955 = VECTOR ( 'NONE', #5868, 1000.000000000000000 ) ;
#1956 = AXIS2_PLACEMENT_3D ( 'NONE', #5088, #814, #2719 ) ;
#1957 = CIRCLE ( 'NONE', #2756, 0.5999999999999998668 ) ;
#1958 = VECTOR ( 'NONE', #5748, 1000.000000000000000 ) ;
#1959 = ORIENTED_EDGE ( 'NONE', *, *, #1777, .F. ) ;
#1960 = DIRECTION ( 'NONE',  ( -3.903127820947800974E-15, 1.000000000000000000, -0.000000000000000000 ) ) ;
#1961 = VECTOR ( 'NONE', #1252, 1000.000000000000000 ) ;
#1962 = DIRECTION ( 'NONE',  ( 0.000000000000000000, 0.000000000000000000, -1.000000000000000000 ) ) ;
#1963 = EDGE_CURVE ( 'NONE', #5024, #2858, #2528, .T. ) ;
#1964 = CARTESIAN_POINT ( 'NONE',  ( 0.3999999999999224176, 18.75000000000000000, -5.750000000000001776 ) ) ;
#1965 = FACE_BOUND ( 'NONE', #6021, .T. ) ;
#1966 = ORIENTED_EDGE ( 'NONE', *, *, #1363, .T. ) ;
#1967 = EDGE_LOOP ( 'NONE', ( #5057, #465, #6104, #1979 ) ) ;
#1968 = EDGE_CURVE ( 'NONE', #5149, #4577, #4014, .T. ) ;
#1969 = EDGE_CURVE ( 'NONE', #81, #2829, #177, .T. ) ;
#1970 = CARTESIAN_POINT ( 'NONE',  ( 2.800001526826707998, 24.75000000000001421, 10.27283860147173300 ) ) ;
#1971 = FACE_OUTER_BOUND ( 'NONE', #749, .T. ) ;
#1972 = ORIENTED_EDGE ( 'NONE', *, *, #2170, .T. ) ;
#1973 = EDGE_CURVE ( 'NONE', #2840, #1873, #5900, .T. ) ;
#1974 = CARTESIAN_POINT ( 'NONE',  ( -6.800000000000439471, 26.75000000000001066, 10.27283860147173300 ) ) ;
#1975 = EDGE_CURVE ( 'NONE', #3212, #4910, #3102, .T. ) ;
#1976 = DIRECTION ( 'NONE',  ( 3.614007241618338910E-15, -1.000000000000000000, 0.000000000000000000 ) ) ;
#1977 = ORIENTED_EDGE ( 'NONE', *, *, #434, .F. ) ;
#1978 = EDGE_CURVE ( 'NONE', #2323, #142, #685, .T. ) ;
#1979 = ORIENTED_EDGE ( 'NONE', *, *, #4435, .F. ) ;
#1980 = LINE ( 'NONE', #5808, #2064 ) ;
#1981 = DIRECTION ( 'NONE',  ( -1.000000000000000000, 0.000000000000000000, 0.000000000000000000 ) ) ;
#1982 = VECTOR ( 'NONE', #2442, 1000.000000000000000 ) ;
#1983 = LINE ( 'NONE', #1482, #1815 ) ;
#1984 = VECTOR ( 'NONE', #2812, 1000.000000000000000 ) ;
#1985 = CARTESIAN_POINT ( 'NONE',  ( -0.4000000000000190625, 16.74999999999999289, -7.250000000000002665 ) ) ;
#1986 = DIRECTION ( 'NONE',  ( 0.1327528877080240699, -0.3782324969206075083, 0.9161423738035391340 ) ) ;
#1987 = ORIENTED_EDGE ( 'NONE', *, *, #2768, .T. ) ;
#1988 = ORIENTED_EDGE ( 'NONE', *, *, #4174, .T. ) ;
#1989 = DIRECTION ( 'NONE',  ( -0.9909538193262598105, 0.1342033083150274420, 0.000000000000000000 ) ) ;
#1990 = VECTOR ( 'NONE', #1916, 1000.000000000000000 ) ;
#1991 = LINE ( 'NONE', #983, #160 ) ;
#1992 = CARTESIAN_POINT ( 'NONE',  ( 8.846410161513773573, 37.60265198398862907, 3.749999999999992006 ) ) ;
#1993 = VERTEX_POINT ( 'NONE', #3605 ) ;
#1994 = CARTESIAN_POINT ( 'NONE',  ( 2.800001526826708442, 16.74999999999999645, 10.27283860147173300 ) ) ;
#1995 = EDGE_LOOP ( 'NONE', ( #5388, #2683, #5317, #1539 ) ) ;
#1996 = CARTESIAN_POINT ( 'NONE',  ( -7.599999999999961453, 16.74999999999999645, 10.27283860147173300 ) ) ;
#1997 = CARTESIAN_POINT ( 'NONE',  ( -11.69999999999998330, 35.89999999999999858, 1.949999999999995959 ) ) ;
#1998 = CARTESIAN_POINT ( 'NONE',  ( 9.007179676972446813, 38.20574445506683503, 3.177894971549565462 ) ) ;
#1999 = FACE_BOUND ( 'NONE', #5817, .T. ) ;
#2000 = ORIENTED_EDGE ( 'NONE', *, *, #284, .F. ) ;
#2001 = ORIENTED_EDGE ( 'NONE', *, *, #4893, .T. ) ;
#2002 = CARTESIAN_POINT ( 'NONE',  ( -6.800000000000375522, 8.749999999999989342, -5.750000000000001776 ) ) ;
#2003 = CARTESIAN_POINT ( 'NONE',  ( -6.800000000000375522, 8.749999999999989342, 10.27283860147173300 ) ) ;
#2004 = CIRCLE ( 'NONE', #2694, 0.5999999999999998668 ) ;
#2005 = VERTEX_POINT ( 'NONE', #618 ) ;
#2006 = CARTESIAN_POINT ( 'NONE',  ( -11.70000654234881665, 18.49999999999998934, 19.71912865872952736 ) ) ;
#2007 = LINE ( 'NONE', #2569, #2759 ) ;
#2008 = ORIENTED_EDGE ( 'NONE', *, *, #205, .T. ) ;
#2009 = ORIENTED_EDGE ( 'NONE', *, *, #1143, .T. ) ;
#2010 = EDGE_CURVE ( 'NONE', #1230, #142, #2593, .T. ) ;
#2011 = DIRECTION ( 'NONE',  ( 0.000000000000000000, 0.000000000000000000, -1.000000000000000000 ) ) ;
#2012 = EDGE_CURVE ( 'NONE', #5784, #112, #5927, .T. ) ;
#2013 = DIRECTION ( 'NONE',  ( -0.6427876096865438038, 0.000000000000000000, 0.7660444431189743497 ) ) ;
#2014 = CARTESIAN_POINT ( 'NONE',  ( -9.199999999999958433, 16.74999999999999645, 10.27283860147173300 ) ) ;
#2015 = FACE_OUTER_BOUND ( 'NONE', #2903, .T. ) ;
#2016 = PLANE ( 'NONE',  #1366 ) ;
#2017 = EDGE_CURVE ( 'NONE', #614, #4225, #20, .T. ) ;
#2018 = ORIENTED_EDGE ( 'NONE', *, *, #3199, .T. ) ;
#2019 = DIRECTION ( 'NONE',  ( -1.000000000000000000, 0.000000000000000000, 0.000000000000000000 ) ) ;
#2020 = LINE ( 'NONE', #165, #851 ) ;
#2021 = LINE ( 'NONE', #2891, #2073 ) ;
#2022 = VERTEX_POINT ( 'NONE', #5517 ) ;
#2023 = DIRECTION ( 'NONE',  ( -3.469446951953611033E-15, -1.000000000000000000, 0.000000000000000000 ) ) ;
#2024 = ADVANCED_FACE ( 'NONE', ( #3128 ), #3981, .T. ) ;
#2025 = ORIENTED_EDGE ( 'NONE', *, *, #588, .T. ) ;
#2026 = DIRECTION ( 'NONE',  ( -1.000000000000000000, 0.000000000000000000, 0.000000000000000000 ) ) ;
#2027 = DIRECTION ( 'NONE',  ( 0.000000000000000000, -1.000000000000000000, 0.000000000000000000 ) ) ;
#2028 = CARTESIAN_POINT ( 'NONE',  ( -2.000003073249075669, 10.74999999999998934, 10.27283860147173300 ) ) ;
#2029 = ADVANCED_FACE ( 'NONE', ( #4039 ), #5956, .F. ) ;
#2030 = CARTESIAN_POINT ( 'NONE',  ( 9.200000000000040146, 16.74999999999999645, 10.27283860147173300 ) ) ;
#2031 = VERTEX_POINT ( 'NONE', #713 ) ;
#2032 = VERTEX_POINT ( 'NONE', #2622 ) ;
#2033 =( BOUNDED_CURVE ( )  B_SPLINE_CURVE ( 3, ( #708, #3186, #5952, #1658 ),
 .UNSPECIFIED., .F., .F. ) 
 B_SPLINE_CURVE_WITH_KNOTS ( ( 4, 4 ),
 ( 4.593381394283616359, 4.712388980384687898 ),
 .UNSPECIFIED. ) 
 CURVE ( )  GEOMETRIC_REPRESENTATION_ITEM ( )  RATIONAL_B_SPLINE_CURVE ( ( 1.000000000000000000, 0.9988201144010552257, 0.9988201144010552257, 1.000000000000000000 ) ) 
 REPRESENTATION_ITEM ( '' )  );
#2034 = PLANE ( 'NONE',  #194 ) ;
#2035 = FACE_OUTER_BOUND ( 'NONE', #4299, .T. ) ;
#2036 = ORIENTED_EDGE ( 'NONE', *, *, #4231, .T. ) ;
#2037 = DIRECTION ( 'NONE',  ( 0.000000000000000000, -0.2588190451025155769, 0.9659258262890696445 ) ) ;
#2038 = LINE ( 'NONE', #4449, #5879 ) ;
#2039 = VECTOR ( 'NONE', #1935, 1000.000000000000000 ) ;
#2040 = VERTEX_POINT ( 'NONE', #741 ) ;
#2041 = EDGE_LOOP ( 'NONE', ( #1478, #4046, #5898, #3485 ) ) ;
#2042 = VECTOR ( 'NONE', #5603, 1000.000000000000000 ) ;
#2043 = EDGE_CURVE ( 'NONE', #1873, #5598, #3632, .T. ) ;
#2044 = LINE ( 'NONE', #2476, #3356 ) ;
#2045 = DIRECTION ( 'NONE',  ( 0.000000000000000000, 0.000000000000000000, -1.000000000000000000 ) ) ;
#2046 = CARTESIAN_POINT ( 'NONE',  ( 13.70000000000001350, 37.76923836385144995, -0.3488893001069729438 ) ) ;
#2047 = CARTESIAN_POINT ( 'NONE',  ( -13.69852713530730881, 36.24223226791510655, 9.745363389700914425 ) ) ;
#2048 = DIRECTION ( 'NONE',  ( 3.903127820947819118E-15, -1.000000000000000000, 0.000000000000000000 ) ) ;
#2049 = ORIENTED_EDGE ( 'NONE', *, *, #1051, .F. ) ;
#2050 = ADVANCED_FACE ( 'NONE', ( #897 ), #5606, .F. ) ;
#2051 = EDGE_CURVE ( 'NONE', #185, #3823, #3190, .T. ) ;
#2052 = PLANE ( 'NONE',  #1887 ) ;
#2053 = FACE_OUTER_BOUND ( 'NONE', #2059, .T. ) ;
#2054 = CARTESIAN_POINT ( 'NONE',  ( -2.000003073249076557, 16.74999999999999645, -7.250000000000002665 ) ) ;
#2055 = VERTEX_POINT ( 'NONE', #2340 ) ;
#2056 = DIRECTION ( 'NONE',  ( 0.000000000000000000, 0.000000000000000000, -1.000000000000000000 ) ) ;
#2057 = VECTOR ( 'NONE', #5707, 1000.000000000000000 ) ;
#2058 = EDGE_CURVE ( 'NONE', #2286, #1189, #2680, .T. ) ;
#2059 = EDGE_LOOP ( 'NONE', ( #2514, #1023, #5896, #163 ) ) ;
#2060 = AXIS2_PLACEMENT_3D ( 'NONE', #1054, #1467, #611 ) ;
#2061 = CARTESIAN_POINT ( 'NONE',  ( 13.67499837761439885, -0.2187158470062901539, 6.885481755851655450 ) ) ;
#2062 = LINE ( 'NONE', #3975, #2150 ) ;
#2063 = PLANE ( 'NONE',  #5290 ) ;
#2065 = CYLINDRICAL_SURFACE ( 'NONE', #4183, 0.6000000000000004219 ) ;
#2064 = VECTOR ( 'NONE', #4866, 1000.000000000000000 ) ;
#2066 = AXIS2_PLACEMENT_3D ( 'NONE', #4640, #2257, #3703 ) ;
#2067 = VECTOR ( 'NONE', #4895, 1000.000000000000000 ) ;
#2068 = ORIENTED_EDGE ( 'NONE', *, *, #397, .T. ) ;
#2069 = EDGE_LOOP ( 'NONE', ( #3290, #2218, #530, #3603 ) ) ;
#2070 = ORIENTED_EDGE ( 'NONE', *, *, #334, .T. ) ;
#2071 = AXIS2_PLACEMENT_3D ( 'NONE', #510, #2454, #4909 ) ;
#2072 = CARTESIAN_POINT ( 'NONE',  ( 13.10877486174830153, -2.349147038914062513, -0.3488893001069954258 ) ) ;
#2073 = VECTOR ( 'NONE', #1454, 1000.000000000000000 ) ;
#2074 = DIRECTION ( 'NONE',  ( -0.5065231823270999190, 0.000000000000000000, -0.8622263425372873602 ) ) ;
#2075 = VERTEX_POINT ( 'NONE', #1309 ) ;
#2076 = DIRECTION ( 'NONE',  ( 0.000000000000000000, 0.000000000000000000, -1.000000000000000000 ) ) ;
#2077 = DIRECTION ( 'NONE',  ( 0.1327528877080236536, -0.3782324969206073417, 0.9161423738035390230 ) ) ;
#2078 = EDGE_LOOP ( 'NONE', ( #1417, #1546, #2383, #152 ) ) ;
#2079 = VERTEX_POINT ( 'NONE', #6080 ) ;
#2080 = CARTESIAN_POINT ( 'NONE',  ( 13.10000000000001563, 37.49641505150210463, 5.512990915244730949 ) ) ;
#2081 = CARTESIAN_POINT ( 'NONE',  ( -12.18067608103240929, 0.000000000000000000, -6.650000000000003020 ) ) ;
#2082 = CARTESIAN_POINT ( 'NONE',  ( 7.599999999999631939, 10.74999999999998934, 10.27283860147173300 ) ) ;
#2083 = DIRECTION ( 'NONE',  ( -1.000000000000000000, -3.614007241618413063E-15, 0.000000000000000000 ) ) ;
#2084 = ORIENTED_EDGE ( 'NONE', *, *, #1135, .T. ) ;
#2085 = DIRECTION ( 'NONE',  ( -3.614007241618342854E-15, 1.000000000000000000, 0.000000000000000000 ) ) ;
#2086 = CIRCLE ( 'NONE', #1381, 0.5999999999999998668 ) ;
#2087 = LINE ( 'NONE', #5006, #1663 ) ;
#2088 = AXIS2_PLACEMENT_3D ( 'NONE', #3029, #678, #612 ) ;
#2089 = ORIENTED_EDGE ( 'NONE', *, *, #930, .T. ) ;
#2090 = DIRECTION ( 'NONE',  ( 2.775557561562888984E-15, 1.000000000000000000, 0.000000000000000000 ) ) ;
#2091 = VECTOR ( 'NONE', #2760, 1000.000000000000000 ) ;
#2092 = ORIENTED_EDGE ( 'NONE', *, *, #2864, .T. ) ;
#2093 = EDGE_CURVE ( 'NONE', #3583, #5449, #5574, .T. ) ;
#2094 = LINE ( 'NONE', #4004, #2350 ) ;
#2095 = LINE ( 'NONE', #1711, #2876 ) ;
#2096 = EDGE_CURVE ( 'NONE', #4148, #4402, #1375, .T. ) ;
#2097 = CYLINDRICAL_SURFACE ( 'NONE', #3089, 0.6000000000000000888 ) ;
#2098 = EDGE_LOOP ( 'NONE', ( #2163, #4683, #4821, #1959 ) ) ;
#2099 = ORIENTED_EDGE ( 'NONE', *, *, #2012, .F. ) ;
#2100 = ORIENTED_EDGE ( 'NONE', *, *, #1733, .F. ) ;
#2101 = DIRECTION ( 'NONE',  ( 1.000000000000000000, -0.000000000000000000, -0.000000000000000000 ) ) ;
#2102 = LINE ( 'NONE', #3633, #6064 ) ;
#2103 = EDGE_CURVE ( 'NONE', #3004, #3845, #2710, .T. ) ;
#2104 = ORIENTED_EDGE ( 'NONE', *, *, #990, .T. ) ;
#2105 = LINE ( 'NONE', #5364, #2633 ) ;
#2106 = LINE ( 'NONE', #4019, #3666 ) ;
#2107 = ORIENTED_EDGE ( 'NONE', *, *, #2832, .T. ) ;
#2108 = ORIENTED_EDGE ( 'NONE', *, *, #3840, .T. ) ;
#2109 = VECTOR ( 'NONE', #192, 1000.000000000000000 ) ;
#2110 = CARTESIAN_POINT ( 'NONE',  ( 13.10000000000001563, 37.49641505150210463, 5.512990915244730061 ) ) ;
#2111 = PLANE ( 'NONE',  #3493 ) ;
#2112 = EDGE_CURVE ( 'NONE', #1900, #3134, #1838, .T. ) ;
#2113 = CARTESIAN_POINT ( 'NONE',  ( -13.41178688976919808, -2.250336246978419386, -0.4012504902295888631 ) ) ;
#2114 = ADVANCED_FACE ( 'NONE', ( #3658 ), #4662, .F. ) ;
#2115 = LINE ( 'NONE', #1203, #353 ) ;
#2116 = ORIENTED_EDGE ( 'NONE', *, *, #3733, .T. ) ;
#2117 = CARTESIAN_POINT ( 'NONE',  ( -13.68088058543542651, -3.819107847772932551, 6.802885375553215042 ) ) ;
#2118 = DIRECTION ( 'NONE',  ( 0.000000000000000000, 0.000000000000000000, 1.000000000000000000 ) ) ;
#2119 = VECTOR ( 'NONE', #1267, 1000.000000000000000 ) ;
#2120 = ORIENTED_EDGE ( 'NONE', *, *, #2, .F. ) ;
#2121 = DIRECTION ( 'NONE',  ( 0.000000000000000000, 0.000000000000000000, -1.000000000000000000 ) ) ;
#2122 = VECTOR ( 'NONE', #1006, 1000.000000000000000 ) ;
#2123 = ORIENTED_EDGE ( 'NONE', *, *, #5403, .F. ) ;
#2124 = CARTESIAN_POINT ( 'NONE',  ( 11.80000000000001670, 31.00000000000000355, 3.749999999999996003 ) ) ;
#2125 = CARTESIAN_POINT ( 'NONE',  ( -2.000003073249078778, 32.74999999999997868, -5.750000000000002665 ) ) ;
#2126 = ORIENTED_EDGE ( 'NONE', *, *, #3815, .T. ) ;
#2127 = EDGE_LOOP ( 'NONE', ( #348, #5859, #1882, #1552 ) ) ;
#2128 = VERTEX_POINT ( 'NONE', #6140 ) ;
#2129 = CARTESIAN_POINT ( 'NONE',  ( 0.3999999999999040989, 16.74999999999999645, 10.27283860147173300 ) ) ;
#2130 = EDGE_CURVE ( 'NONE', #1592, #4736, #2805, .T. ) ;
#2131 = CARTESIAN_POINT ( 'NONE',  ( 6.800000000000088640, 2.750000000000097700, -7.250000000000002665 ) ) ;
#2132 = VERTEX_POINT ( 'NONE', #4630 ) ;
#2133 = SPHERICAL_SURFACE ( 'NONE', #226, 0.5999999999999999778 ) ;
#2134 = LINE ( 'NONE', #4486, #5070 ) ;
#2135 = EDGE_LOOP ( 'NONE', ( #4406, #5897, #4886, #656 ) ) ;
#2136 = ORIENTED_EDGE ( 'NONE', *, *, #2947, .T. ) ;
#2137 = SURFACE_SIDE_STYLE ('',( #4022 ) ) ;
#2138 = CARTESIAN_POINT ( 'NONE',  ( -11.79999999999998650, 36.00000000000000711, 3.749999999999996003 ) ) ;
#2139 = CARTESIAN_POINT ( 'NONE',  ( 11.70000000000001350, 2.299999999999906120, 19.71912865872952736 ) ) ;
#2140 = DIRECTION ( 'NONE',  ( -1.000000000000000000, -5.493291007259776062E-15, 0.000000000000000000 ) ) ;
#2141 = ORIENTED_EDGE ( 'NONE', *, *, #864, .F. ) ;
#2142 = FACE_BOUND ( 'NONE', #360, .T. ) ;
#2143 = CARTESIAN_POINT ( 'NONE',  ( 12.80000000000001847, 0.9017019617438403190, 6.032606157515394862 ) ) ;
#2144 = VERTEX_POINT ( 'NONE', #1739 ) ;
#2145 = PLANE ( 'NONE',  #1660 ) ;
#2146 = ORIENTED_EDGE ( 'NONE', *, *, #5626, .T. ) ;
#2147 = DIRECTION ( 'NONE',  ( -2.228546616889519982E-16, 0.000000000000000000, -1.000000000000000000 ) ) ;
#2148 = DIRECTION ( 'NONE',  ( 0.000000000000000000, 0.000000000000000000, -1.000000000000000000 ) ) ;
#2149 = EDGE_CURVE ( 'NONE', #3989, #1592, #329, .T. ) ;
#2150 = VECTOR ( 'NONE', #5892, 1000.000000000000000 ) ;
#2151 = CARTESIAN_POINT ( 'NONE',  ( -9.999999999999806377, -24.48182999695905337, -5.750000000000002665 ) ) ;
#2152 = ORIENTED_EDGE ( 'NONE', *, *, #1695, .F. ) ;
#2153 = VECTOR ( 'NONE', #4471, 1000.000000000000000 ) ;
#2154 = VERTEX_POINT ( 'NONE', #391 ) ;
#2155 = EDGE_CURVE ( 'NONE', #2611, #2232, #2004, .T. ) ;
#2156 = DIRECTION ( 'NONE',  ( -1.000000000000000000, 0.000000000000000000, 0.000000000000000000 ) ) ;
#2157 = VECTOR ( 'NONE', #4939, 1000.000000000000000 ) ;
#2158 = DIRECTION ( 'NONE',  ( -5.493291007259776062E-15, 1.000000000000000000, 0.000000000000000000 ) ) ;
#2159 = ORIENTED_EDGE ( 'NONE', *, *, #5700, .T. ) ;
#2160 = VECTOR ( 'NONE', #36, 1000.000000000000000 ) ;
#2161 = CARTESIAN_POINT ( 'NONE',  ( 2.800001526826709330, 10.74999999999998934, -7.250000000000002665 ) ) ;
#2162 = EDGE_CURVE ( 'NONE', #5024, #875, #364, .T. ) ;
#2163 = ORIENTED_EDGE ( 'NONE', *, *, #4625, .F. ) ;
#2164 = VERTEX_POINT ( 'NONE', #4724 ) ;
#2165 = AXIS2_PLACEMENT_3D ( 'NONE', #375, #1721, #2293 ) ;
#2166 = VECTOR ( 'NONE', #4180, 1000.000000000000000 ) ;
#2167 = CARTESIAN_POINT ( 'NONE',  ( 13.70029000000004693, 0.4999999999999973910, -7.249999999999999112 ) ) ;
#2168 = EDGE_CURVE ( 'NONE', #1418, #788, #420, .T. ) ;
#2169 = CARTESIAN_POINT ( 'NONE',  ( -5.200000000000020606, 32.74999999999997158, -7.250000000000002665 ) ) ;
#2170 = EDGE_CURVE ( 'NONE', #419, #655, #246, .T. ) ;
#2171 = FACE_OUTER_BOUND ( 'NONE', #6202, .T. ) ;
#2172 = PLANE ( 'NONE',  #3857 ) ;
#2173 = ORIENTED_EDGE ( 'NONE', *, *, #4006, .T. ) ;
#2174 = CARTESIAN_POINT ( 'NONE',  ( -2.000003073249077445, 24.75000000000001421, 10.27283860147173300 ) ) ;
#2175 = CARTESIAN_POINT ( 'NONE',  ( -12.19999999999998508, 36.00000000000000711, 7.959488292598522641 ) ) ;
#2176 = VERTEX_POINT ( 'NONE', #1407 ) ;
#2177 = LINE ( 'NONE', #3092, #1646 ) ;
#2178 = CIRCLE ( 'NONE', #3881, 0.6000000000000003109 ) ;
#2179 = EDGE_LOOP ( 'NONE', ( #1198, #278, #2159, #2498 ) ) ;
#2180 = CARTESIAN_POINT ( 'NONE',  ( 13.69820323486178459, 37.93217744335841246, -0.3612889752276051691 ) ) ;
#2181 = CARTESIAN_POINT ( 'NONE',  ( 12.20000000000001705, 0.000000000000000000, 1.949999999999995515 ) ) ;
#2182 = AXIS2_PLACEMENT_3D ( 'NONE', #3650, #2704, #1770 ) ;
#2183 = CARTESIAN_POINT ( 'NONE',  ( -8.667819926235441841, 37.59641803117588665, 3.749999999999996003 ) ) ;
#2184 = AXIS2_PLACEMENT_3D ( 'NONE', #2080, #1612, #598 ) ;
#2185 = ORIENTED_EDGE ( 'NONE', *, *, #3397, .T. ) ;
#2186 = ORIENTED_EDGE ( 'NONE', *, *, #528, .T. ) ;
#2187 = PLANE ( 'NONE',  #2394 ) ;
#2188 = CARTESIAN_POINT ( 'NONE',  ( -11.69999999999998330, 35.89999999999999858, -3.749999999999999112 ) ) ;
#2189 = UNCERTAINTY_MEASURE_WITH_UNIT (LENGTH_MEASURE( 1.000000000000000082E-05 ), #2996, 'distance_accuracy_value', 'NONE');
#2190 = ORIENTED_EDGE ( 'NONE', *, *, #5221, .T. ) ;
#2191 = LINE ( 'NONE', #4635, #5980 ) ;
#2192 = ORIENTED_EDGE ( 'NONE', *, *, #3735, .T. ) ;
#2193 = ORIENTED_EDGE ( 'NONE', *, *, #3394, .T. ) ;
#2194 = LINE ( 'NONE', #3198, #151 ) ;
#2195 = DIRECTION ( 'NONE',  ( 1.000000000000000000, 2.682812834618713854E-18, -2.228546616889519982E-16 ) ) ;
#2196 = LINE ( 'NONE', #4112, #5766 ) ;
#2197 = DIRECTION ( 'NONE',  ( 7.228014483236682257E-17, -1.000000000000000000, 0.000000000000000000 ) ) ;
#2198 = EDGE_LOOP ( 'NONE', ( #4251, #5510, #1628, #924 ) ) ;
#2199 = EDGE_CURVE ( 'NONE', #5776, #4656, #5075, .T. ) ;
#2200 = FACE_BOUND ( 'NONE', #496, .T. ) ;
#2201 = DIRECTION ( 'NONE',  ( 0.000000000000000000, 0.000000000000000000, -1.000000000000000000 ) ) ;
#2202 = DIRECTION ( 'NONE',  ( 0.1327528877080234593, 0.3782324969206073972, -0.9161423738035391340 ) ) ;
#2203 = EDGE_CURVE ( 'NONE', #4225, #5521, #3022, .T. ) ;
#2204 = ORIENTED_EDGE ( 'NONE', *, *, #4049, .T. ) ;
#2205 = CARTESIAN_POINT ( 'NONE',  ( 13.69971338071882094, -3.663530819139592776, 6.803033191431244298 ) ) ;
#2206 = ORIENTED_EDGE ( 'NONE', *, *, #2890, .F. ) ;
#2207 = CARTESIAN_POINT ( 'NONE',  ( -13.27936818339048308, 37.39125746682874052, 7.999777521042804374 ) ) ;
#2208 = LINE ( 'NONE', #891, #1170 ) ;
#2209 = EDGE_CURVE ( 'NONE', #1061, #5784, #3930, .T. ) ;
#2210 = EDGE_LOOP ( 'NONE', ( #623, #4959, #4429, #2991 ) ) ;
#2211 = DIRECTION ( 'NONE',  ( 0.000000000000000000, 0.000000000000000000, 1.000000000000000000 ) ) ;
#2212 = ORIENTED_EDGE ( 'NONE', *, *, #334, .F. ) ;
#2213 = ORIENTED_EDGE ( 'NONE', *, *, #5314, .F. ) ;
#2214 = CARTESIAN_POINT ( 'NONE',  ( -6.800000000000375522, 8.749999999999989342, 10.27283860147173300 ) ) ;
#2215 = DIRECTION ( 'NONE',  ( -0.1420391334185776289, -0.1377620308829188567, -0.9802277834384787170 ) ) ;
#2216 = LINE ( 'NONE', #1714, #2551 ) ;
#2217 = EDGE_CURVE ( 'NONE', #2144, #1774, #1583, .T. ) ;
#2218 = ORIENTED_EDGE ( 'NONE', *, *, #2659, .T. ) ;
#2219 = DIRECTION ( 'NONE',  ( -1.000000000000000000, 0.000000000000000000, 0.000000000000000000 ) ) ;
#2220 = ORIENTED_EDGE ( 'NONE', *, *, #3598, .F. ) ;
#2221 = ORIENTED_EDGE ( 'NONE', *, *, #3277, .T. ) ;
#2222 = CARTESIAN_POINT ( 'NONE',  ( -11.56331006487585888, 35.79161464797530812, 1.544621661994038053 ) ) ;
#2223 = CARTESIAN_POINT ( 'NONE',  ( -9.200000000000017053, 32.74999999999994316, 10.27283860147173300 ) ) ;
#2224 = DIRECTION ( 'NONE',  ( 8.673600826027696650E-15, 1.000000000000000000, 0.000000000000000000 ) ) ;
#2225 = CARTESIAN_POINT ( 'NONE',  ( 7.200000000000002842, 0.000000000000000000, 3.749999999999996003 ) ) ;
#2226 = VERTEX_POINT ( 'NONE', #3049 ) ;
#2227 = EDGE_CURVE ( 'NONE', #5704, #3303, #1042, .T. ) ;
#2228 =( BOUNDED_CURVE ( )  B_SPLINE_CURVE ( 3, ( #4581, #1719, #1257, #5497 ),
 .UNSPECIFIED., .F., .F. ) 
 B_SPLINE_CURVE_WITH_KNOTS ( ( 4, 4 ),
 ( 6.269754248782930084, 6.275988823054892585 ),
 .UNSPECIFIED. ) 
 CURVE ( )  GEOMETRIC_REPRESENTATION_ITEM ( )  RATIONAL_B_SPLINE_CURVE ( ( 1.000000000000000000, 0.9999967608429269905, 0.9999967608429269905, 1.000000000000000000 ) ) 
 REPRESENTATION_ITEM ( '' )  );
#2229 = DIRECTION ( 'NONE',  ( 1.000000000000000000, 1.734723475976559708E-14, 0.000000000000000000 ) ) ;
#2230 = FACE_OUTER_BOUND ( 'NONE', #3773, .T. ) ;
#2231 = LINE ( 'NONE', #4145, #3116 ) ;
#2232 = VERTEX_POINT ( 'NONE', #2833 ) ;
#2233 = DIRECTION ( 'NONE',  ( 0.000000000000000000, 1.000000000000000000, 0.000000000000000000 ) ) ;
#2234 = EDGE_CURVE ( 'NONE', #2746, #4230, #3504, .T. ) ;
#2235 = ADVANCED_FACE ( 'NONE', ( #3336 ), #3532, .T. ) ;
#2236 = ORIENTED_EDGE ( 'NONE', *, *, #3308, .T. ) ;
#2237 = CARTESIAN_POINT ( 'NONE',  ( 13.70000000000001528, 0.7160403889467442662, 5.864462777820872219 ) ) ;
#2238 = DIRECTION ( 'NONE',  ( -0.000000000000000000, -0.000000000000000000, -1.000000000000000000 ) ) ;
#2239 = EDGE_CURVE ( 'NONE', #1097, #6086, #1618, .T. ) ;
#2240 = ORIENTED_EDGE ( 'NONE', *, *, #638, .F. ) ;
#2241 = EDGE_CURVE ( 'NONE', #1189, #2154, #5381, .T. ) ;
#2242 = VERTEX_POINT ( 'NONE', #452 ) ;
#2243 = ORIENTED_EDGE ( 'NONE', *, *, #671, .T. ) ;
#2244 = CARTESIAN_POINT ( 'NONE',  ( 5.199999999999945999, -24.48182999695894679, -5.750000000000002665 ) ) ;
#2245 = LINE ( 'NONE', #2806, #2741 ) ;
#2246 = DIRECTION ( 'NONE',  ( 0.000000000000000000, 0.000000000000000000, -1.000000000000000000 ) ) ;
#2247 = VECTOR ( 'NONE', #5174, 1000.000000000000000 ) ;
#2248 = ORIENTED_EDGE ( 'NONE', *, *, #992, .F. ) ;
#2249 = EDGE_CURVE ( 'NONE', #1390, #4692, #1141, .T. ) ;
#2250 = CARTESIAN_POINT ( 'NONE',  ( -7.599999999999990763, 24.75000000000001421, -7.250000000000002665 ) ) ;
#2251 = VECTOR ( 'NONE', #355, 1000.000000000000000 ) ;
#2252 = ORIENTED_EDGE ( 'NONE', *, *, #742, .F. ) ;
#2253 = DIRECTION ( 'NONE',  ( -0.000000000000000000, -0.000000000000000000, -1.000000000000000000 ) ) ;
#2254 = DIRECTION ( 'NONE',  ( -0.000000000000000000, -0.000000000000000000, -1.000000000000000000 ) ) ;
#2255 = CARTESIAN_POINT ( 'NONE',  ( -12.19999999999998508, 36.39999999999999858, 7.959488292598522641 ) ) ;
#2256 = VECTOR ( 'NONE', #5175, 1000.000000000000000 ) ;
#2257 = DIRECTION ( 'NONE',  ( 0.000000000000000000, 1.000000000000000000, 0.000000000000000000 ) ) ;
#2258 = PLANE ( 'NONE',  #2165 ) ;
#2259 = MECHANICAL_DESIGN_GEOMETRIC_PRESENTATION_REPRESENTATION (  '', ( #449 ), #2851 ) ;
#2260 = VECTOR ( 'NONE', #4613, 1000.000000000000000 ) ;
#2261 = AXIS2_PLACEMENT_3D ( 'NONE', #3800, #1074, #2539 ) ;
#2262 = VECTOR ( 'NONE', #3393, 1000.000000000000000 ) ;
#2263 = VERTEX_POINT ( 'NONE', #633 ) ;
#2264 = DIRECTION ( 'NONE',  ( 0.1336926242098022688, 0.9871829408665856453, -0.08715574274765837404 ) ) ;
#2265 = EDGE_CURVE ( 'NONE', #4033, #5946, #2544, .T. ) ;
#2266 = PLANE ( 'NONE',  #3376 ) ;
#2267 = AXIS2_PLACEMENT_3D ( 'NONE', #606, #5383, #4432 ) ;
#2268 = LINE ( 'NONE', #4179, #409 ) ;
#2269 = CARTESIAN_POINT ( 'NONE',  ( 11.69999345765112153, 2.299999999999906120, -3.750000000000003553 ) ) ;
#2270 = EDGE_LOOP ( 'NONE', ( #4157, #4719, #5770, #1255 ) ) ;
#2271 = LINE ( 'NONE', #4717, #2251 ) ;
#2272 = CARTESIAN_POINT ( 'NONE',  ( 13.10000000000001563, 38.36988785813656477, -0.3488893001070244027 ) ) ;
#2273 = VERTEX_POINT ( 'NONE', #2578 ) ;
#2274 = CARTESIAN_POINT ( 'NONE',  ( 12.19999999999993889, 10.75000000000001599, -5.750000000000002665 ) ) ;
#2275 = ORIENTED_EDGE ( 'NONE', *, *, #3218, .T. ) ;
#2276 = EDGE_CURVE ( 'NONE', #651, #1773, #2790, .T. ) ;
#2277 = EDGE_LOOP ( 'NONE', ( #1682, #4958, #979, #1477 ) ) ;
#2278 = CARTESIAN_POINT ( 'NONE',  ( 12.20000000000001528, 0.000000000000000000, -3.750000000000003109 ) ) ;
#2279 = ADVANCED_FACE ( 'NONE', ( #3998 ), #5942, .T. ) ;
#2280 = CARTESIAN_POINT ( 'NONE',  ( 9.200000000000089884, 2.750000000000131006, 10.27283860147173300 ) ) ;
#2281 = SPHERICAL_SURFACE ( 'NONE', #4660, 0.5999999999999999778 ) ;
#2282 = VECTOR ( 'NONE', #5529, 1000.000000000000000 ) ;
#2283 = ORIENTED_EDGE ( 'NONE', *, *, #1826, .T. ) ;
#2284 = ADVANCED_FACE ( 'NONE', ( #4905 ), #604, .T. ) ;
#2285 = CARTESIAN_POINT ( 'NONE',  ( 2.000000000000069278, 8.749999999999989342, 10.27283860147173300 ) ) ;
#2286 = VERTEX_POINT ( 'NONE', #4430 ) ;
#2287 = LINE ( 'NONE', #4202, #1483 ) ;
#2288 = AXIS2_PLACEMENT_3D ( 'NONE', #256, #1294, #1703 ) ;
#2289 = DIRECTION ( 'NONE',  ( 4.047688110612522540E-15, -1.000000000000000000, 0.000000000000000000 ) ) ;
#2290 = ADVANCED_FACE ( 'NONE', ( #129 ), #2052, .T. ) ;
#2291 = ORIENTED_EDGE ( 'NONE', *, *, #1444, .T. ) ;
#2292 = DIRECTION ( 'NONE',  ( 0.000000000000000000, 0.000000000000000000, -1.000000000000000000 ) ) ;
#2293 = DIRECTION ( 'NONE',  ( 3.614007241618342854E-15, -1.000000000000000000, 0.000000000000000000 ) ) ;
#2294 = EDGE_LOOP ( 'NONE', ( #3193, #521, #716, #3133, #2669, #968, #4651, #120, #2735, #6138, #1293, #2619, #5661, #869, #6042, #2936, #3210, #3009, #2337, #1386, #5644, #103, #5195, #6183, #5408, #432, #1736, #5822, #3835, #5436 ) ) ;
#2295 = DIRECTION ( 'NONE',  ( -0.8621959493900100968, 0.000000000000000000, -0.5065749153436824859 ) ) ;
#2296 = CARTESIAN_POINT ( 'NONE',  ( 10.19338422907795483, -3.719598378890470070, 11.58643895017635117 ) ) ;
#2297 = EDGE_CURVE ( 'NONE', #5988, #2273, #222, .T. ) ;
#2298 = CARTESIAN_POINT ( 'NONE',  ( 2.699993457651239215, 33.39999999999994174, 19.71912865872952736 ) ) ;
#2299 = ADVANCED_FACE ( 'NONE', ( #6003 ), #2607, .F. ) ;
#2300 = SPHERICAL_SURFACE ( 'NONE', #5950, 0.5999999999999999778 ) ;
#2301 = ORIENTED_EDGE ( 'NONE', *, *, #3093, .F. ) ;
#2302 = VECTOR ( 'NONE', #5638, 1000.000000000000000 ) ;
#2303 = CARTESIAN_POINT ( 'NONE',  ( 13.41521629777294855, 38.30394568026645885, -0.3635378349402706433 ) ) ;
#2304 = CARTESIAN_POINT ( 'NONE',  ( 13.10193730118825783, 38.36988785813657188, -0.3488893001070163535 ) ) ;
#2305 = ORIENTED_EDGE ( 'NONE', *, *, #2419, .F. ) ;
#2306 = CARTESIAN_POINT ( 'NONE',  ( 7.599999999999639044, 8.749999999999991118, -5.750000000000001776 ) ) ;
#2307 = EDGE_LOOP ( 'NONE', ( #5237, #2092, #4659, #3371 ) ) ;
#2308 = ORIENTED_EDGE ( 'NONE', *, *, #4016, .T. ) ;
#2309 = EDGE_CURVE ( 'NONE', #4360, #5920, #5528, .T. ) ;
#2310 = CARTESIAN_POINT ( 'NONE',  ( 13.46349946042139401, -4.134300978483132383, 6.763094051303675691 ) ) ;
#2311 = CARTESIAN_POINT ( 'NONE',  ( 2.000000000000010214, 24.75000000000001421, -7.250000000000002665 ) ) ;
#2312 = CARTESIAN_POINT ( 'NONE',  ( -9.170532485644763199, 38.19337941413796500, 3.443570174151608931 ) ) ;
#2313 = ORIENTED_EDGE ( 'NONE', *, *, #397, .F. ) ;
#2314 = CARTESIAN_POINT ( 'NONE',  ( 7.599999999999552891, 32.75000000000009948, -7.250000000000002665 ) ) ;
#2315 = AXIS2_PLACEMENT_3D ( 'NONE', #2298, #2793, #6130 ) ;
#2316 = ORIENTED_EDGE ( 'NONE', *, *, #1586, .T. ) ;
#2317 = ADVANCED_FACE ( 'NONE', ( #4643 ), #1206, .T. ) ;
#2318 = DIRECTION ( 'NONE',  ( -1.000000000000000000, -1.445602896647337191E-16, 0.000000000000000000 ) ) ;
#2319 = CARTESIAN_POINT ( 'NONE',  ( -7.599999999999933031, 8.749999999999989342, -7.250000000000002665 ) ) ;
#2320 = ORIENTED_EDGE ( 'NONE', *, *, #736, .F. ) ;
#2321 = LINE ( 'NONE', #3886, #2336 ) ;
#2322 = LINE ( 'NONE', #17, #450 ) ;
#2323 = VERTEX_POINT ( 'NONE', #314 ) ;
#2324 = ORIENTED_EDGE ( 'NONE', *, *, #5085, .F. ) ;
#2325 = ORIENTED_EDGE ( 'NONE', *, *, #5176, .T. ) ;
#2326 = CARTESIAN_POINT ( 'NONE',  ( 12.20000000000001528, 24.75000000000001421, -5.750000000000002665 ) ) ;
#2327 = CARTESIAN_POINT ( 'NONE',  ( -10.00000000000001954, 32.74999999999992895, -7.250000000000002665 ) ) ;
#2328 = CARTESIAN_POINT ( 'NONE',  ( 5.200000000000082778, 16.74999999999999289, -5.750000000000001776 ) ) ;
#2329 = DIRECTION ( 'NONE',  ( 0.08715574274765836016, 0.000000000000000000, -0.9961946980917455452 ) ) ;
#2330 = EDGE_CURVE ( 'NONE', #451, #4836, #4616, .T. ) ;
#2331 = VERTEX_POINT ( 'NONE', #3174 ) ;
#2332 = LINE ( 'NONE', #3867, #5466 ) ;
#2333 = FACE_OUTER_BOUND ( 'NONE', #4041, .T. ) ;
#2334 = ORIENTED_EDGE ( 'NONE', *, *, #1178, .T. ) ;
#2335 = CARTESIAN_POINT ( 'NONE',  ( 12.20000000000001528, 18.75000000000000355, -5.750000000000002665 ) ) ;
#2336 = VECTOR ( 'NONE', #3761, 1000.000000000000000 ) ;
#2337 = ORIENTED_EDGE ( 'NONE', *, *, #2227, .F. ) ;
#2338 = VERTEX_POINT ( 'NONE', #4115 ) ;
#2339 = VECTOR ( 'NONE', #4285, 1000.000000000000000 ) ;
#2340 = CARTESIAN_POINT ( 'NONE',  ( 7.599999999999582201, 24.75000000000001421, -7.250000000000002665 ) ) ;
#2341 = CARTESIAN_POINT ( 'NONE',  ( 12.20000000000001528, 32.75000000000014211, -5.750000000000002665 ) ) ;
#2342 = ADVANCED_FACE ( 'NONE', ( #1232 ), #817, .T. ) ;
#2343 = ORIENTED_EDGE ( 'NONE', *, *, #5347, .T. ) ;
#2344 = PLANE ( 'NONE',  #6115 ) ;
#2345 = CARTESIAN_POINT ( 'NONE',  ( -13.18267331203654535, -3.659962908907216317, 6.498636809136426606 ) ) ;
#2346 = VERTEX_POINT ( 'NONE', #2722 ) ;
#2347 = ADVANCED_FACE ( 'NONE', ( #5058 ), #5124, .F. ) ;
#2348 = CARTESIAN_POINT ( 'NONE',  ( -9.700006542348811323, 18.49999999999998224, -5.750000000000002665 ) ) ;
#2349 = PLANE ( 'NONE',  #4868 ) ;
#2350 = VECTOR ( 'NONE', #1147, 1000.000000000000000 ) ;
#2351 = ORIENTED_EDGE ( 'NONE', *, *, #3448, .T. ) ;
#2352 = ORIENTED_EDGE ( 'NONE', *, *, #65, .T. ) ;
#2353 = ADVANCED_FACE ( 'NONE', ( #2665, #4528, #4587, #4177, #3086, #5031, #3114, #288, #3560, #5472, #2200, #4143, #6059, #6029, #1176, #2142, #1680, #5005, #3590, #4055 ), #5091, .F. ) ;
#2354 = SPHERICAL_SURFACE ( 'NONE', #77, 0.5999999999999999778 ) ;
#2355 = ADVANCED_FACE ( 'NONE', ( #5504 ), #728, .T. ) ;
#2356 = CARTESIAN_POINT ( 'NONE',  ( -6.800000000000461675, 32.74999999999994316, -7.250000000000002665 ) ) ;
#2357 = CIRCLE ( 'NONE', #2958, 0.5999999999999992006 ) ;
#2358 = VECTOR ( 'NONE', #3617, 1000.000000000000000 ) ;
#2359 = CARTESIAN_POINT ( 'NONE',  ( -9.199999999999906919, 2.749999999999934719, 10.27283860147173300 ) ) ;
#2360 = DIRECTION ( 'NONE',  ( 1.000000000000000000, 4.336808689942016158E-15, -0.000000000000000000 ) ) ;
#2361 = LINE ( 'NONE', #5158, #3858 ) ;
#2362 = COLOUR_RGB ( '',1.000000000000000000, 1.000000000000000000, 1.000000000000000000 ) ;
#2363 = ORIENTED_EDGE ( 'NONE', *, *, #1182, .F. ) ;
#2364 = VECTOR ( 'NONE', #2487, 1000.000000000000000 ) ;
#2365 = CARTESIAN_POINT ( 'NONE',  ( 2.699993457651239215, 33.39999999999994174, -5.750000000000002665 ) ) ;
#2366 = CARTESIAN_POINT ( 'NONE',  ( 11.69999345765108067, 15.49999999999990230, -5.750000000000002665 ) ) ;
#2367 = ORIENTED_EDGE ( 'NONE', *, *, #1385, .T. ) ;
#2368 = VERTEX_POINT ( 'NONE', #789 ) ;
#2369 = CARTESIAN_POINT ( 'NONE',  ( -13.39661193766172964, -4.177124993147316445, 6.754246899145222471 ) ) ;
#2370 = CARTESIAN_POINT ( 'NONE',  ( -11.69999999999998153, 0.5000000000000000000, 1.949999999999995959 ) ) ;
#2371 = CARTESIAN_POINT ( 'NONE',  ( 11.80000000000001670, 36.00000000000000711, 4.249999999999995559 ) ) ;
#2372 = CARTESIAN_POINT ( 'NONE',  ( -11.79999999999998650, 0.4000000000000000222, 4.249999999999995559 ) ) ;
#2373 = EDGE_LOOP ( 'NONE', ( #3830, #3052, #1091, #3657, #5532, #301 ) ) ;
#2374 = DIRECTION ( 'NONE',  ( 0.4365064527871117539, 0.5160473658072718406, -0.7369920168621834078 ) ) ;
#2375 = LINE ( 'NONE', #2839, #5065 ) ;
#2376 = ADVANCED_FACE ( 'NONE', ( #2849 ), #3767, .F. ) ;
#2377 = ORIENTED_EDGE ( 'NONE', *, *, #448, .F. ) ;
#2378 = VECTOR ( 'NONE', #1655, 1000.000000000000000 ) ;
#2379 = FACE_OUTER_BOUND ( 'NONE', #6065, .T. ) ;
#2380 = CARTESIAN_POINT ( 'NONE',  ( 12.20000000000001528, 32.74999999999994316, -5.750000000000002665 ) ) ;
#2381 = VECTOR ( 'NONE', #1904, 1000.000000000000000 ) ;
#2382 = ORIENTED_EDGE ( 'NONE', *, *, #4107, .F. ) ;
#2383 = ORIENTED_EDGE ( 'NONE', *, *, #1899, .T. ) ;
#2384 = CARTESIAN_POINT ( 'NONE',  ( -11.70000654234883086, 12.49999999999999112, 19.71912865872952736 ) ) ;
#2385 = DIRECTION ( 'NONE',  ( -0.000000000000000000, -0.000000000000000000, -1.000000000000000000 ) ) ;
#2386 = DIRECTION ( 'NONE',  ( 0.000000000000000000, -0.000000000000000000, 1.000000000000000000 ) ) ;
#2387 = DIRECTION ( 'NONE',  ( 1.000000000000000000, -4.336808689942006692E-15, 0.000000000000000000 ) ) ;
#2388 = CARTESIAN_POINT ( 'NONE',  ( 4.400000000000089173, 18.75000000000000000, -5.750000000000001776 ) ) ;
#2389 = ORIENTED_EDGE ( 'NONE', *, *, #4198, .F. ) ;
#2390 = CARTESIAN_POINT ( 'NONE',  ( -8.667819926235441841, 36.39999999999999858, 14.78477331392862659 ) ) ;
#2391 = CARTESIAN_POINT ( 'NONE',  ( 12.70000000000001172, 36.87842795731026513, -7.250000000000002665 ) ) ;
#2392 = VERTEX_POINT ( 'NONE', #468 ) ;
#2393 = SPHERICAL_SURFACE ( 'NONE', #6049, 0.5999999999999999778 ) ;
#2394 = AXIS2_PLACEMENT_3D ( 'NONE', #3517, #5540, #1630 ) ;
#2395 = ORIENTED_EDGE ( 'NONE', *, *, #3477, .F. ) ;
#2396 = DIRECTION ( 'NONE',  ( -1.000000000000000000, -1.445602896647333000E-16, 0.000000000000000000 ) ) ;
#2397 = DIRECTION ( 'NONE',  ( 3.614007241618413063E-15, -1.000000000000000000, 0.000000000000000000 ) ) ;
#2398 = DIRECTION ( 'NONE',  ( 3.903127820947800974E-15, -1.000000000000000000, 0.000000000000000000 ) ) ;
#2399 = EDGE_CURVE ( 'NONE', #1653, #5537, #5622, .T. ) ;
#2400 = ORIENTED_EDGE ( 'NONE', *, *, #2832, .F. ) ;
#2401 = CARTESIAN_POINT ( 'NONE',  ( -2.000003073249074781, 2.749999999999976463, -7.250000000000002665 ) ) ;
#2402 = ADVANCED_FACE ( 'NONE', ( #1824 ), #4301, .T. ) ;
#2403 = DIRECTION ( 'NONE',  ( 0.000000000000000000, 0.000000000000000000, -1.000000000000000000 ) ) ;
#2404 = ORIENTED_EDGE ( 'NONE', *, *, #855, .F. ) ;
#2405 = CARTESIAN_POINT ( 'NONE',  ( -5.200000000000020606, 32.74999999999997158, -5.750000000000001776 ) ) ;
#2406 = PLANE ( 'NONE',  #558 ) ;
#2407 = VECTOR ( 'NONE', #5000, 1000.000000000000227 ) ;
#2408 = ORIENTED_EDGE ( 'NONE', *, *, #4523, .F. ) ;
#2409 = ORIENTED_EDGE ( 'NONE', *, *, #3269, .F. ) ;
#2410 = CARTESIAN_POINT ( 'NONE',  ( -12.14931720325940923, -0.4052219153146711661, 7.899086887500222254 ) ) ;
#2411 = LINE ( 'NONE', #4831, #1879 ) ;
#2412 = FACE_OUTER_BOUND ( 'NONE', #1047, .T. ) ;
#2413 = CARTESIAN_POINT ( 'NONE',  ( 4.400000000000115818, 24.75000000000001421, 10.27283860147173300 ) ) ;
#2414 = LINE ( 'NONE', #4903, #1958 ) ;
#2415 = ORIENTED_EDGE ( 'NONE', *, *, #2809, .T. ) ;
#2416 = FACE_OUTER_BOUND ( 'NONE', #5935, .T. ) ;
#2417 = FACE_OUTER_BOUND ( 'NONE', #3810, .T. ) ;
#2418 = ADVANCED_FACE ( 'NONE', ( #3235 ), #5154, .T. ) ;
#2419 = EDGE_CURVE ( 'NONE', #6058, #5149, #377, .T. ) ;
#2420 = CARTESIAN_POINT ( 'NONE',  ( 8.699993457651235218, 33.39999999999991331, -5.750000000000002665 ) ) ;
#2421 = ORIENTED_EDGE ( 'NONE', *, *, #5815, .F. ) ;
#2422 = CARTESIAN_POINT ( 'NONE',  ( -12.18067608103240929, 0.9014114098748527981, -6.650000000000003020 ) ) ;
#2423 = ORIENTED_EDGE ( 'NONE', *, *, #4281, .T. ) ;
#2424 = ADVANCED_FACE ( 'NONE', ( #6126 ), #5655, .F. ) ;
#2425 = LINE ( 'NONE', #5255, #4650 ) ;
#2426 = CARTESIAN_POINT ( 'NONE',  ( -12.19999999999998508, 2.769960899225127005, 7.955727793246770929 ) ) ;
#2427 = DIRECTION ( 'NONE',  ( 1.445602896647346312E-16, -1.000000000000000000, 0.000000000000000000 ) ) ;
#2428 = EDGE_CURVE ( 'NONE', #5319, #2954, #6218, .T. ) ;
#2429 = FACE_BOUND ( 'NONE', #2179, .T. ) ;
#2430 = ADVANCED_FACE ( 'NONE', ( #3322 ), #6158, .T. ) ;
#2431 = ORIENTED_EDGE ( 'NONE', *, *, #1613, .F. ) ;
#2432 = VECTOR ( 'NONE', #2233, 1000.000000000000000 ) ;
#2433 = ORIENTED_EDGE ( 'NONE', *, *, #434, .T. ) ;
#2434 = CARTESIAN_POINT ( 'NONE',  ( 10.00000000000006750, 7.499999999999914735, -3.750000000000003553 ) ) ;
#2435 = DIRECTION ( 'NONE',  ( 0.000000000000000000, 0.000000000000000000, -1.000000000000000000 ) ) ;
#2436 = ORIENTED_EDGE ( 'NONE', *, *, #725, .T. ) ;
#2437 = CARTESIAN_POINT ( 'NONE',  ( -2.000003073249078778, 32.74999999999997868, 10.27283860147173300 ) ) ;
#2438 = CARTESIAN_POINT ( 'NONE',  ( -12.19999999999998508, 36.39999999999999858, -3.750000000000003109 ) ) ;
#2439 = ORIENTED_EDGE ( 'NONE', *, *, #1156, .F. ) ;
#2440 = VERTEX_POINT ( 'NONE', #2410 ) ;
#2441 = FACE_OUTER_BOUND ( 'NONE', #3454, .T. ) ;
#2442 = DIRECTION ( 'NONE',  ( 3.758567531283072309E-15, -1.000000000000000000, 0.000000000000000000 ) ) ;
#2443 = VECTOR ( 'NONE', #3337, 1000.000000000000000 ) ;
#2444 = FACE_OUTER_BOUND ( 'NONE', #3871, .T. ) ;
#2445 = DIRECTION ( 'NONE',  ( 3.758567531283072309E-15, -1.000000000000000000, 0.000000000000000000 ) ) ;
#2446 = CARTESIAN_POINT ( 'NONE',  ( -11.69999999999997797, 12.49999999999999112, 19.71912865872952736 ) ) ;
#2447 = AXIS2_PLACEMENT_3D ( 'NONE', #1994, #3025, #2925 ) ;
#2448 = EDGE_LOOP ( 'NONE', ( #4553, #4636, #4385, #808 ) ) ;
#2449 = VECTOR ( 'NONE', #5724, 1000.000000000000000 ) ;
#2450 = EDGE_LOOP ( 'NONE', ( #3436, #136, #4127, #1508 ) ) ;
#2451 = CARTESIAN_POINT ( 'NONE',  ( -13.10581178995769314, 38.36986668977041148, -0.3490399208586573154 ) ) ;
#2452 = CARTESIAN_POINT ( 'NONE',  ( 13.70000000000001883, -0.3262904904536316764, 6.841661968864873877 ) ) ;
#2453 = AXIS2_PLACEMENT_3D ( 'NONE', #4224, #1311, #5674 ) ;
#2454 = DIRECTION ( 'NONE',  ( 0.000000000000000000, -1.000000000000000000, 0.000000000000000000 ) ) ;
#2455 = ORIENTED_EDGE ( 'NONE', *, *, #3923, .T. ) ;
#2456 = DIRECTION ( 'NONE',  ( 0.000000000000000000, 0.000000000000000000, -1.000000000000000000 ) ) ;
#2457 = VECTOR ( 'NONE', #286, 1000.000000000000227 ) ;
#2458 = VECTOR ( 'NONE', #5339, 1000.000000000000000 ) ;
#2459 = ORIENTED_EDGE ( 'NONE', *, *, #1056, .F. ) ;
#2460 = DIRECTION ( 'NONE',  ( 0.004050116900257066249, -0.9999801493634145055, -0.004826741366307827664 ) ) ;
#2461 = LINE ( 'NONE', #4380, #2960 ) ;
#2462 = LINE ( 'NONE', #3001, #779 ) ;
#2463 = CARTESIAN_POINT ( 'NONE',  ( -4.400000000000263256, -24.48182999695903206, -5.750000000000002665 ) ) ;
#2464 = ORIENTED_EDGE ( 'NONE', *, *, #238, .F. ) ;
#2465 = EDGE_CURVE ( 'NONE', #237, #794, #5216, .T. ) ;
#2466 = ADVANCED_FACE ( 'NONE', ( #3295 ), #3796, .T. ) ;
#2467 = ORIENTED_EDGE ( 'NONE', *, *, #3389, .F. ) ;
#2468 = LINE ( 'NONE', #490, #4303 ) ;
#2469 = LINE ( 'NONE', #3414, #6170 ) ;
#2470 = ORIENTED_EDGE ( 'NONE', *, *, #1596, .T. ) ;
#2471 = EDGE_CURVE ( 'NONE', #5816, #4360, #4772, .T. ) ;
#2472 = DIRECTION ( 'NONE',  ( 0.000000000000000000, 1.000000000000000000, 0.000000000000000000 ) ) ;
#2473 = CARTESIAN_POINT ( 'NONE',  ( -11.70000654234876158, 31.89999999999999858, -5.750000000000002665 ) ) ;
#2474 = EDGE_LOOP ( 'NONE', ( #3241, #4985, #1353, #3652 ) ) ;
#2475 = ORIENTED_EDGE ( 'NONE', *, *, #6078, .T. ) ;
#2476 = CARTESIAN_POINT ( 'NONE',  ( 13.70000000000001350, 37.99389297767447005, -5.175817119128319099 ) ) ;
#2477 = LINE ( 'NONE', #1136, #2776 ) ;
#2478 = VECTOR ( 'NONE', #4083, 1000.000000000000000 ) ;
#2479 = EDGE_CURVE ( 'NONE', #4863, #2331, #2791, .T. ) ;
#2480 = CARTESIAN_POINT ( 'NONE',  ( 13.10000000000001386, -2.349147038914071839, -0.3488893001069724997 ) ) ;
#2481 = CARTESIAN_POINT ( 'NONE',  ( -12.19999999999998508, 36.00000000000000711, 14.78477331392862659 ) ) ;
#2482 = CARTESIAN_POINT ( 'NONE',  ( -12.11575430128351094, 36.00000000000000711, 7.859088178492557475 ) ) ;
#2483 = EDGE_LOOP ( 'NONE', ( #5312, #1564, #4514, #940 ) ) ;
#2484 = DIRECTION ( 'NONE',  ( 0.000000000000000000, 0.000000000000000000, -1.000000000000000000 ) ) ;
#2485 = EDGE_CURVE ( 'NONE', #5742, #5079, #4710, .T. ) ;
#2486 = PLANE ( 'NONE',  #4283 ) ;
#2487 = DIRECTION ( 'NONE',  ( 0.000000000000000000, 0.000000000000000000, -1.000000000000000000 ) ) ;
#2488 = ADVANCED_FACE ( 'NONE', ( #912 ), #2354, .T. ) ;
#2489 = FILL_AREA_STYLE ('',( #5316 ) ) ;
#2490 = ORIENTED_EDGE ( 'NONE', *, *, #907, .T. ) ;
#2491 = LINE ( 'NONE', #1524, #2153 ) ;
#2492 = ORIENTED_EDGE ( 'NONE', *, *, #4975, .F. ) ;
#2493 = LINE ( 'NONE', #4848, #2443 ) ;
#2494 = DIRECTION ( 'NONE',  ( -1.000000000000000000, 0.000000000000000000, 0.000000000000000000 ) ) ;
#2495 = CYLINDRICAL_SURFACE ( 'NONE', #2581, 0.5999999999999997558 ) ;
#2496 = ORIENTED_EDGE ( 'NONE', *, *, #931, .F. ) ;
#2497 = ADVANCED_FACE ( 'NONE', ( #1419 ), #4738, .F. ) ;
#2498 = ORIENTED_EDGE ( 'NONE', *, *, #2, .T. ) ;
#2499 = LINE ( 'NONE', #1909, #3905 ) ;
#2500 = PLANE ( 'NONE',  #1162 ) ;
#2501 = ORIENTED_EDGE ( 'NONE', *, *, #5285, .F. ) ;
#2502 = CARTESIAN_POINT ( 'NONE',  ( 10.00000000000003908, 16.74999999999999645, 10.27283860147173300 ) ) ;
#2503 = DIRECTION ( 'NONE',  ( 1.000000000000000000, -8.673600826027696650E-15, -0.000000000000000000 ) ) ;
#2504 = EDGE_CURVE ( 'NONE', #758, #1697, #57, .T. ) ;
#2505 = EDGE_CURVE ( 'NONE', #3152, #3247, #1541, .T. ) ;
#2506 = ORIENTED_EDGE ( 'NONE', *, *, #3080, .T. ) ;
#2507 = ORIENTED_EDGE ( 'NONE', *, *, #5367, .F. ) ;
#2508 = PRODUCT ( 'shell02', 'shell02', '', ( #1588 ) ) ;
#2509 = DIRECTION ( 'NONE',  ( 0.000000000000000000, 0.000000000000000000, -1.000000000000000000 ) ) ;
#2510 = CARTESIAN_POINT ( 'NONE',  ( -7.599999999999941025, 10.74999999999998934, -5.750000000000001776 ) ) ;
#2511 = CARTESIAN_POINT ( 'NONE',  ( 2.800001526826706666, 32.75000000000003553, -7.250000000000002665 ) ) ;
#2512 = CARTESIAN_POINT ( 'NONE',  ( 9.999999999999980460, 32.75000000000014211, 10.27283860147173300 ) ) ;
#2513 = CARTESIAN_POINT ( 'NONE',  ( 12.18067608103243948, 0.9014114098748529091, -6.650000000000003020 ) ) ;
#2514 = ORIENTED_EDGE ( 'NONE', *, *, #1212, .T. ) ;
#2515 = DIRECTION ( 'NONE',  ( 0.000000000000000000, 1.000000000000000000, 0.000000000000000000 ) ) ;
#2516 = CARTESIAN_POINT ( 'NONE',  ( 11.70000000000001350, -7.716216689544156182, -5.750000000000002665 ) ) ;
#2517 = CARTESIAN_POINT ( 'NONE',  ( 12.80000000000001847, 0.9017019617438403190, 6.032606157515394862 ) ) ;
#2518 = ORIENTED_EDGE ( 'NONE', *, *, #5617, .T. ) ;
#2519 = CARTESIAN_POINT ( 'NONE',  ( 13.70000000000001350, 37.76923836385144995, -0.3488893001069729438 ) ) ;
#2520 = EDGE_LOOP ( 'NONE', ( #383, #300, #2708, #1115 ) ) ;
#2521 = DIRECTION ( 'NONE',  ( -4.047688110612593537E-15, 1.000000000000000000, 0.000000000000000000 ) ) ;
#2522 = CARTESIAN_POINT ( 'NONE',  ( -6.800000000000461675, 32.74999999999994316, -7.250000000000002665 ) ) ;
#2523 = DIRECTION ( 'NONE',  ( 0.08715574274765836016, -0.000000000000000000, -0.9961946980917455452 ) ) ;
#2524 = DIRECTION ( 'NONE',  ( -0.000000000000000000, 0.000000000000000000, -1.000000000000000000 ) ) ;
#2525 = VERTEX_POINT ( 'NONE', #92 ) ;
#2526 = ORIENTED_EDGE ( 'NONE', *, *, #667, .F. ) ;
#2527 = ORIENTED_EDGE ( 'NONE', *, *, #56, .T. ) ;
#2528 = LINE ( 'NONE', #3156, #5712 ) ;
#2529 = CARTESIAN_POINT ( 'NONE',  ( 12.20000000000001705, 36.39999999999999858, 3.749999999999996447 ) ) ;
#2530 = ORIENTED_EDGE ( 'NONE', *, *, #5815, .T. ) ;
#2531 = CARTESIAN_POINT ( 'NONE',  ( 13.70029000000004693, -2.349147038914071839, -0.3488893001069726107 ) ) ;
#2532 = CARTESIAN_POINT ( 'NONE',  ( -11.69999999999998330, 31.89999999999999858, -5.750000000000001776 ) ) ;
#2533 = VERTEX_POINT ( 'NONE', #1509 ) ;
#2534 = ORIENTED_EDGE ( 'NONE', *, *, #3659, .F. ) ;
#2535 = VECTOR ( 'NONE', #4657, 1000.000000000000000 ) ;
#2536 = DIRECTION ( 'NONE',  ( -1.000000000000000000, 1.387778780781450409E-14, 0.000000000000000000 ) ) ;
#2537 = CARTESIAN_POINT ( 'NONE',  ( -13.06468803450088245, -4.261899254175736118, 6.789599149539634837 ) ) ;
#2538 = DIRECTION ( 'NONE',  ( 4.814824860968089633E-35, -0.04649161924928876116, 0.9989186800433652591 ) ) ;
#2539 = DIRECTION ( 'NONE',  ( 0.000000000000000000, -0.9243234061140320756, -0.3816100639523990479 ) ) ;
#2540 = CYLINDRICAL_SURFACE ( 'NONE', #2907, 0.5999999999999998668 ) ;
#2541 = EDGE_CURVE ( 'NONE', #3531, #2611, #2586, .T. ) ;
#2542 = ORIENTED_EDGE ( 'NONE', *, *, #1511, .F. ) ;
#2543 = ADVANCED_FACE ( 'NONE', ( #3423 ), #4830, .F. ) ;
#2544 = LINE ( 'NONE', #669, #3187 ) ;
#2545 = LINE ( 'NONE', #3931, #6167 ) ;
#2546 = ORIENTED_EDGE ( 'NONE', *, *, #3090, .F. ) ;
#2547 = CARTESIAN_POINT ( 'NONE',  ( 10.00000000000006750, 36.39999999999999858, -3.750000000000003109 ) ) ;
#2548 = VECTOR ( 'NONE', #871, 1000.000000000000000 ) ;
#2549 = ORIENTED_EDGE ( 'NONE', *, *, #862, .T. ) ;
#2550 = EDGE_CURVE ( 'NONE', #3588, #921, #5335, .T. ) ;
#2551 = VECTOR ( 'NONE', #4989, 1000.000000000000000 ) ;
#2552 = CARTESIAN_POINT ( 'NONE',  ( -12.18067608103240929, 0.9014114098748527981, -7.250000000000002665 ) ) ;
#2553 = CARTESIAN_POINT ( 'NONE',  ( 12.19999999999983586, 16.75000000000004974, -5.750000000000002665 ) ) ;
#2555 = DIRECTION ( 'NONE',  ( 0.000000000000000000, 0.5735764363510412744, -0.8191520442889951292 ) ) ;
#2554 = VECTOR ( 'NONE', #121, 1000.000000000000000 ) ;
#2556 = AXIS2_PLACEMENT_3D ( 'NONE', #4796, #4266, #5714 ) ;
#2557 = AXIS2_PLACEMENT_3D ( 'NONE', #4902, #2083, #1616 ) ;
#2558 = APPLICATION_CONTEXT ( 'automotive_design' ) ;
#2559 = ORIENTED_EDGE ( 'NONE', *, *, #2051, .F. ) ;
#2560 = ORIENTED_EDGE ( 'NONE', *, *, #128, .T. ) ;
#2561 = ORIENTED_EDGE ( 'NONE', *, *, #5384, .F. ) ;
#2562 = VECTOR ( 'NONE', #30, 999.9999999999998863 ) ;
#2563 = EDGE_CURVE ( 'NONE', #5369, #3056, #4397, .T. ) ;
#2564 = FACE_OUTER_BOUND ( 'NONE', #4408, .T. ) ;
#2565 = AXIS2_PLACEMENT_3D ( 'NONE', #1273, #769, #4653 ) ;
#2566 = LINE ( 'NONE', #235, #3567 ) ;
#2567 = ORIENTED_EDGE ( 'NONE', *, *, #992, .T. ) ;
#2568 = DIRECTION ( 'NONE',  ( 0.000000000000000000, 1.000000000000000000, 0.000000000000000000 ) ) ;
#2569 = CARTESIAN_POINT ( 'NONE',  ( -3.498949721844342609, 6.813292184462267365, -2.410019635736192267 ) ) ;
#2570 = ORIENTED_EDGE ( 'NONE', *, *, #6035, .T. ) ;
#2571 = VERTEX_POINT ( 'NONE', #5437 ) ;
#2573 = EDGE_CURVE ( 'NONE', #1771, #4937, #2867, .T. ) ;
#2572 = LINE ( 'NONE', #3344, #1261 ) ;
#2574 = LINE ( 'NONE', #4999, #5588 ) ;
#2575 = DIRECTION ( 'NONE',  ( -3.324886662288846475E-15, -1.000000000000000000, 0.000000000000000000 ) ) ;
#2576 = FACE_OUTER_BOUND ( 'NONE', #3631, .T. ) ;
#2577 = VERTEX_POINT ( 'NONE', #1071 ) ;
#2578 = CARTESIAN_POINT ( 'NONE',  ( -2.000003073249077445, 24.75000000000001421, -7.250000000000002665 ) ) ;
#2579 = VECTOR ( 'NONE', #2385, 1000.000000000000000 ) ;
#2580 = DIRECTION ( 'NONE',  ( -3.035766082959412415E-15, -1.000000000000000000, 0.000000000000000000 ) ) ;
#2581 = AXIS2_PLACEMENT_3D ( 'NONE', #5923, #5831, #1529 ) ;
#2582 = VECTOR ( 'NONE', #2148, 1000.000000000000000 ) ;
#2583 = EDGE_LOOP ( 'NONE', ( #1575, #141, #2252 ) ) ;
#2584 = CARTESIAN_POINT ( 'NONE',  ( -9.200000000000017053, 32.74999999999994316, -7.250000000000002665 ) ) ;
#2585 = EDGE_CURVE ( 'NONE', #4722, #524, #3991, .T. ) ;
#2586 = CIRCLE ( 'NONE', #2184, 0.5999999999999987566 ) ;
#2587 = ORIENTED_EDGE ( 'NONE', *, *, #2149, .T. ) ;
#2588 = DIRECTION ( 'NONE',  ( 0.000000000000000000, 0.000000000000000000, -1.000000000000000000 ) ) ;
#2589 = CARTESIAN_POINT ( 'NONE',  ( -11.79999999999998650, 31.00000000000000355, 3.749999999999996003 ) ) ;
#2590 = CARTESIAN_POINT ( 'NONE',  ( 2.000000000000035971, 24.75000000000001421, -7.250000000000002665 ) ) ;
#2591 = ORIENTED_EDGE ( 'NONE', *, *, #4698, .F. ) ;
#2592 = ORIENTED_EDGE ( 'NONE', *, *, #4056, .F. ) ;
#2593 = LINE ( 'NONE', #648, #4506 ) ;
#2594 = CARTESIAN_POINT ( 'NONE',  ( 7.599999999999575095, 26.75000000000001776, 10.27283860147173300 ) ) ;
#2595 = ORIENTED_EDGE ( 'NONE', *, *, #4906, .T. ) ;
#2596 = CARTESIAN_POINT ( 'NONE',  ( 6.800000000000188116, -24.48182999695898943, -5.750000000000002665 ) ) ;
#2597 = CARTESIAN_POINT ( 'NONE',  ( 12.20000000000001528, 2.749999999999999112, -5.750000000000002665 ) ) ;
#2598 = EDGE_CURVE ( 'NONE', #324, #1188, #4931, .T. ) ;
#2599 = ORIENTED_EDGE ( 'NONE', *, *, #1829, .F. ) ;
#2600 = ORIENTED_EDGE ( 'NONE', *, *, #5777, .T. ) ;
#2601 = VECTOR ( 'NONE', #802, 1000.000000000000000 ) ;
#2602 = DIRECTION ( 'NONE',  ( 6.938893903907366428E-15, 1.000000000000000000, -0.000000000000000000 ) ) ;
#2603 = CARTESIAN_POINT ( 'NONE',  ( 11.80000000000001670, 36.00000000000000711, 4.249999999999995559 ) ) ;
#2604 = DIRECTION ( 'NONE',  ( 1.000000000000000000, -0.000000000000000000, -0.000000000000000000 ) ) ;
#2605 = DIRECTION ( 'NONE',  ( -1.445602896647346312E-16, 1.000000000000000000, 0.000000000000000000 ) ) ;
#2606 = EDGE_LOOP ( 'NONE', ( #4598, #4378, #5234, #3780 ) ) ;
#2607 = PLANE ( 'NONE',  #3094 ) ;
#2608 = DIRECTION ( 'NONE',  ( -1.000000000000000000, 1.156482317317871607E-14, 1.445602896647339508E-15 ) ) ;
#2609 = VECTOR ( 'NONE', #887, 1000.000000000000000 ) ;
#2610 = ADVANCED_FACE ( 'NONE', ( #5909 ), #3921, .F. ) ;
#2611 = VERTEX_POINT ( 'NONE', #2983 ) ;
#2612 = LINE ( 'NONE', #1707, #4544 ) ;
#2613 = VECTOR ( 'NONE', #3528, 1000.000000000000000 ) ;
#2614 = ORIENTED_EDGE ( 'NONE', *, *, #707, .F. ) ;
#2615 = LINE ( 'NONE', #1685, #4962 ) ;
#2616 = CARTESIAN_POINT ( 'NONE',  ( -9.199999999999906919, 2.749999999999934719, 10.27283860147173300 ) ) ;
#2617 = ADVANCED_FACE ( 'NONE', ( #2441 ), #3524, .T. ) ;
#2618 = CARTESIAN_POINT ( 'NONE',  ( -13.69998533619218151, -1.732968837878259727, -0.3489904966679106546 ) ) ;
#2619 = ORIENTED_EDGE ( 'NONE', *, *, #5722, .F. ) ;
#2620 = EDGE_CURVE ( 'NONE', #497, #1934, #1980, .T. ) ;
#2621 = EDGE_LOOP ( 'NONE', ( #6208, #1915, #636, #3313, #4980, #4896, #2408 ) ) ;
#2622 = CARTESIAN_POINT ( 'NONE',  ( -2.799997609695374479, 32.74999999999997868, -5.750000000000001776 ) ) ;
#2623 = EDGE_CURVE ( 'NONE', #4722, #2005, #4422, .T. ) ;
#2624 = DIRECTION ( 'NONE',  ( 0.000000000000000000, 1.000000000000000000, 0.000000000000000000 ) ) ;
#2625 = ORIENTED_EDGE ( 'NONE', *, *, #1695, .T. ) ;
#2626 = DIRECTION ( 'NONE',  ( -0.9896638754658737547, 0.000000000000000000, 0.1434064628873733260 ) ) ;
#2627 = PLANE ( 'NONE',  #1169 ) ;
#2628 = ORIENTED_EDGE ( 'NONE', *, *, #3953, .F. ) ;
#2629 = ORIENTED_EDGE ( 'NONE', *, *, #5009, .F. ) ;
#2630 = CARTESIAN_POINT ( 'NONE',  ( -10.00000000000001954, 32.74999999999992895, -7.250000000000002665 ) ) ;
#2631 = DIRECTION ( 'NONE',  ( 0.000000000000000000, 0.000000000000000000, -1.000000000000000000 ) ) ;
#2632 = CARTESIAN_POINT ( 'NONE',  ( 0.3999999999997759792, 2.749999999999999112, 10.27283860147173300 ) ) ;
#2633 = VECTOR ( 'NONE', #5405, 1000.000000000000000 ) ;
#2634 = ORIENTED_EDGE ( 'NONE', *, *, #4068, .T. ) ;
#2635 = DIRECTION ( 'NONE',  ( 0.000000000000000000, 0.000000000000000000, -1.000000000000000000 ) ) ;
#2636 = CARTESIAN_POINT ( 'NONE',  ( -12.80882530773708794, -1.242724376981831691, 8.347917496823157535 ) ) ;
#2637 = ORIENTED_EDGE ( 'NONE', *, *, #1093, .T. ) ;
#2638 = FACE_OUTER_BOUND ( 'NONE', #967, .T. ) ;
#2639 = VERTEX_POINT ( 'NONE', #566 ) ;
#2640 = CARTESIAN_POINT ( 'NONE',  ( 11.87751846447999959, 36.00848128004399484, -12.92603612524161782 ) ) ;
#2641 = PLANE ( 'NONE',  #4889 ) ;
#2642 = AXIS2_PLACEMENT_3D ( 'NONE', #1996, #74, #3437 ) ;
#2643 = CARTESIAN_POINT ( 'NONE',  ( -8.667928095407955169, 37.60639324704082043, 3.749999999999996003 ) ) ;
#2644 = ORIENTED_EDGE ( 'NONE', *, *, #5973, .F. ) ;
#2645 = VECTOR ( 'NONE', #5754, 1000.000000000000000 ) ;
#2646 = VERTEX_POINT ( 'NONE', #156 ) ;
#2647 = CARTESIAN_POINT ( 'NONE',  ( -2.000003073249075669, 8.749999999999989342, -7.250000000000002665 ) ) ;
#2648 = VECTOR ( 'NONE', #919, 1000.000000000000000 ) ;
#2649 = PLANE ( 'NONE',  #3759 ) ;
#2650 = VECTOR ( 'NONE', #1348, 1000.000000000000000 ) ;
#2651 = AXIS2_PLACEMENT_3D ( 'NONE', #3392, #5692, #944 ) ;
#2652 = ORIENTED_EDGE ( 'NONE', *, *, #671, .F. ) ;
#2653 = EDGE_CURVE ( 'NONE', #1102, #2611, #2044, .T. ) ;
#2654 = CARTESIAN_POINT ( 'NONE',  ( 6.800000000000003375, 26.75000000000001776, -5.750000000000001776 ) ) ;
#2655 = ORIENTED_EDGE ( 'NONE', *, *, #5254, .F. ) ;
#2656 = ORIENTED_EDGE ( 'NONE', *, *, #3820, .F. ) ;
#2657 = AXIS2_PLACEMENT_3D ( 'NONE', #6227, #4840, #1044 ) ;
#2658 = FACE_OUTER_BOUND ( 'NONE', #3306, .T. ) ;
#2659 = EDGE_CURVE ( 'NONE', #5090, #3878, #1479, .T. ) ;
#2660 = VECTOR ( 'NONE', #86, 1000.000000000000000 ) ;
#2661 = MANIFOLD_SOLID_BREP ( 'т╡╫г3', #5855 ) ;
#2662 = DIRECTION ( 'NONE',  ( -1.000000000000000000, 8.673600826027696650E-15, 0.000000000000000000 ) ) ;
#2663 = DIRECTION ( 'NONE',  ( 0.000000000000000000, 1.156482317317871607E-14, 1.000000000000000000 ) ) ;
#2664 = ORIENTED_EDGE ( 'NONE', *, *, #743, .F. ) ;
#2665 = FACE_BOUND ( 'NONE', #2934, .T. ) ;
#2666 = EDGE_CURVE ( 'NONE', #603, #4764, #1577, .T. ) ;
#2667 = DIRECTION ( 'NONE',  ( 0.000000000000000000, 0.5735764363510412744, -0.8191520442889951292 ) ) ;
#2668 = DIRECTION ( 'NONE',  ( -1.000000000000000000, 0.000000000000000000, 0.000000000000000000 ) ) ;
#2669 = ORIENTED_EDGE ( 'NONE', *, *, #2728, .F. ) ;
#2670 = LINE ( 'NONE', #5947, #3239 ) ;
#2671 = AXIS2_PLACEMENT_3D ( 'NONE', #1168, #5810, #1072 ) ;
#2672 = ADVANCED_FACE ( 'NONE', ( #6054 ), #5936, .F. ) ;
#2673 = ORIENTED_EDGE ( 'NONE', *, *, #3060, .T. ) ;
#2674 = DIRECTION ( 'NONE',  ( 4.047688110612522540E-15, -1.000000000000000000, 0.000000000000000000 ) ) ;
#2675 = VECTOR ( 'NONE', #5355, 1000.000000000000000 ) ;
#2676 = DIRECTION ( 'NONE',  ( -4.047688110612576182E-15, 1.000000000000000000, 0.000000000000000000 ) ) ;
#2677 = AXIS2_PLACEMENT_3D ( 'NONE', #5242, #941, #5372 ) ;
#2678 = ORIENTED_EDGE ( 'NONE', *, *, #87, .T. ) ;
#2679 = ORIENTED_EDGE ( 'NONE', *, *, #2096, .F. ) ;
#2680 = LINE ( 'NONE', #5204, #4605 ) ;
#2681 = PLANE ( 'NONE',  #5160 ) ;
#2682 = DIRECTION ( 'NONE',  ( 9.476157232431128247E-17, 0.8191520442889951292, 0.5735764363510412744 ) ) ;
#2683 = ORIENTED_EDGE ( 'NONE', *, *, #2921, .T. ) ;
#2684 = EDGE_CURVE ( 'NONE', #4096, #4442, #6067, .T. ) ;
#2685 = CARTESIAN_POINT ( 'NONE',  ( -7.599999999999803357, -24.48182999695904272, -5.750000000000002665 ) ) ;
#2686 = VERTEX_POINT ( 'NONE', #4110 ) ;
#2687 = ORIENTED_EDGE ( 'NONE', *, *, #4200, .T. ) ;
#2688 = DIRECTION ( 'NONE',  ( -1.000000000000000000, 6.938893903907366428E-15, 0.000000000000000000 ) ) ;
#2689 = LINE ( 'NONE', #2255, #4387 ) ;
#2690 = EDGE_CURVE ( 'NONE', #3279, #3100, #2194, .T. ) ;
#2691 = ADVANCED_FACE ( 'NONE', ( #2658 ), #722, .F. ) ;
#2692 = FACE_OUTER_BOUND ( 'NONE', #313, .T. ) ;
#2693 = CARTESIAN_POINT ( 'NONE',  ( 11.80000000000001847, 31.00000000000000355, 4.250000000000052403 ) ) ;
#2694 = AXIS2_PLACEMENT_3D ( 'NONE', #3693, #5672, #831 ) ;
#2695 = ORIENTED_EDGE ( 'NONE', *, *, #594, .F. ) ;
#2696 = CARTESIAN_POINT ( 'NONE',  ( 5.200000000000038369, 2.750000000000064393, -7.250000000000002665 ) ) ;
#2697 = LINE ( 'NONE', #1330, #2980 ) ;
#2698 = ADVANCED_FACE ( 'NONE', ( #693 ), #245, .F. ) ;
#2699 = LINE ( 'NONE', #3062, #1009 ) ;
#2700 = EDGE_LOOP ( 'NONE', ( #5642, #396, #3101, #387 ) ) ;
#2701 = LINE ( 'NONE', #1180, #4356 ) ;
#2702 = ORIENTED_EDGE ( 'NONE', *, *, #710, .F. ) ;
#2703 = LINE ( 'NONE', #4184, #4058 ) ;
#2704 = DIRECTION ( 'NONE',  ( 1.000000000000000000, 3.758567531283072309E-15, 0.000000000000000000 ) ) ;
#2705 = ADVANCED_FACE ( 'NONE', ( #1200 ), #3169, .T. ) ;
#2706 = VERTEX_POINT ( 'NONE', #5996 ) ;
#2707 = CARTESIAN_POINT ( 'NONE',  ( 12.20000000000001528, 26.75000000000001066, -5.750000000000002665 ) ) ;
#2708 = ORIENTED_EDGE ( 'NONE', *, *, #5700, .F. ) ;
#2709 = ORIENTED_EDGE ( 'NONE', *, *, #2058, .F. ) ;
#2710 = LINE ( 'NONE', #773, #5306 ) ;
#2711 = DIRECTION ( 'NONE',  ( 0.000000000000000000, -0.000000000000000000, -1.000000000000000000 ) ) ;
#2712 = LINE ( 'NONE', #1377, #4865 ) ;
#2713 = VERTEX_POINT ( 'NONE', #3614 ) ;
#2714 = CARTESIAN_POINT ( 'NONE',  ( -12.18336001036043115, 8.000000000000000000, 7.939657525164853347 ) ) ;
#2715 = ORIENTED_EDGE ( 'NONE', *, *, #1130, .F. ) ;
#2716 = CARTESIAN_POINT ( 'NONE',  ( 5.200000000000136069, 32.75000000000007105, 10.27283860147173300 ) ) ;
#2717 = CARTESIAN_POINT ( 'NONE',  ( 13.41188411386325541, -2.250346071333339637, -0.4012827651718272604 ) ) ;
#2718 = CARTESIAN_POINT ( 'NONE',  ( 2.800001526826714215, -24.48182999695897166, -5.750000000000002665 ) ) ;
#2719 = DIRECTION ( 'NONE',  ( 0.000000000000000000, 0.000000000000000000, 1.000000000000000000 ) ) ;
#2720 = DIRECTION ( 'NONE',  ( -1.000000000000000000, 0.000000000000000000, 0.000000000000000000 ) ) ;
#2721 = ORIENTED_EDGE ( 'NONE', *, *, #509, .T. ) ;
#2722 = CARTESIAN_POINT ( 'NONE',  ( -2.799997609695374479, 32.74999999999997868, -7.250000000000002665 ) ) ;
#2723 = CARTESIAN_POINT ( 'NONE',  ( 10.00000000000009059, 2.750000000000134115, 10.27283860147173300 ) ) ;
#2724 = FACE_OUTER_BOUND ( 'NONE', #1427, .T. ) ;
#2725 = ADVANCED_FACE ( 'NONE', ( #4611 ), #1718, .T. ) ;
#2726 = EDGE_LOOP ( 'NONE', ( #5907, #5836, #5519 ) ) ;
#2727 = SPHERICAL_SURFACE ( 'NONE', #2757, 0.5999999999999999778 ) ;
#2728 = EDGE_CURVE ( 'NONE', #537, #1424, #750, .T. ) ;
#2729 = ORIENTED_EDGE ( 'NONE', *, *, #4817, .T. ) ;
#2730 = CARTESIAN_POINT ( 'NONE',  ( 12.19999999999995488, 2.749999999999978240, -5.750000000000002665 ) ) ;
#2731 = CARTESIAN_POINT ( 'NONE',  ( -11.69999999999998153, -7.716216689544156182, 1.949999999999995959 ) ) ;
#2732 = EDGE_CURVE ( 'NONE', #6086, #84, #281, .T. ) ;
#2733 = ORIENTED_EDGE ( 'NONE', *, *, #3801, .T. ) ;
#2734 = CARTESIAN_POINT ( 'NONE',  ( 2.000000000000069278, 8.749999999999989342, 10.27283860147173300 ) ) ;
#2735 = ORIENTED_EDGE ( 'NONE', *, *, #4649, .F. ) ;
#2736 = ADVANCED_FACE ( 'NONE', ( #1749 ), #4491, .T. ) ;
#2737 = ORIENTED_EDGE ( 'NONE', *, *, #3168, .F. ) ;
#2738 = DIRECTION ( 'NONE',  ( -0.7660444431189743497, 0.000000000000000000, -0.6427876096865438038 ) ) ;
#2739 = LINE ( 'NONE', #6113, #1657 ) ;
#2740 = DIRECTION ( 'NONE',  ( 3.469446951953610639E-15, -1.000000000000000000, 0.000000000000000000 ) ) ;
#2741 = VECTOR ( 'NONE', #1376, 1000.000000000000000 ) ;
#2742 = ORIENTED_EDGE ( 'NONE', *, *, #3312, .T. ) ;
#2743 = CARTESIAN_POINT ( 'NONE',  ( -2.799997609695374479, 2.749999999999976463, -5.750000000000001776 ) ) ;
#2744 = EDGE_CURVE ( 'NONE', #5633, #5863, #2572, .T. ) ;
#2745 = AXIS2_PLACEMENT_3D ( 'NONE', #1681, #3466, #1079 ) ;
#2746 = VERTEX_POINT ( 'NONE', #3790 ) ;
#2747 = CARTESIAN_POINT ( 'NONE',  ( -2.000003073249076557, 16.74999999999999645, 10.27283860147173300 ) ) ;
#2748 = EDGE_CURVE ( 'NONE', #2392, #5953, #6088, .T. ) ;
#2749 = DIRECTION ( 'NONE',  ( 1.000000000000000000, 4.336808689942016947E-15, 0.000000000000000000 ) ) ;
#2750 = VECTOR ( 'NONE', #5108, 1000.000000000000000 ) ;
#2751 = EDGE_CURVE ( 'NONE', #5677, #4986, #2375, .T. ) ;
#2752 = VERTEX_POINT ( 'NONE', #6211 ) ;
#2753 = LINE ( 'NONE', #1324, #2260 ) ;
#2754 = DIRECTION ( 'NONE',  ( 0.8621959493900094307, 7.228014483236685709E-16, -0.5065749153436835961 ) ) ;
#2755 = AXIS2_PLACEMENT_3D ( 'NONE', #2003, #3946, #1501 ) ;
#2756 = AXIS2_PLACEMENT_3D ( 'NONE', #844, #4641, #2663 ) ;
#2757 = AXIS2_PLACEMENT_3D ( 'NONE', #349, #4278, #1333 ) ;
#2758 = VERTEX_POINT ( 'NONE', #4672 ) ;
#2759 = VECTOR ( 'NONE', #5960, 999.9999999999998863 ) ;
#2760 = DIRECTION ( 'NONE',  ( 1.353335506307155426E-16, -0.5735764363510412744, 0.8191520442889951292 ) ) ;
#2761 = LINE ( 'NONE', #1265, #5492 ) ;
#2762 = DIRECTION ( 'NONE',  ( 4.915049848601068871E-15, -1.000000000000000000, 0.000000000000000000 ) ) ;
#2763 = EDGE_CURVE ( 'NONE', #4128, #2981, #877, .T. ) ;
#2764 = DIRECTION ( 'NONE',  ( 0.000000000000000000, 0.000000000000000000, -1.000000000000000000 ) ) ;
#2765 = ORIENTED_EDGE ( 'NONE', *, *, #1978, .T. ) ;
#2766 = LINE ( 'NONE', #4149, #649 ) ;
#2767 = CARTESIAN_POINT ( 'NONE',  ( -16.53102328052232295, 37.69325735650993892, 1.283638213184866927 ) ) ;
#2768 = EDGE_CURVE ( 'NONE', #1188, #3316, #4295, .T. ) ;
#2769 = ORIENTED_EDGE ( 'NONE', *, *, #1402, .T. ) ;
#2770 = CARTESIAN_POINT ( 'NONE',  ( 6.800000000000088640, 2.750000000000097700, 10.27283860147173300 ) ) ;
#2771 = ORIENTED_EDGE ( 'NONE', *, *, #4567, .F. ) ;
#2772 = ORIENTED_EDGE ( 'NONE', *, *, #5739, .F. ) ;
#2773 = CARTESIAN_POINT ( 'NONE',  ( 13.61937854447898388, -3.962023274832877195, 6.790415571290535190 ) ) ;
#2774 = DIRECTION ( 'NONE',  ( 1.445602896647349270E-16, -1.000000000000000000, 0.000000000000000000 ) ) ;
#2775 = FACE_OUTER_BOUND ( 'NONE', #2450, .T. ) ;
#2776 = VECTOR ( 'NONE', #2045, 1000.000000000000000 ) ;
#2777 = VERTEX_POINT ( 'NONE', #1384 ) ;
#2778 = AXIS2_PLACEMENT_3D ( 'NONE', #3917, #2978, #2626 ) ;
#2779 = DIRECTION ( 'NONE',  ( -3.758567531283122007E-15, 1.000000000000000000, 0.000000000000000000 ) ) ;
#2780 = ORIENTED_EDGE ( 'NONE', *, *, #5170, .T. ) ;
#2781 = CARTESIAN_POINT ( 'NONE',  ( -2.000003073249074781, 2.749999999999976463, 10.27283860147173300 ) ) ;
#2782 = AXIS2_PLACEMENT_3D ( 'NONE', #1445, #5189, #5272 ) ;
#2783 = DIRECTION ( 'NONE',  ( 9.152473339398441879E-15, 1.000000000000000000, -0.000000000000000000 ) ) ;
#2784 = ORIENTED_EDGE ( 'NONE', *, *, #4729, .F. ) ;
#2785 = CARTESIAN_POINT ( 'NONE',  ( -2.799997609695377587, -24.48182999695897166, -5.750000000000002665 ) ) ;
#2786 = EDGE_CURVE ( 'NONE', #955, #1102, #3229, .T. ) ;
#2787 = DIRECTION ( 'NONE',  ( 0.000000000000000000, 0.000000000000000000, -1.000000000000000000 ) ) ;
#2788 = VERTEX_POINT ( 'NONE', #5711 ) ;
#2789 = EDGE_LOOP ( 'NONE', ( #3142, #733, #1373, #5203, #376, #5167 ) ) ;
#2790 = B_SPLINE_CURVE_WITH_KNOTS ( 'NONE', 3,
 ( #4463, #99, #3465, #2369, #4287, #2992, #6203, #2117, #164, #4497 ),
 .UNSPECIFIED., .F., .F.,
 ( 4, 2, 2, 2, 4 ),
 ( 0.000000000000000000, 0.0002339512767707414267, 0.0004679025535414828535, 0.0007018538303122242531, 0.0009358051070829668996 ),
 .UNSPECIFIED. ) ;
#2791 = LINE ( 'NONE', #3268, #5402 ) ;
#2792 = CARTESIAN_POINT ( 'NONE',  ( -8.562801670815360636E-16, 36.87842795731026513, -6.650000000000003020 ) ) ;
#2793 = DIRECTION ( 'NONE',  ( 4.625929269271488478E-15, 1.000000000000000000, -0.000000000000000000 ) ) ;
#2794 = DIRECTION ( 'NONE',  ( -3.614007241618413063E-15, 1.000000000000000000, 0.000000000000000000 ) ) ;
#2795 = EDGE_CURVE ( 'NONE', #6036, #2031, #5614, .T. ) ;
#2796 = ORIENTED_EDGE ( 'NONE', *, *, #5198, .T. ) ;
#2797 = AXIS2_PLACEMENT_3D ( 'NONE', #1970, #3377, #3413 ) ;
#2798 = CARTESIAN_POINT ( 'NONE',  ( 2.800001526826709330, 10.74999999999998934, -7.250000000000002665 ) ) ;
#2799 = DIRECTION ( 'NONE',  ( 0.000000000000000000, -1.000000000000000000, -0.000000000000000000 ) ) ;
#2800 = EDGE_CURVE ( 'NONE', #4878, #2571, #5647, .T. ) ;
#2801 = ORIENTED_EDGE ( 'NONE', *, *, #3080, .F. ) ;
#2802 = CARTESIAN_POINT ( 'NONE',  ( -0.4000000000000246136, 18.75000000000000000, -7.250000000000002665 ) ) ;
#2803 = EDGE_LOOP ( 'NONE', ( #5908, #5963, #1684, #1600 ) ) ;
#2804 = ORIENTED_EDGE ( 'NONE', *, *, #5745, .T. ) ;
#2805 = LINE ( 'NONE', #5138, #2601 ) ;
#2806 = CARTESIAN_POINT ( 'NONE',  ( 0.3999999999997759792, 2.749999999999999112, -7.250000000000002665 ) ) ;
#2807 = EDGE_CURVE ( 'NONE', #4361, #5357, #1789, .T. ) ;
#2808 = LINE ( 'NONE', #872, #5974 ) ;
#2809 = EDGE_CURVE ( 'NONE', #2713, #5287, #2357, .T. ) ;
#2810 = EDGE_CURVE ( 'NONE', #1031, #614, #4733, .T. ) ;
#2811 = EDGE_LOOP ( 'NONE', ( #2897, #4443, #6118, #2363 ) ) ;
#2812 = DIRECTION ( 'NONE',  ( -4.915049848600948175E-15, 1.000000000000000000, -0.000000000000000000 ) ) ;
#2813 = CARTESIAN_POINT ( 'NONE',  ( 12.20000000000010232, 2.750000000000040412, -5.750000000000002665 ) ) ;
#2814 = ORIENTED_EDGE ( 'NONE', *, *, #856, .T. ) ;
#2815 = DIRECTION ( 'NONE',  ( 1.000000000000000000, 0.000000000000000000, -0.000000000000000000 ) ) ;
#2816 = CARTESIAN_POINT ( 'NONE',  ( -12.19999999999998508, 36.00000000000000711, 3.749999999999996003 ) ) ;
#2817 = VERTEX_POINT ( 'NONE', #933 ) ;
#2818 = VERTEX_POINT ( 'NONE', #4638 ) ;
#2819 = LINE ( 'NONE', #410, #4181 ) ;
#2820 = CARTESIAN_POINT ( 'NONE',  ( 11.80000000000001847, 8.000000000000000000, 4.250000000000052403 ) ) ;
#2821 = CARTESIAN_POINT ( 'NONE',  ( 9.200000000000033040, 18.75000000000000000, -7.250000000000002665 ) ) ;
#2822 = CARTESIAN_POINT ( 'NONE',  ( 7.599999999999582201, 24.75000000000001421, -5.750000000000002665 ) ) ;
#2823 = ORIENTED_EDGE ( 'NONE', *, *, #5170, .F. ) ;
#2824 = DIRECTION ( 'NONE',  ( 1.000000000000000000, -5.059610138265671910E-16, 0.000000000000000000 ) ) ;
#2825 = LINE ( 'NONE', #3868, #6177 ) ;
#2826 = VERTEX_POINT ( 'NONE', #401 ) ;
#2827 = CARTESIAN_POINT ( 'NONE',  ( 6.800000000000067324, 8.749999999999991118, -7.250000000000002665 ) ) ;
#2828 = VECTOR ( 'NONE', #3821, 999.9999999999998863 ) ;
#2829 = VERTEX_POINT ( 'NONE', #338 ) ;
#2830 = ORIENTED_EDGE ( 'NONE', *, *, #2943, .T. ) ;
#2831 = AXIS2_PLACEMENT_3D ( 'NONE', #4507, #1688, #2211 ) ;
#2832 = EDGE_CURVE ( 'NONE', #2706, #3117, #3258, .T. ) ;
#2833 = CARTESIAN_POINT ( 'NONE',  ( 12.80000000000001670, 37.49641505150210463, 6.032606157515393086 ) ) ;
#2834 = CARTESIAN_POINT ( 'NONE',  ( 2.800001526826708442, 16.74999999999999645, -7.250000000000002665 ) ) ;
#2835 = CARTESIAN_POINT ( 'NONE',  ( -6.800000000000375522, 8.749999999999989342, -7.250000000000002665 ) ) ;
#2836 = LINE ( 'NONE', #6024, #2871 ) ;
#2837 = VERTEX_POINT ( 'NONE', #4171 ) ;
#2838 = DIRECTION ( 'NONE',  ( 1.000000000000000000, 3.614007241618413063E-15, 0.000000000000000000 ) ) ;
#2839 = CARTESIAN_POINT ( 'NONE',  ( 2.699993457651246320, 35.89999999999994884, -3.750000000000003553 ) ) ;
#2840 = VERTEX_POINT ( 'NONE', #5680 ) ;
#2841 = EDGE_CURVE ( 'NONE', #4442, #3395, #1816, .T. ) ;
#2842 = DIRECTION ( 'NONE',  ( 0.8621056539611972047, 0.000000000000000000, -0.5067285677837163327 ) ) ;
#2843 = FACE_OUTER_BOUND ( 'NONE', #1337, .T. ) ;
#2844 = VECTOR ( 'NONE', #5730, 1000.000000000000000 ) ;
#2845 = ORIENTED_EDGE ( 'NONE', *, *, #5733, .T. ) ;
#2846 = ORIENTED_EDGE ( 'NONE', *, *, #1586, .F. ) ;
#2847 = EDGE_CURVE ( 'NONE', #2005, #3117, #3701, .T. ) ;
#2848 = AXIS2_PLACEMENT_3D ( 'NONE', #366, #1343, #3224 ) ;
#2849 = FACE_OUTER_BOUND ( 'NONE', #4313, .T. ) ;
#2850 = DIRECTION ( 'NONE',  ( 0.000000000000000000, 0.000000000000000000, -1.000000000000000000 ) ) ;
#2851 =( GEOMETRIC_REPRESENTATION_CONTEXT ( 3 ) GLOBAL_UNCERTAINTY_ASSIGNED_CONTEXT ( ( #5078 ) ) GLOBAL_UNIT_ASSIGNED_CONTEXT ( ( #4082, #6023, #5586 ) ) REPRESENTATION_CONTEXT ( 'NONE', 'WORKASPACE' ) );
#2852 = VECTOR ( 'NONE', #1849, 1000.000000000000000 ) ;
#2853 = AXIS2_PLACEMENT_3D ( 'NONE', #595, #3013, #1636 ) ;
#2854 = PLANE ( 'NONE',  #3419 ) ;
#2855 = DIRECTION ( 'NONE',  ( -1.000000000000000000, 0.000000000000000000, 0.000000000000000000 ) ) ;
#2856 = AXIS2_PLACEMENT_3D ( 'NONE', #5348, #4312, #2779 ) ;
#2857 = ADVANCED_FACE ( 'NONE', ( #5209 ), #4731, .T. ) ;
#2858 = VERTEX_POINT ( 'NONE', #1881 ) ;
#2859 = CIRCLE ( 'NONE', #2267, 0.5999999999999998668 ) ;
#2860 = DIRECTION ( 'NONE',  ( 1.000000000000000000, -4.625929269271488478E-15, 0.000000000000000000 ) ) ;
#2861 = LINE ( 'NONE', #4748, #5569 ) ;
#2862 = ORIENTED_EDGE ( 'NONE', *, *, #5119, .F. ) ;
#2863 = DIRECTION ( 'NONE',  ( 1.000000000000000000, 4.336808689942434255E-15, 0.000000000000000000 ) ) ;
#2864 = EDGE_CURVE ( 'NONE', #4361, #4360, #2976, .T. ) ;
#2865 = ORIENTED_EDGE ( 'NONE', *, *, #2130, .F. ) ;
#2866 = CARTESIAN_POINT ( 'NONE',  ( 11.80000000000001670, 8.000000000000000000, 3.749999999999996003 ) ) ;
#2867 =( BOUNDED_CURVE ( )  B_SPLINE_CURVE ( 3, ( #5409, #3853, #4898, #3016 ),
 .UNSPECIFIED., .F., .F. ) 
 B_SPLINE_CURVE_WITH_KNOTS ( ( 4, 4 ),
 ( 1.570796326794895892, 3.095084269650512532 ),
 .UNSPECIFIED. ) 
 CURVE ( )  GEOMETRIC_REPRESENTATION_ITEM ( )  RATIONAL_B_SPLINE_CURVE ( ( 1.000000000000000000, 0.8155715453888572330, 0.8155715453888572330, 1.000000000000000000 ) ) 
 REPRESENTATION_ITEM ( '' )  );
#2868 = LINE ( 'NONE', #1997, #445 ) ;
#2869 = CARTESIAN_POINT ( 'NONE',  ( -5.199999999999929123, 8.749999999999989342, -7.250000000000002665 ) ) ;
#2870 = VERTEX_POINT ( 'NONE', #3449 ) ;
#2871 = VECTOR ( 'NONE', #4138, 1000.000000000000000 ) ;
#2872 = LINE ( 'NONE', #5834, #94 ) ;
#2873 = CARTESIAN_POINT ( 'NONE',  ( 11.70000000000001172, 0.5000000000000004441, -3.750000000000003109 ) ) ;
#2874 = ADVANCED_FACE ( 'NONE', ( #2905 ), #2500, .T. ) ;
#2875 = ORIENTED_EDGE ( 'NONE', *, *, #4375, .F. ) ;
#2876 = VECTOR ( 'NONE', #2523, 1000.000000000000000 ) ;
#2877 = PLANE ( 'NONE',  #5564 ) ;
#2878 = CARTESIAN_POINT ( 'NONE',  ( 7.599999999999575095, 26.75000000000001776, 10.27283860147173300 ) ) ;
#2879 = AXIS2_PLACEMENT_3D ( 'NONE', #4028, #4938, #2085 ) ;
#2880 = ORIENTED_EDGE ( 'NONE', *, *, #2170, .F. ) ;
#2881 = ORIENTED_EDGE ( 'NONE', *, *, #3724, .F. ) ;
#2882 = DIRECTION ( 'NONE',  ( 1.000000000000000000, 0.000000000000000000, 0.000000000000000000 ) ) ;
#2883 = ADVANCED_FACE ( 'NONE', ( #2035 ), #83, .T. ) ;
#2884 = ADVANCED_FACE ( 'NONE', ( #1971 ), #963, .F. ) ;
#2885 = CARTESIAN_POINT ( 'NONE',  ( -13.69380076857597572, 37.77078682716817326, 7.298760462172231733 ) ) ;
#2886 = LINE ( 'NONE', #1007, #6171 ) ;
#2887 = CARTESIAN_POINT ( 'NONE',  ( 11.70000000000001350, 2.299999999999906120, -5.750000000000001776 ) ) ;
#2888 = EDGE_CURVE ( 'NONE', #681, #2331, #1933, .T. ) ;
#2889 = EDGE_LOOP ( 'NONE', ( #3041, #6216, #2431, #1164 ) ) ;
#2890 = EDGE_CURVE ( 'NONE', #1852, #1938, #590, .T. ) ;
#2891 = CARTESIAN_POINT ( 'NONE',  ( 12.20000000000001705, 36.39999999999999858, 3.749999999999996447 ) ) ;
#2892 = LINE ( 'NONE', #3367, #1466 ) ;
#2893 = ORIENTED_EDGE ( 'NONE', *, *, #5894, .T. ) ;
#2894 = CARTESIAN_POINT ( 'NONE',  ( -9.700006542348768690, 31.89999999999997016, -3.750000000000003553 ) ) ;
#2895 = VECTOR ( 'NONE', #4700, 1000.000000000000000 ) ;
#2896 = ORIENTED_EDGE ( 'NONE', *, *, #5639, .T. ) ;
#2897 = ORIENTED_EDGE ( 'NONE', *, *, #3625, .T. ) ;
#2898 = CARTESIAN_POINT ( 'NONE',  ( -4.400000000000388489, 8.749999999999989342, -7.250000000000002665 ) ) ;
#2899 = CARTESIAN_POINT ( 'NONE',  ( 6.800000000000187228, -24.48182999695898943, -5.750000000000002665 ) ) ;
#2900 = LINE ( 'NONE', #2869, #3381 ) ;
#2901 = CARTESIAN_POINT ( 'NONE',  ( 2.000000000000039968, 32.75000000000003553, -7.250000000000002665 ) ) ;
#2902 = ORIENTED_EDGE ( 'NONE', *, *, #2550, .T. ) ;
#2903 = EDGE_LOOP ( 'NONE', ( #5857, #5696, #4954, #5636 ) ) ;
#2904 = CARTESIAN_POINT ( 'NONE',  ( -7.599999999999909051, 2.749999999999948486, -5.750000000000001776 ) ) ;
#2905 = FACE_OUTER_BOUND ( 'NONE', #1995, .T. ) ;
#2906 = EDGE_LOOP ( 'NONE', ( #4897, #5527, #909, #2709 ) ) ;
#2907 = AXIS2_PLACEMENT_3D ( 'NONE', #4458, #3020, #1108 ) ;
#2908 = DIRECTION ( 'NONE',  ( 2.791820594150173918E-15, -1.000000000000000000, 0.000000000000000000 ) ) ;
#2909 = DIRECTION ( 'NONE',  ( -1.000000000000000000, 0.000000000000000000, 0.000000000000000000 ) ) ;
#2910 = VECTOR ( 'NONE', #3556, 1000.000000000000000 ) ;
#2911 = VERTEX_POINT ( 'NONE', #1570 ) ;
#2912 = VERTEX_POINT ( 'NONE', #4416 ) ;
#2913 = DIRECTION ( 'NONE',  ( 0.5000000000000001110, 0.000000000000000000, -0.8660254037844387076 ) ) ;
#2914 = CARTESIAN_POINT ( 'NONE',  ( 4.400000000000089173, 18.75000000000000000, 10.27283860147173300 ) ) ;
#2915 = DIRECTION ( 'NONE',  ( -0.000000000000000000, -0.000000000000000000, 1.000000000000000000 ) ) ;
#2916 = DIRECTION ( 'NONE',  ( 0.000000000000000000, 0.000000000000000000, -1.000000000000000000 ) ) ;
#2917 = LINE ( 'NONE', #26, #5477 ) ;
#2918 = ORIENTED_EDGE ( 'NONE', *, *, #1568, .F. ) ;
#2919 = DIRECTION ( 'NONE',  ( 1.000000000000000000, -7.228014483236683490E-17, 0.000000000000000000 ) ) ;
#2920 = LINE ( 'NONE', #2391, #3865 ) ;
#2921 = EDGE_CURVE ( 'NONE', #5210, #4930, #559, .T. ) ;
#2922 = EDGE_CURVE ( 'NONE', #4646, #5686, #115, .T. ) ;
#2923 = DIRECTION ( 'NONE',  ( -1.000000000000000000, 0.000000000000000000, 0.000000000000000000 ) ) ;
#2924 = EDGE_LOOP ( 'NONE', ( #1627, #3256, #4709, #1717 ) ) ;
#2925 = DIRECTION ( 'NONE',  ( 1.445602896647337191E-16, -1.000000000000000000, 0.000000000000000000 ) ) ;
#2926 = ORIENTED_EDGE ( 'NONE', *, *, #5955, .F. ) ;
#2927 = EDGE_CURVE ( 'NONE', #4904, #1235, #2469, .T. ) ;
#2928 = LINE ( 'NONE', #2898, #4756 ) ;
#2929 = LINE ( 'NONE', #1020, #1258 ) ;
#2930 = CARTESIAN_POINT ( 'NONE',  ( -9.999999999999966249, 16.74999999999999645, -7.250000000000002665 ) ) ;
#2931 = AXIS2_PLACEMENT_3D ( 'NONE', #3792, #3317, #53 ) ;
#2932 = CARTESIAN_POINT ( 'NONE',  ( -21.74246376768740419, 9.933973144151297063, -7.912882005366901339 ) ) ;
#2933 = ADVANCED_FACE ( 'NONE', ( #5901 ), #4923, .T. ) ;
#2934 = EDGE_LOOP ( 'NONE', ( #5066, #3260, #5023, #798 ) ) ;
#2935 = AXIS2_PLACEMENT_3D ( 'NONE', #5628, #439, #3709 ) ;
#2936 = ORIENTED_EDGE ( 'NONE', *, *, #2748, .F. ) ;
#2937 = DIRECTION ( 'NONE',  ( 0.000000000000000000, 0.000000000000000000, -1.000000000000000000 ) ) ;
#2938 = EDGE_CURVE ( 'NONE', #3220, #6139, #1096, .T. ) ;
#2939 = DIRECTION ( 'NONE',  ( 0.000000000000000000, 0.000000000000000000, -1.000000000000000000 ) ) ;
#2940 = ORIENTED_EDGE ( 'NONE', *, *, #5212, .F. ) ;
#2941 = DIRECTION ( 'NONE',  ( 0.000000000000000000, -0.000000000000000000, 1.000000000000000000 ) ) ;
#2942 = DIRECTION ( 'NONE',  ( 1.000000000000000000, -0.000000000000000000, -0.000000000000000000 ) ) ;
#2943 = EDGE_CURVE ( 'NONE', #3692, #4284, #5295, .T. ) ;
#2944 = ORIENTED_EDGE ( 'NONE', *, *, #4167, .T. ) ;
#2945 = ORIENTED_EDGE ( 'NONE', *, *, #386, .T. ) ;
#2946 = CARTESIAN_POINT ( 'NONE',  ( -9.199999999999965539, 18.75000000000000000, 10.27283860147173300 ) ) ;
#2947 = EDGE_CURVE ( 'NONE', #1938, #5016, #3883, .T. ) ;
#2948 = CARTESIAN_POINT ( 'NONE',  ( -13.00411477239416413, -4.263483889006633554, 6.795513087239987371 ) ) ;
#2949 = VECTOR ( 'NONE', #2521, 1000.000000000000000 ) ;
#2950 = LINE ( 'NONE', #1892, #4319 ) ;
#2951 = CARTESIAN_POINT ( 'NONE',  ( -7.599999999999941025, 10.74999999999998934, -7.250000000000002665 ) ) ;
#2952 = CARTESIAN_POINT ( 'NONE',  ( -12.19999999999998508, 0.000000000000000000, 1.949999999999993738 ) ) ;
#2953 = CIRCLE ( 'NONE', #751, 0.5999999999999999778 ) ;
#2954 = VERTEX_POINT ( 'NONE', #2873 ) ;
#2955 = VECTOR ( 'NONE', #4529, 1000.000000000000000 ) ;
#2956 = CARTESIAN_POINT ( 'NONE',  ( 5.200000000000089884, 18.75000000000000000, 10.27283860147173300 ) ) ;
#2957 = CARTESIAN_POINT ( 'NONE',  ( -2.000003073249075669, 10.74999999999998934, -5.750000000000001776 ) ) ;
#2958 = AXIS2_PLACEMENT_3D ( 'NONE', #460, #1910, #3289 ) ;
#2959 = CARTESIAN_POINT ( 'NONE',  ( 7.599999999999661249, 2.750000000000097700, -7.250000000000002665 ) ) ;
#2960 = VECTOR ( 'NONE', #5758, 1000.000000000000000 ) ;
#2961 = EDGE_CURVE ( 'NONE', #3531, #31, #1604, .T. ) ;
#2962 = ORIENTED_EDGE ( 'NONE', *, *, #1858, .T. ) ;
#2963 = CARTESIAN_POINT ( 'NONE',  ( -11.70000654234881665, 18.49999999999998934, -3.750000000000003553 ) ) ;
#2964 = AXIS2_PLACEMENT_3D ( 'NONE', #2878, #3887, #4797 ) ;
#2965 = ORIENTED_EDGE ( 'NONE', *, *, #6041, .F. ) ;
#2966 = CARTESIAN_POINT ( 'NONE',  ( -9.999999999999966249, 16.74999999999999645, -3.750000000000003553 ) ) ;
#2967 = AXIS2_PLACEMENT_3D ( 'NONE', #5945, #4469, #1234 ) ;
#2968 = DIRECTION ( 'NONE',  ( -1.000000000000000000, -1.734723475976802677E-14, 0.000000000000000000 ) ) ;
#2969 = PLANE ( 'NONE',  #4588 ) ;
#2970 = EDGE_CURVE ( 'NONE', #1097, #6144, #4891, .T. ) ;
#2971 = EDGE_CURVE ( 'NONE', #2525, #2368, #3844, .T. ) ;
#2972 = DIRECTION ( 'NONE',  ( 0.000000000000000000, 0.004826780954393187009, -0.9999883510249598650 ) ) ;
#2973 = ORIENTED_EDGE ( 'NONE', *, *, #592, .F. ) ;
#2974 = VERTEX_POINT ( 'NONE', #4324 ) ;
#2975 = CARTESIAN_POINT ( 'NONE',  ( 10.00000000000003908, 18.75000000000000000, 10.27283860147173300 ) ) ;
#2976 = LINE ( 'NONE', #619, #4972 ) ;
#2977 = ORIENTED_EDGE ( 'NONE', *, *, #6157, .T. ) ;
#2978 = DIRECTION ( 'NONE',  ( -0.1420391334185764631, -0.1377620308829188012, -0.9802277834384790500 ) ) ;
#2979 = DIRECTION ( 'NONE',  ( 1.000000000000000000, -0.000000000000000000, -0.000000000000000000 ) ) ;
#2980 = VECTOR ( 'NONE', #1233, 1000.000000000000000 ) ;
#2981 = VERTEX_POINT ( 'NONE', #1064 ) ;
#2982 = ORIENTED_EDGE ( 'NONE', *, *, #5403, .T. ) ;
#2983 = CARTESIAN_POINT ( 'NONE',  ( 13.70000000000001528, 37.49641505150210463, 5.512990915244730949 ) ) ;
#2984 = CARTESIAN_POINT ( 'NONE',  ( -9.999999999999785061, -24.48182999695906759, -5.750000000000002665 ) ) ;
#2985 = VECTOR ( 'NONE', #6135, 1000.000000000000000 ) ;
#2986 = EDGE_CURVE ( 'NONE', #4991, #5650, #14, .T. ) ;
#2987 = CARTESIAN_POINT ( 'NONE',  ( 4.400000000000135358, 32.75000000000007105, -7.250000000000002665 ) ) ;
#2988 = DIRECTION ( 'NONE',  ( -0.6423794588315996368, -0.03563056038103375178, 0.7655580278712741382 ) ) ;
#2989 = VECTOR ( 'NONE', #3620, 1000.000000000000000 ) ;
#2990 = LINE ( 'NONE', #61, #5177 ) ;
#2991 = ORIENTED_EDGE ( 'NONE', *, *, #56, .F. ) ;
#2992 = CARTESIAN_POINT ( 'NONE',  ( -13.57448176649901228, -4.027008096011462257, 6.781008456828492292 ) ) ;
#2993 = CARTESIAN_POINT ( 'NONE',  ( 2.800001526826707554, 26.75000000000001066, -5.750000000000001776 ) ) ;
#2994 = CARTESIAN_POINT ( 'NONE',  ( 12.89174155909762653, 0.8646140593759925608, 6.085573171356274180 ) ) ;
#2995 = ADVANCED_FACE ( 'NONE', ( #4604 ), #5457, .T. ) ;
#2996 =( LENGTH_UNIT ( ) NAMED_UNIT ( * ) SI_UNIT ( .MILLI., .METRE. ) );
#2997 = ORIENTED_EDGE ( 'NONE', *, *, #2010, .F. ) ;
#2998 = ORIENTED_EDGE ( 'NONE', *, *, #1410, .T. ) ;
#2999 = CARTESIAN_POINT ( 'NONE',  ( -9.199999999999782574, -24.48182999695905693, -5.750000000000002665 ) ) ;
#3000 = LINE ( 'NONE', #2899, #1666 ) ;
#3001 = CARTESIAN_POINT ( 'NONE',  ( -0.4000000000000635825, 32.75000000000000000, -7.250000000000002665 ) ) ;
#3002 = DIRECTION ( 'NONE',  ( 0.4365064527871117539, -0.5160473658072719516, 0.7369920168621834078 ) ) ;
#3003 = AXIS2_PLACEMENT_3D ( 'NONE', #5428, #5989, #272 ) ;
#3004 = VERTEX_POINT ( 'NONE', #1221 ) ;
#3005 = ORIENTED_EDGE ( 'NONE', *, *, #6078, .F. ) ;
#3006 = ORIENTED_EDGE ( 'NONE', *, *, #5118, .T. ) ;
#3007 = CARTESIAN_POINT ( 'NONE',  ( -12.34034732648263599, -0.5212230830415152116, 8.064753723969060317 ) ) ;
#3008 = CARTESIAN_POINT ( 'NONE',  ( -2.000003073249077445, 24.75000000000001421, 10.27283860147173300 ) ) ;
#3009 = ORIENTED_EDGE ( 'NONE', *, *, #668, .F. ) ;
#3010 = ADVANCED_FACE ( 'NONE', ( #4512 ), #2649, .T. ) ;
#3011 = DIRECTION ( 'NONE',  ( 0.000000000000000000, -0.000000000000000000, 1.000000000000000000 ) ) ;
#3012 = EDGE_CURVE ( 'NONE', #84, #321, #3518, .T. ) ;
#3013 = DIRECTION ( 'NONE',  ( 1.000000000000000000, -2.168404344971022180E-16, 0.000000000000000000 ) ) ;
#3014 = VERTEX_POINT ( 'NONE', #5518 ) ;
#3015 = ORIENTED_EDGE ( 'NONE', *, *, #5304, .F. ) ;
#3016 = CARTESIAN_POINT ( 'NONE',  ( -8.667928095407955169, 37.60639324704082043, 3.749999999999996003 ) ) ;
#3017 = CARTESIAN_POINT ( 'NONE',  ( 11.80000000000001847, 6.623293141662628614, 4.250000000000052403 ) ) ;
#3018 = LINE ( 'NONE', #2139, #1013 ) ;
#3019 = DIRECTION ( 'NONE',  ( -7.680962223611090995E-18, -0.9989186800433652591, -0.04649161924928876116 ) ) ;
#3020 = DIRECTION ( 'NONE',  ( 0.000000000000000000, -1.000000000000000000, 0.000000000000000000 ) ) ;
#3021 = VERTEX_POINT ( 'NONE', #2131 ) ;
#3022 = LINE ( 'NONE', #5415, #2109 ) ;
#3023 = PLANE ( 'NONE',  #3849 ) ;
#3024 = ORIENTED_EDGE ( 'NONE', *, *, #2012, .T. ) ;
#3025 = DIRECTION ( 'NONE',  ( -1.000000000000000000, -1.445602896647337191E-16, 0.000000000000000000 ) ) ;
#3026 = VERTEX_POINT ( 'NONE', #5957 ) ;
#3027 = DIRECTION ( 'NONE',  ( 1.000000000000000000, 0.000000000000000000, 0.000000000000000000 ) ) ;
#3028 = CARTESIAN_POINT ( 'NONE',  ( 13.06468803450091976, -4.261899254175736118, 6.789599149539635725 ) ) ;
#3029 = CARTESIAN_POINT ( 'NONE',  ( 11.80000000000001670, 31.00000000000000355, 14.78477331392862659 ) ) ;
#3030 = FACE_BOUND ( 'NONE', #1499, .T. ) ;
#3031 = ORIENTED_EDGE ( 'NONE', *, *, #3554, .F. ) ;
#3032 = EDGE_CURVE ( 'NONE', #1124, #1181, #2566, .T. ) ;
#3033 = ORIENTED_EDGE ( 'NONE', *, *, #5503, .T. ) ;
#3034 = ORIENTED_EDGE ( 'NONE', *, *, #3273, .F. ) ;
#3035 = CARTESIAN_POINT ( 'NONE',  ( 13.70000000000001883, 38.45771770183010574, 7.296259551920313058 ) ) ;
#3036 = CARTESIAN_POINT ( 'NONE',  ( -9.700006542348754479, 35.89999999999997016, -5.750000000000002665 ) ) ;
#3037 = ORIENTED_EDGE ( 'NONE', *, *, #959, .F. ) ;
#3038 =( BOUNDED_CURVE ( )  B_SPLINE_CURVE ( 3, ( #1249, #3157, #1740, #3660 ),
 .UNSPECIFIED., .F., .F. ) 
 B_SPLINE_CURVE_WITH_KNOTS ( ( 4, 4 ),
 ( 3.104106252987810510, 3.116215674032466243 ),
 .UNSPECIFIED. ) 
 CURVE ( )  GEOMETRIC_REPRESENTATION_ITEM ( )  RATIONAL_B_SPLINE_CURVE ( ( 1.000000000000000000, 0.9999877801974946800, 0.9999877801974946800, 1.000000000000000000 ) ) 
 REPRESENTATION_ITEM ( '' )  );
#3039 = DIRECTION ( 'NONE',  ( 0.000000000000000000, 0.000000000000000000, -1.000000000000000000 ) ) ;
#3040 = CARTESIAN_POINT ( 'NONE',  ( 0.3999999999999224176, 18.75000000000000000, -7.250000000000002665 ) ) ;
#3041 = ORIENTED_EDGE ( 'NONE', *, *, #3927, .T. ) ;
#3042 = ORIENTED_EDGE ( 'NONE', *, *, #1098, .T. ) ;
#3043 = CARTESIAN_POINT ( 'NONE',  ( 12.19999999999902229, 32.75000000000031264, -5.750000000000002665 ) ) ;
#3044 = LINE ( 'NONE', #188, #5993 ) ;
#3045 = ADVANCED_FACE ( 'NONE', ( #4076 ), #1250, .F. ) ;
#3046 = LINE ( 'NONE', #1579, #5625 ) ;
#3047 = CARTESIAN_POINT ( 'NONE',  ( -9.345622115725124246, -4.230349851442259279, 13.36193572501447058 ) ) ;
#3048 = ORIENTED_EDGE ( 'NONE', *, *, #3394, .F. ) ;
#3049 = CARTESIAN_POINT ( 'NONE',  ( -13.12631403136837172, -2.347444199878052196, -0.3530138610830010348 ) ) ;
#3050 = DIRECTION ( 'NONE',  ( 0.000000000000000000, 0.000000000000000000, -1.000000000000000000 ) ) ;
#3051 = VECTOR ( 'NONE', #3748, 1000.000000000000000 ) ;
#3052 = ORIENTED_EDGE ( 'NONE', *, *, #327, .F. ) ;
#3053 = CARTESIAN_POINT ( 'NONE',  ( 9.699993457651148177, 7.499999999999916511, -3.750000000000003553 ) ) ;
#3054 = EDGE_CURVE ( 'NONE', #143, #1060, #686, .T. ) ;
#3055 = AXIS2_PLACEMENT_3D ( 'NONE', #1487, #5313, #1989 ) ;
#3056 = VERTEX_POINT ( 'NONE', #3072 ) ;
#3057 = AXIS2_PLACEMENT_3D ( 'NONE', #3103, #179, #3284 ) ;
#3058 = LINE ( 'NONE', #5450, #4353 ) ;
#3059 = FACE_OUTER_BOUND ( 'NONE', #1498, .T. ) ;
#3060 = EDGE_CURVE ( 'NONE', #4021, #894, #1692, .T. ) ;
#3062 = CARTESIAN_POINT ( 'NONE',  ( 12.20000000000001528, 32.74999999999997868, -5.750000000000002665 ) ) ;
#3061 = VECTOR ( 'NONE', #1256, 1000.000000000000000 ) ;
#3063 = VECTOR ( 'NONE', #3262, 1000.000000000000000 ) ;
#3064 = VECTOR ( 'NONE', #2988, 1000.000000000000227 ) ;
#3065 = VECTOR ( 'NONE', #3739, 1000.000000000000000 ) ;
#3066 = CARTESIAN_POINT ( 'NONE',  ( -12.18067608103241106, 0.9014114098748526871, -6.650000000000003020 ) ) ;
#3067 = ORIENTED_EDGE ( 'NONE', *, *, #3429, .F. ) ;
#3068 = EDGE_LOOP ( 'NONE', ( #5225, #308, #6224, #423 ) ) ;
#3069 = MECHANICAL_DESIGN_GEOMETRIC_PRESENTATION_REPRESENTATION (  '', ( #4265 ), #159 ) ;
#3070 = CARTESIAN_POINT ( 'NONE',  ( -2.000003073249074781, 2.749999999999976463, -7.250000000000002665 ) ) ;
#3071 = VECTOR ( 'NONE', #535, 1000.000000000000000 ) ;
#3072 = CARTESIAN_POINT ( 'NONE',  ( -2.000003073249075669, 10.74999999999998934, -7.250000000000002665 ) ) ;
#3073 = VERTEX_POINT ( 'NONE', #304 ) ;
#3074 = LINE ( 'NONE', #2596, #5852 ) ;
#3075 = CARTESIAN_POINT ( 'NONE',  ( 10.00000000000009059, 2.750000000000134115, -5.750000000000001776 ) ) ;
#3076 = VERTEX_POINT ( 'NONE', #2188 ) ;
#3077 = ORIENTED_EDGE ( 'NONE', *, *, #3594, .T. ) ;
#3078 = SURFACE_STYLE_USAGE ( .BOTH. , #2137 ) ;
#3079 = CYLINDRICAL_SURFACE ( 'NONE', #3179, 0.5999999999999998668 ) ;
#3080 = EDGE_CURVE ( 'NONE', #2826, #5287, #6016, .T. ) ;
#3081 = CARTESIAN_POINT ( 'NONE',  ( -13.66631775432759355, 35.76165894547889934, 9.706977744203102887 ) ) ;
#3082 = DIRECTION ( 'NONE',  ( -1.000000000000000000, 0.000000000000000000, 0.000000000000000000 ) ) ;
#3083 = ORIENTED_EDGE ( 'NONE', *, *, #1323, .F. ) ;
#3084 = EDGE_CURVE ( 'NONE', #5784, #2176, #2216, .T. ) ;
#3085 = EDGE_CURVE ( 'NONE', #809, #740, #3129, .T. ) ;
#3086 = FACE_BOUND ( 'NONE', #561, .T. ) ;
#3087 = VECTOR ( 'NONE', #1542, 1000.000000000000000 ) ;
#3088 = LINE ( 'NONE', #3592, #345 ) ;
#3089 = AXIS2_PLACEMENT_3D ( 'NONE', #4885, #3540, #2972 ) ;
#3090 = EDGE_CURVE ( 'NONE', #5351, #3648, #2102, .T. ) ;
#3091 = ORIENTED_EDGE ( 'NONE', *, *, #1754, .T. ) ;
#3092 = CARTESIAN_POINT ( 'NONE',  ( -8.667819926235441841, 37.90000000000000568, 3.749999999999996003 ) ) ;
#3093 = EDGE_CURVE ( 'NONE', #1226, #5048, #1191, .T. ) ;
#3094 = AXIS2_PLACEMENT_3D ( 'NONE', #344, #2635, #3143 ) ;
#3095 = ADVANCED_FACE ( 'NONE', ( #6047 ), #1126, .T. ) ;
#3096 = ORIENTED_EDGE ( 'NONE', *, *, #4249, .F. ) ;
#3097 = CARTESIAN_POINT ( 'NONE',  ( 8.846410161513773573, 37.90000000000000568, 3.749999999999992006 ) ) ;
#3098 = DIRECTION ( 'NONE',  ( -3.614007241618413063E-15, 1.000000000000000000, -0.000000000000000000 ) ) ;
#3099 = CARTESIAN_POINT ( 'NONE',  ( 13.00411477239420144, -4.263483889006633554, 6.795513087239987371 ) ) ;
#3100 = VERTEX_POINT ( 'NONE', #1664 ) ;
#3101 = ORIENTED_EDGE ( 'NONE', *, *, #1122, .F. ) ;
#3102 = LINE ( 'NONE', #4482, #295 ) ;
#3103 = CARTESIAN_POINT ( 'NONE',  ( -8.667819926235441841, 36.39999999999999858, 3.749999999999996003 ) ) ;
#3104 = ORIENTED_EDGE ( 'NONE', *, *, #3342, .T. ) ;
#3105 = PLANE ( 'NONE',  #3593 ) ;
#3106 = DIRECTION ( 'NONE',  ( 0.000000000000000000, 0.2588190451025155769, -0.9659258262890697555 ) ) ;
#3107 = ORIENTED_EDGE ( 'NONE', *, *, #5373, .F. ) ;
#3108 = ORIENTED_EDGE ( 'NONE', *, *, #4981, .T. ) ;
#3109 = AXIS2_PLACEMENT_3D ( 'NONE', #4252, #2738, #302 ) ;
#3110 = DIRECTION ( 'NONE',  ( 0.1420391334185774346, -0.1377620308829188289, -0.9802277834384788280 ) ) ;
#3111 = CARTESIAN_POINT ( 'NONE',  ( -9.199999999999965539, 18.75000000000000000, -7.250000000000002665 ) ) ;
#3112 = CARTESIAN_POINT ( 'NONE',  ( 8.846410161513773573, 37.90000000000000568, 3.749999999999992006 ) ) ;
#3113 = ORIENTED_EDGE ( 'NONE', *, *, #760, .T. ) ;
#3114 = FACE_BOUND ( 'NONE', #6179, .T. ) ;
#3115 = LINE ( 'NONE', #6030, #2282 ) ;
#3116 = VECTOR ( 'NONE', #2762, 1000.000000000000000 ) ;
#3117 = VERTEX_POINT ( 'NONE', #3036 ) ;
#3118 = LINE ( 'NONE', #5008, #6150 ) ;
#3119 = ORIENTED_EDGE ( 'NONE', *, *, #5850, .T. ) ;
#3120 = EDGE_CURVE ( 'NONE', #6144, #4258, #5046, .T. ) ;
#3121 = CARTESIAN_POINT ( 'NONE',  ( -9.200000000000017053, 32.74999999999994316, -3.750000000000003553 ) ) ;
#3122 = CARTESIAN_POINT ( 'NONE',  ( -6.800000000000350653, 2.749999999999948486, -7.250000000000002665 ) ) ;
#3123 = ADVANCED_FACE ( 'NONE', ( #5077 ), #5487, .F. ) ;
#3124 = PLANE ( 'NONE',  #2831 ) ;
#3125 = ORIENTED_EDGE ( 'NONE', *, *, #2598, .F. ) ;
#3126 = EDGE_CURVE ( 'NONE', #1217, #2829, #5608, .T. ) ;
#3127 = EDGE_LOOP ( 'NONE', ( #4001, #1722, #1589, #771 ) ) ;
#3128 = FACE_OUTER_BOUND ( 'NONE', #1307, .T. ) ;
#3129 = LINE ( 'NONE', #210, #5870 ) ;
#3130 = ORIENTED_EDGE ( 'NONE', *, *, #3733, .F. ) ;
#3131 = CARTESIAN_POINT ( 'NONE',  ( 8.846410161513773573, 37.60639324704082043, 3.149999999999992362 ) ) ;
#3132 = ADVANCED_FACE ( 'NONE', ( #2775 ), #2281, .T. ) ;
#3133 = ORIENTED_EDGE ( 'NONE', *, *, #386, .F. ) ;
#3134 = VERTEX_POINT ( 'NONE', #2835 ) ;
#3135 = DIRECTION ( 'NONE',  ( -1.353335506307155426E-16, 0.5735764363510412744, -0.8191520442889951292 ) ) ;
#3136 = DIRECTION ( 'NONE',  ( 0.000000000000000000, 1.000000000000000000, 0.000000000000000000 ) ) ;
#3137 = CARTESIAN_POINT ( 'NONE',  ( 2.000000000000091926, 2.750000000000030198, -7.250000000000002665 ) ) ;
#3138 = EDGE_CURVE ( 'NONE', #2263, #2286, #1809, .T. ) ;
#3139 = CARTESIAN_POINT ( 'NONE',  ( 12.20000000000001528, 32.75000000000009948, -5.750000000000002665 ) ) ;
#3140 = AXIS2_PLACEMENT_3D ( 'NONE', #4925, #2472, #3011 ) ;
#3141 = VECTOR ( 'NONE', #1243, 1000.000000000000000 ) ;
#3142 = ORIENTED_EDGE ( 'NONE', *, *, #5966, .T. ) ;
#3143 = DIRECTION ( 'NONE',  ( -1.000000000000000000, 0.000000000000000000, -0.000000000000000000 ) ) ;
#3144 = CARTESIAN_POINT ( 'NONE',  ( 2.699993457651246320, 35.89999999999994884, -5.750000000000002665 ) ) ;
#3145 = EDGE_LOOP ( 'NONE', ( #5327, #428, #5029, #646, #6048, #1092 ) ) ;
#3146 = CARTESIAN_POINT ( 'NONE',  ( -7.599999999999941025, 10.74999999999998934, 10.27283860147173300 ) ) ;
#3147 = ORIENTED_EDGE ( 'NONE', *, *, #5127, .F. ) ;
#3148 = CARTESIAN_POINT ( 'NONE',  ( 13.45147186257615779, 0.8454159484246007716, 6.112990915244729706 ) ) ;
#3149 = EDGE_CURVE ( 'NONE', #4442, #1226, #3154, .T. ) ;
#3150 = CARTESIAN_POINT ( 'NONE',  ( -9.700006542348811323, 18.49999999999998224, 19.71912865872952736 ) ) ;
#3151 = VECTOR ( 'NONE', #265, 1000.000000000000000 ) ;
#3152 = VERTEX_POINT ( 'NONE', #900 ) ;
#3153 = ORIENTED_EDGE ( 'NONE', *, *, #5938, .F. ) ;
#3154 = CIRCLE ( 'NONE', #2848, 0.5999999999999998668 ) ;
#3155 = ORIENTED_EDGE ( 'NONE', *, *, #6199, .F. ) ;
#3156 = CARTESIAN_POINT ( 'NONE',  ( 12.20000000000001705, -7.716216689544156182, 1.949999999999995959 ) ) ;
#3157 = CARTESIAN_POINT ( 'NONE',  ( 13.70000000000001350, -1.730488665020879724, -0.3488893001069660049 ) ) ;
#3158 = ADVANCED_FACE ( 'NONE', ( #1842 ), #4754, .T. ) ;
#3159 = ADVANCED_FACE ( 'NONE', ( #5231 ), #3192, .T. ) ;
#3160 = DIRECTION ( 'NONE',  ( 3.035766082959412415E-15, 1.000000000000000000, 0.000000000000000000 ) ) ;
#3161 = VECTOR ( 'NONE', #495, 1000.000000000000000 ) ;
#3162 = ORIENTED_EDGE ( 'NONE', *, *, #1196, .T. ) ;
#3163 = LINE ( 'NONE', #5520, #863 ) ;
#3164 = VECTOR ( 'NONE', #3665, 1000.000000000000000 ) ;
#3165 = VERTEX_POINT ( 'NONE', #1779 ) ;
#3166 = VERTEX_POINT ( 'NONE', #5206 ) ;
#3167 = AXIS2_PLACEMENT_3D ( 'NONE', #2413, #2387, #1484 ) ;
#3168 = EDGE_CURVE ( 'NONE', #4910, #1213, #2712, .T. ) ;
#3169 = PLANE ( 'NONE',  #3964 ) ;
#3170 = DIRECTION ( 'NONE',  ( 1.000000000000000000, 0.000000000000000000, 0.000000000000000000 ) ) ;
#3171 = LINE ( 'NONE', #1720, #3856 ) ;
#3172 = CARTESIAN_POINT ( 'NONE',  ( 13.70029000000004693, -3.719598378890469625, 11.58643895017635117 ) ) ;
#3173 = VERTEX_POINT ( 'NONE', #4696 ) ;
#3174 = CARTESIAN_POINT ( 'NONE',  ( 12.20000000000001705, 36.00000000000000711, 3.749999999999996003 ) ) ;
#3175 = CARTESIAN_POINT ( 'NONE',  ( -9.999999999999946709, 12.49999999999998401, -3.750000000000003553 ) ) ;
#3176 = CARTESIAN_POINT ( 'NONE',  ( -2.799997609695375367, 8.749999999999987566, -5.750000000000002665 ) ) ;
#3177 = ORIENTED_EDGE ( 'NONE', *, *, #2786, .T. ) ;
#3178 = LINE ( 'NONE', #793, #5649 ) ;
#3179 = AXIS2_PLACEMENT_3D ( 'NONE', #2081, #158, #4867 ) ;
#3180 = ORIENTED_EDGE ( 'NONE', *, *, #3208, .T. ) ;
#3181 = CYLINDRICAL_SURFACE ( 'NONE', #38, 0.5999999999999999778 ) ;
#3182 = DIRECTION ( 'NONE',  ( 1.000000000000000000, 0.000000000000000000, 0.000000000000000000 ) ) ;
#3183 = VECTOR ( 'NONE', #3838, 1000.000000000000000 ) ;
#3184 = EDGE_CURVE ( 'NONE', #6139, #1771, #4196, .T. ) ;
#3185 = ORIENTED_EDGE ( 'NONE', *, *, #4194, .F. ) ;
#3186 = CARTESIAN_POINT ( 'NONE',  ( -12.18263359147520575, 0.000000000000000000, 7.936588470983089394 ) ) ;
#3187 = VECTOR ( 'NONE', #4403, 1000.000000000000000 ) ;
#3188 = ORIENTED_EDGE ( 'NONE', *, *, #4965, .T. ) ;
#3189 = EDGE_LOOP ( 'NONE', ( #6125, #3024, #5653, #2186 ) ) ;
#3190 = LINE ( 'NONE', #5106, #2302 ) ;
#3191 = CARTESIAN_POINT ( 'NONE',  ( 2.800001526826709775, 8.749999999999989342, 10.27283860147173300 ) ) ;
#3192 = PLANE ( 'NONE',  #1951 ) ;
#3193 = ORIENTED_EDGE ( 'NONE', *, *, #7, .F. ) ;
#3194 = CARTESIAN_POINT ( 'NONE',  ( -12.19999999999999218, 8.000000000000000000, 7.958661163249457715 ) ) ;
#3195 = ORIENTED_EDGE ( 'NONE', *, *, #2659, .F. ) ;
#3196 = ORIENTED_EDGE ( 'NONE', *, *, #1676, .T. ) ;
#3197 = CARTESIAN_POINT ( 'NONE',  ( 2.800001526826707554, 26.75000000000001066, 10.27283860147173300 ) ) ;
#3198 = CARTESIAN_POINT ( 'NONE',  ( 9.199999999999983302, 32.75000000000014211, 10.27283860147173300 ) ) ;
#3199 = EDGE_CURVE ( 'NONE', #4214, #889, #2808, .T. ) ;
#3200 = CARTESIAN_POINT ( 'NONE',  ( -13.63359353461398449, 38.08529731643038474, -0.3652097310333063396 ) ) ;
#3201 = EDGE_CURVE ( 'NONE', #5788, #4836, #6114, .T. ) ;
#3202 = CARTESIAN_POINT ( 'NONE',  ( -4.400000000000425793, 18.75000000000000000, -5.750000000000001776 ) ) ;
#3203 = CARTESIAN_POINT ( 'NONE',  ( -2.000003073249075669, 8.749999999999989342, 10.27283860147173300 ) ) ;
#3204 = AXIS2_PLACEMENT_3D ( 'NONE', #6147, #5679, #3788 ) ;
#3205 = ORIENTED_EDGE ( 'NONE', *, *, #3346, .F. ) ;
#3206 = DIRECTION ( 'NONE',  ( 0.000000000000000000, -1.000000000000000000, 0.000000000000000000 ) ) ;
#3207 = LINE ( 'NONE', #6099, #4091 ) ;
#3208 = EDGE_CURVE ( 'NONE', #84, #2525, #455, .T. ) ;
#3209 = CARTESIAN_POINT ( 'NONE',  ( 11.80000000000001670, 8.000000000000000000, 11.94999999999999574 ) ) ;
#3210 = ORIENTED_EDGE ( 'NONE', *, *, #849, .F. ) ;
#3211 = LINE ( 'NONE', #4715, #3547 ) ;
#3212 = VERTEX_POINT ( 'NONE', #1280 ) ;
#3213 = CARTESIAN_POINT ( 'NONE',  ( 2.800001526826709775, 8.749999999999989342, 10.27283860147173300 ) ) ;
#3214 = LINE ( 'NONE', #415, #3669 ) ;
#3215 = ADVANCED_FACE ( 'NONE', ( #394 ), #4289, .F. ) ;
#3216 = VERTEX_POINT ( 'NONE', #3695 ) ;
#3217 = DIRECTION ( 'NONE',  ( 0.000000000000000000, 1.000000000000000000, 0.000000000000000000 ) ) ;
#3218 = EDGE_CURVE ( 'NONE', #6052, #5370, #6143, .T. ) ;
#3219 = AXIS2_PLACEMENT_3D ( 'NONE', #2082, #4551, #4933 ) ;
#3220 = VERTEX_POINT ( 'NONE', #5641 ) ;
#3221 = ORIENTED_EDGE ( 'NONE', *, *, #4649, .T. ) ;
#3222 = DIRECTION ( 'NONE',  ( -1.000000000000000000, -4.336808689942434255E-15, 0.000000000000000000 ) ) ;
#3223 = PLANE ( 'NONE',  #4557 ) ;
#3224 = DIRECTION ( 'NONE',  ( -5.782411586589358033E-15, 1.000000000000000000, 0.000000000000000000 ) ) ;
#3225 = EDGE_LOOP ( 'NONE', ( #5563, #5709, #3795, #2721 ) ) ;
#3226 = CARTESIAN_POINT ( 'NONE',  ( -9.999999999999904077, 2.749999999999932943, 10.27283860147173300 ) ) ;
#3227 = VERTEX_POINT ( 'NONE', #3783 ) ;
#3228 = CARTESIAN_POINT ( 'NONE',  ( -8.947604521128440069, 38.20574445506683503, 3.177894971549569014 ) ) ;
#3229 = LINE ( 'NONE', #4763, #5668 ) ;
#3230 = DIRECTION ( 'NONE',  ( -1.445602896647337191E-16, 1.000000000000000000, 0.000000000000000000 ) ) ;
#3231 = ORIENTED_EDGE ( 'NONE', *, *, #6089, .F. ) ;
#3232 = CARTESIAN_POINT ( 'NONE',  ( 5.200000000000089884, 18.75000000000000000, 10.27283860147173300 ) ) ;
#3233 = LINE ( 'NONE', #3139, #3571 ) ;
#3234 = ORIENTED_EDGE ( 'NONE', *, *, #1173, .F. ) ;
#3235 = FACE_OUTER_BOUND ( 'NONE', #5591, .T. ) ;
#3236 = DIRECTION ( 'NONE',  ( 0.000000000000000000, 0.000000000000000000, -1.000000000000000000 ) ) ;
#3237 = EDGE_CURVE ( 'NONE', #883, #5602, #4632, .T. ) ;
#3238 = LINE ( 'NONE', #6063, #207 ) ;
#3239 = VECTOR ( 'NONE', #4593, 1000.000000000000000 ) ;
#3240 = LINE ( 'NONE', #917, #5346 ) ;
#3241 = ORIENTED_EDGE ( 'NONE', *, *, #1504, .T. ) ;
#3242 = DIRECTION ( 'NONE',  ( -0.9909538193262598105, 0.1342033083150274420, 0.000000000000000000 ) ) ;
#3243 = CARTESIAN_POINT ( 'NONE',  ( -13.00411477239416413, -4.263483889006633554, 6.795513087239987371 ) ) ;
#3244 = ORIENTED_EDGE ( 'NONE', *, *, #3411, .F. ) ;
#3245 = DIRECTION ( 'NONE',  ( 0.000000000000000000, 0.000000000000000000, -1.000000000000000000 ) ) ;
#3246 = EDGE_LOOP ( 'NONE', ( #4770, #89, #3595, #4798 ) ) ;
#3247 = VERTEX_POINT ( 'NONE', #3311 ) ;
#3248 = DIRECTION ( 'NONE',  ( -0.000000000000000000, -0.000000000000000000, -1.000000000000000000 ) ) ;
#3249 = CARTESIAN_POINT ( 'NONE',  ( 13.10000000000001563, 38.09576625952812634, 5.540885886794303161 ) ) ;
#3250 = CARTESIAN_POINT ( 'NONE',  ( -12.76204149542704691, 37.39481965908768757, 7.695868967844492481 ) ) ;
#3251 = VECTOR ( 'NONE', #3510, 1000.000000000000000 ) ;
#3252 = EDGE_LOOP ( 'NONE', ( #1374, #1679, #3728, #2614, #5833 ) ) ;
#3253 = DIRECTION ( 'NONE',  ( -1.000000000000000000, 0.000000000000000000, -0.000000000000000000 ) ) ;
#3254 = VECTOR ( 'NONE', #4343, 1000.000000000000000 ) ;
#3255 = VECTOR ( 'NONE', #2860, 1000.000000000000000 ) ;
#3256 = ORIENTED_EDGE ( 'NONE', *, *, #2217, .T. ) ;
#3257 = LINE ( 'NONE', #5645, #3379 ) ;
#3258 = LINE ( 'NONE', #6149, #5873 ) ;
#3259 = VECTOR ( 'NONE', #2968, 1000.000000000000000 ) ;
#3260 = ORIENTED_EDGE ( 'NONE', *, *, #87, .F. ) ;
#3261 = EDGE_CURVE ( 'NONE', #524, #4413, #804, .T. ) ;
#3262 = DIRECTION ( 'NONE',  ( -7.228014483236683490E-17, -1.000000000000000000, 0.000000000000000000 ) ) ;
#3263 = DIRECTION ( 'NONE',  ( -0.1856080806482482970, -0.000000000000000000, -0.9826238549913559606 ) ) ;
#3264 = VECTOR ( 'NONE', #464, 1000.000000000000000 ) ;
#3265 = VECTOR ( 'NONE', #6066, 1000.000000000000000 ) ;
#3266 = ORIENTED_EDGE ( 'NONE', *, *, #178, .T. ) ;
#3267 = EDGE_LOOP ( 'NONE', ( #4622, #3333, #1174, #6146 ) ) ;
#3268 = CARTESIAN_POINT ( 'NONE',  ( 11.80000000000001670, 36.00000000000000711, 3.749999999999996003 ) ) ;
#3269 = EDGE_CURVE ( 'NONE', #3300, #1926, #3955, .T. ) ;
#3270 = FACE_OUTER_BOUND ( 'NONE', #3514, .T. ) ;
#3271 = LINE ( 'NONE', #5658, #3416 ) ;
#3272 = LINE ( 'NONE', #5193, #49 ) ;
#3273 = EDGE_CURVE ( 'NONE', #794, #497, #3000, .T. ) ;
#3274 = EDGE_LOOP ( 'NONE', ( #2423, #5875, #4264, #3281, #493 ) ) ;
#3275 = CARTESIAN_POINT ( 'NONE',  ( 2.800001526826710663, 2.750000000000030198, -7.250000000000002665 ) ) ;
#3276 = CARTESIAN_POINT ( 'NONE',  ( -6.800000000000461675, 32.74999999999994316, 10.27283860147173300 ) ) ;
#3277 = EDGE_CURVE ( 'NONE', #1599, #3076, #2868, .T. ) ;
#3278 = EDGE_CURVE ( 'NONE', #4904, #2263, #75, .T. ) ;
#3279 = VERTEX_POINT ( 'NONE', #5793 ) ;
#3280 = VERTEX_POINT ( 'NONE', #5390 ) ;
#3281 = ORIENTED_EDGE ( 'NONE', *, *, #864, .T. ) ;
#3282 = CARTESIAN_POINT ( 'NONE',  ( 13.25315118934407721, -4.235878001130642723, 6.749432181331004088 ) ) ;
#3283 = CYLINDRICAL_SURFACE ( 'NONE', #4152, 0.6000000000000008660 ) ;
#3284 = DIRECTION ( 'NONE',  ( 1.000000000000000000, 0.000000000000000000, -0.000000000000000000 ) ) ;
#3285 = AXIS2_PLACEMENT_3D ( 'NONE', #2223, #3615, #4111 ) ;
#3286 = ORIENTED_EDGE ( 'NONE', *, *, #835, .T. ) ;
#3287 = ORIENTED_EDGE ( 'NONE', *, *, #4480, .T. ) ;
#3288 = DIRECTION ( 'NONE',  ( 0.000000000000000000, -1.000000000000000000, -0.000000000000000000 ) ) ;
#3289 = DIRECTION ( 'NONE',  ( -0.9896638754658736437, 0.000000000000000000, -0.1434064628873751857 ) ) ;
#3290 = ORIENTED_EDGE ( 'NONE', *, *, #4452, .T. ) ;
#3291 = PLANE ( 'NONE',  #5542 ) ;
#3292 = DIRECTION ( 'NONE',  ( -3.614007241618342854E-15, 1.000000000000000000, 0.000000000000000000 ) ) ;
#3293 = EDGE_LOOP ( 'NONE', ( #1988, #2629, #5240, #4917 ) ) ;
#3294 = ORIENTED_EDGE ( 'NONE', *, *, #1010, .T. ) ;
#3295 = FACE_OUTER_BOUND ( 'NONE', #5414, .T. ) ;
#3296 = DIRECTION ( 'NONE',  ( 0.000000000000000000, 0.000000000000000000, -1.000000000000000000 ) ) ;
#3297 = DIRECTION ( 'NONE',  ( 0.9919439218342780418, 0.1266777641736367144, -0.000000000000000000 ) ) ;
#3298 = DIRECTION ( 'NONE',  ( -0.000000000000000000, -0.000000000000000000, -1.000000000000000000 ) ) ;
#3299 = CARTESIAN_POINT ( 'NONE',  ( 12.18067608103243948, 36.87842795731026513, -7.250000000000002665 ) ) ;
#3300 = VERTEX_POINT ( 'NONE', #4410 ) ;
#3301 = CARTESIAN_POINT ( 'NONE',  ( -6.800000000000432365, 24.75000000000001421, 10.27283860147173300 ) ) ;
#3302 = DIRECTION ( 'NONE',  ( -1.000000000000000000, 1.387778780781450409E-14, 0.000000000000000000 ) ) ;
#3303 = VERTEX_POINT ( 'NONE', #4882 ) ;
#3304 = CARTESIAN_POINT ( 'NONE',  ( -11.69999999999998330, -7.716216689544156182, -5.750000000000002665 ) ) ;
#3305 = ORIENTED_EDGE ( 'NONE', *, *, #3550, .T. ) ;
#3306 = EDGE_LOOP ( 'NONE', ( #3153, #5547, #5141, #5610 ) ) ;
#3307 = CARTESIAN_POINT ( 'NONE',  ( -4.400000000000419575, 16.74999999999999645, 10.27283860147173300 ) ) ;
#3308 = EDGE_CURVE ( 'NONE', #5016, #3134, #3875, .T. ) ;
#3309 = FACE_OUTER_BOUND ( 'NONE', #3127, .T. ) ;
#3310 =( BOUNDED_CURVE ( )  B_SPLINE_CURVE ( 3, ( #1512, #2885, #4304, #4870 ),
 .UNSPECIFIED., .F., .F. ) 
 B_SPLINE_CURVE_WITH_KNOTS ( ( 4, 4 ),
 ( 3.159211665740306429, 4.712388980384689674 ),
 .UNSPECIFIED. ) 
 CURVE ( )  GEOMETRIC_REPRESENTATION_ITEM ( )  RATIONAL_B_SPLINE_CURVE ( ( 1.000000000000000000, 0.8088723492785249158, 0.8088723492785249158, 1.000000000000000000 ) ) 
 REPRESENTATION_ITEM ( '' )  );
#3311 = CARTESIAN_POINT ( 'NONE',  ( -7.199999999999993072, 0.4000000000000000222, 3.749999999999996003 ) ) ;
#3312 = EDGE_CURVE ( 'NONE', #3026, #1565, #583, .T. ) ;
#3313 = ORIENTED_EDGE ( 'NONE', *, *, #3982, .F. ) ;
#3314 = DIRECTION ( 'NONE',  ( -1.595823054205661794E-16, 0.2588190451025155769, -0.9659258262890697555 ) ) ;
#3315 = CARTESIAN_POINT ( 'NONE',  ( -0.4000000000000635825, 32.75000000000000000, 10.27283860147173300 ) ) ;
#3316 = VERTEX_POINT ( 'NONE', #3406 ) ;
#3317 = DIRECTION ( 'NONE',  ( -1.000000000000000000, 0.000000000000000000, 0.000000000000000000 ) ) ;
#3318 = ADVANCED_FACE ( 'NONE', ( #1432 ), #5321, .F. ) ;
#3319 = CARTESIAN_POINT ( 'NONE',  ( -7.599999999999933031, 8.749999999999989342, 10.27283860147173300 ) ) ;
#3320 = ORIENTED_EDGE ( 'NONE', *, *, #1605, .T. ) ;
#3321 = ORIENTED_EDGE ( 'NONE', *, *, #1635, .T. ) ;
#3322 = FACE_OUTER_BOUND ( 'NONE', #3415, .T. ) ;
#3323 = CARTESIAN_POINT ( 'NONE',  ( 2.699993457651239215, 33.39999999999994174, -3.750000000000003553 ) ) ;
#3324 = EDGE_CURVE ( 'NONE', #3845, #3711, #2929, .T. ) ;
#3325 = CARTESIAN_POINT ( 'NONE',  ( -2.799997609695374923, 8.749999999999989342, 10.27283860147173300 ) ) ;
#3326 = LINE ( 'NONE', #4335, #3971 ) ;
#3327 = CARTESIAN_POINT ( 'NONE',  ( 0.3999999999999040989, 16.74999999999999645, 10.27283860147173300 ) ) ;
#3328 = EDGE_LOOP ( 'NONE', ( #865, #1127, #5723, #6008 ) ) ;
#3329 = CARTESIAN_POINT ( 'NONE',  ( 11.69999345765110910, 7.499999999999902300, 19.71912865872952736 ) ) ;
#3330 = CARTESIAN_POINT ( 'NONE',  ( 2.800001526826706666, 32.75000000000003553, 10.27283860147173300 ) ) ;
#3331 = ORIENTED_EDGE ( 'NONE', *, *, #2585, .F. ) ;
#3332 = FACE_OUTER_BOUND ( 'NONE', #5620, .T. ) ;
#3333 = ORIENTED_EDGE ( 'NONE', *, *, #2479, .F. ) ;
#3334 = AXIS2_PLACEMENT_3D ( 'NONE', #5201, #6169, #5 ) ;
#3335 = EDGE_CURVE ( 'NONE', #4873, #1065, #62, .T. ) ;
#3336 = FACE_OUTER_BOUND ( 'NONE', #4634, .T. ) ;
#3337 = DIRECTION ( 'NONE',  ( -4.047688110612522540E-15, 1.000000000000000000, 0.000000000000000000 ) ) ;
#3338 = PLANE ( 'NONE',  #1851 ) ;
#3339 = DIRECTION ( 'NONE',  ( -0.000000000000000000, 1.000000000000000000, -0.000000000000000000 ) ) ;
#3340 = VERTEX_POINT ( 'NONE', #3938 ) ;
#3341 = EDGE_CURVE ( 'NONE', #1623, #740, #1558, .T. ) ;
#3342 = EDGE_CURVE ( 'NONE', #2646, #5369, #2461, .T. ) ;
#3343 = CARTESIAN_POINT ( 'NONE',  ( -9.700006542348816652, 16.74999999999999645, -3.750000000000003553 ) ) ;
#3344 = CARTESIAN_POINT ( 'NONE',  ( -10.00000000000001599, 31.89999999999997726, 19.71912865872952736 ) ) ;
#3345 = VERTEX_POINT ( 'NONE', #4914 ) ;
#3346 = EDGE_CURVE ( 'NONE', #1773, #4096, #1527, .T. ) ;
#3347 = DIRECTION ( 'NONE',  ( 0.000000000000000000, 1.000000000000000000, 0.000000000000000000 ) ) ;
#3348 = CARTESIAN_POINT ( 'NONE',  ( -10.19338422907791752, -3.719598378890471846, 11.58643895017634762 ) ) ;
#3349 = VECTOR ( 'NONE', #2711, 1000.000000000000000 ) ;
#3350 = ORIENTED_EDGE ( 'NONE', *, *, #1515, .T. ) ;
#3351 = ADVANCED_FACE ( 'NONE', ( #5354 ), #1088, .T. ) ;
#3352 = VERTEX_POINT ( 'NONE', #2522 ) ;
#3353 = VECTOR ( 'NONE', #2939, 1000.000000000000000 ) ;
#3354 = DIRECTION ( 'NONE',  ( 0.5065490486308658058, 0.01010550995448438079, -0.8621519239668404833 ) ) ;
#3355 = LINE ( 'NONE', #58, #4086 ) ;
#3356 = VECTOR ( 'NONE', #3952, 1000.000000000000000 ) ;
#3357 = CIRCLE ( 'NONE', #4162, 0.6000000000000000888 ) ;
#3358 = VECTOR ( 'NONE', #1580, 1000.000000000000000 ) ;
#3359 = DIRECTION ( 'NONE',  ( -1.445602896647337191E-16, 1.000000000000000000, 0.000000000000000000 ) ) ;
#3360 = CARTESIAN_POINT ( 'NONE',  ( 6.799999999999981171, 32.75000000000009948, 10.27283860147173300 ) ) ;
#3361 = CARTESIAN_POINT ( 'NONE',  ( -12.19999999999998508, 31.00000000000000355, 7.959488292598522641 ) ) ;
#3362 = ADVANCED_FACE ( 'NONE', ( #5289 ), #6205, .T. ) ;
#3363 = EDGE_LOOP ( 'NONE', ( #3675, #2395, #3667, #3906 ) ) ;
#3364 = VECTOR ( 'NONE', #4781, 1000.000000000000000 ) ;
#3365 = DIRECTION ( 'NONE',  ( 1.000000000000000000, 4.063324754860239938E-16, 2.891205793294679411E-15 ) ) ;
#3366 = DIRECTION ( 'NONE',  ( 0.000000000000000000, 0.000000000000000000, -1.000000000000000000 ) ) ;
#3367 = CARTESIAN_POINT ( 'NONE',  ( -7.599999999999820233, -24.48182999695903916, -5.750000000000002665 ) ) ;
#3368 = EDGE_LOOP ( 'NONE', ( #5110, #2625, #5153, #727 ) ) ;
#3369 = LINE ( 'NONE', #2894, #5664 ) ;
#3370 = ORIENTED_EDGE ( 'NONE', *, *, #3184, .F. ) ;
#3371 = ORIENTED_EDGE ( 'NONE', *, *, #4805, .F. ) ;
#3372 = DIRECTION ( 'NONE',  ( -0.5065490486308656948, -0.01010550995448438079, 0.8621519239668404833 ) ) ;
#3373 = CARTESIAN_POINT ( 'NONE',  ( -13.69999999999998153, -3.663525101166166476, 6.802545362334737611 ) ) ;
#3374 = CARTESIAN_POINT ( 'NONE',  ( 8.916354866903246190, 38.19000028189342544, 3.516174191303812258 ) ) ;
#3375 = ORIENTED_EDGE ( 'NONE', *, *, #157, .T. ) ;
#3376 = AXIS2_PLACEMENT_3D ( 'NONE', #761, #5032, #315 ) ;
#3377 = DIRECTION ( 'NONE',  ( 0.000000000000000000, -1.000000000000000000, -0.000000000000000000 ) ) ;
#3378 = DIRECTION ( 'NONE',  ( -0.000000000000000000, -1.000000000000000000, -0.000000000000000000 ) ) ;
#3379 = VECTOR ( 'NONE', #2253, 1000.000000000000000 ) ;
#3380 = ORIENTED_EDGE ( 'NONE', *, *, #4056, .T. ) ;
#3381 = VECTOR ( 'NONE', #2398, 1000.000000000000000 ) ;
#3382 = DIRECTION ( 'NONE',  ( 0.000000000000000000, 0.000000000000000000, -1.000000000000000000 ) ) ;
#3383 = CARTESIAN_POINT ( 'NONE',  ( -11.79999999999998650, 8.000000000000000000, 11.94999999999999574 ) ) ;
#3384 = VECTOR ( 'NONE', #4960, 1000.000000000000000 ) ;
#3385 = ORIENTED_EDGE ( 'NONE', *, *, #914, .F. ) ;
#3386 = ORIENTED_EDGE ( 'NONE', *, *, #5694, .T. ) ;
#3387 = ADVANCED_FACE ( 'NONE', ( #5731 ), #3338, .T. ) ;
#3388 = CARTESIAN_POINT ( 'NONE',  ( 2.800001526826709330, 10.74999999999998934, 10.27283860147173300 ) ) ;
#3389 = EDGE_CURVE ( 'NONE', #255, #2075, #2062, .T. ) ;
#3390 = CARTESIAN_POINT ( 'NONE',  ( -13.69999999999998685, -3.650643415563089356, 6.802696351967155941 ) ) ;
#3391 = CARTESIAN_POINT ( 'NONE',  ( 13.69995600911416922, -1.735421758318499652, -0.3491928860799748957 ) ) ;
#3392 = CARTESIAN_POINT ( 'NONE',  ( -12.18067608103241106, 0.9014114098748522430, -6.650000000000003020 ) ) ;
#3393 = DIRECTION ( 'NONE',  ( 1.000000000000000000, 0.000000000000000000, 0.000000000000000000 ) ) ;
#3394 = EDGE_CURVE ( 'NONE', #655, #79, #4321, .T. ) ;
#3395 = VERTEX_POINT ( 'NONE', #5422 ) ;
#3396 = CARTESIAN_POINT ( 'NONE',  ( -9.700006542348811323, 18.49999999999998224, -3.750000000000003553 ) ) ;
#3397 = EDGE_CURVE ( 'NONE', #2040, #2164, #4438, .T. ) ;
#3398 = CARTESIAN_POINT ( 'NONE',  ( -2.799997609695375811, 24.75000000000001421, -5.750000000000001776 ) ) ;
#3399 = CARTESIAN_POINT ( 'NONE',  ( -0.4000000000000190625, 16.74999999999999289, -5.750000000000001776 ) ) ;
#3400 = EDGE_LOOP ( 'NONE', ( #5799, #4351, #1939, #4785 ) ) ;
#3401 = PLANE ( 'NONE',  #1052 ) ;
#3402 = AXIS2_PLACEMENT_3D ( 'NONE', #5400, #82, #114 ) ;
#3403 = APPLICATION_CONTEXT ( 'automotive_design' ) ;
#3404 = ORIENTED_EDGE ( 'NONE', *, *, #5973, .T. ) ;
#3405 = DIRECTION ( 'NONE',  ( 3.324886662288872113E-15, 1.000000000000000000, -0.000000000000000000 ) ) ;
#3406 = CARTESIAN_POINT ( 'NONE',  ( -7.599999999999909051, 2.749999999999948486, -7.250000000000002665 ) ) ;
#3407 = LINE ( 'NONE', #517, #3183 ) ;
#3408 = ADVANCED_FACE ( 'NONE', ( #4223 ), #3223, .T. ) ;
#3409 = DIRECTION ( 'NONE',  ( 0.000000000000000000, 0.000000000000000000, -1.000000000000000000 ) ) ;
#3410 = EDGE_LOOP ( 'NONE', ( #3535, #213, #2206, #6107 ) ) ;
#3411 = EDGE_CURVE ( 'NONE', #3626, #3166, #3721, .T. ) ;
#3412 = ORIENTED_EDGE ( 'NONE', *, *, #1410, .F. ) ;
#3413 = DIRECTION ( 'NONE',  ( 0.000000000000000000, 0.000000000000000000, -1.000000000000000000 ) ) ;
#3414 = CARTESIAN_POINT ( 'NONE',  ( 2.000000000000091926, 2.750000000000030198, 10.27283860147173300 ) ) ;
#3415 = EDGE_LOOP ( 'NONE', ( #2599, #5539, #6217, #3048, #2880 ) ) ;
#3416 = VECTOR ( 'NONE', #3708, 1000.000000000000000 ) ;
#3417 = LINE ( 'NONE', #6214, #1757 ) ;
#3418 = LINE ( 'NONE', #3762, #4568 ) ;
#3419 = AXIS2_PLACEMENT_3D ( 'NONE', #4775, #915, #2386 ) ;
#3420 = ORIENTED_EDGE ( 'NONE', *, *, #5538, .F. ) ;
#3421 = ORIENTED_EDGE ( 'NONE', *, *, #1323, .T. ) ;
#3422 = EDGE_CURVE ( 'NONE', #2154, #1235, #2739, .T. ) ;
#3423 = FACE_OUTER_BOUND ( 'NONE', #3950, .T. ) ;
#3424 = CARTESIAN_POINT ( 'NONE',  ( 5.200000000000136069, 32.75000000000007105, 10.27283860147173300 ) ) ;
#3425 = DIRECTION ( 'NONE',  ( -1.000000000000000000, -2.168404344971013207E-15, 0.000000000000000000 ) ) ;
#3426 = DIRECTION ( 'NONE',  ( -1.000000000000000000, 4.625929269271488478E-15, 0.000000000000000000 ) ) ;
#3427 = FACE_OUTER_BOUND ( 'NONE', #5041, .T. ) ;
#3428 = ORIENTED_EDGE ( 'NONE', *, *, #1518, .F. ) ;
#3429 = EDGE_CURVE ( 'NONE', #3300, #5537, #4253, .T. ) ;
#3430 = ORIENTED_EDGE ( 'NONE', *, *, #5159, .T. ) ;
#3431 = CYLINDRICAL_SURFACE ( 'NONE', #2745, 0.5999999999999998668 ) ;
#3432 = CARTESIAN_POINT ( 'NONE',  ( 13.10000000000001563, 0.2081568534518005442, 7.023091221508424020 ) ) ;
#3433 = LINE ( 'NONE', #2420, #3576 ) ;
#3434 = ORIENTED_EDGE ( 'NONE', *, *, #1723, .F. ) ;
#3435 = CARTESIAN_POINT ( 'NONE',  ( 10.19338422907795483, -3.719598378890474066, 11.58643895017635117 ) ) ;
#3436 = ORIENTED_EDGE ( 'NONE', *, *, #5233, .F. ) ;
#3437 = DIRECTION ( 'NONE',  ( -3.469446951953609456E-15, 1.000000000000000000, 0.000000000000000000 ) ) ;
#3438 = DIRECTION ( 'NONE',  ( 0.5065490486308656948, -0.01010550995448437732, 0.8621519239668403722 ) ) ;
#3439 = CARTESIAN_POINT ( 'NONE',  ( 13.70000000000001705, -3.650643415563090688, 6.802696351967164823 ) ) ;
#3440 = VECTOR ( 'NONE', #689, 1000.000000000000000 ) ;
#3441 = FACE_BOUND ( 'NONE', #5152, .T. ) ;
#3442 = ADVANCED_BREP_SHAPE_REPRESENTATION ( 'shell02', ( #2661, #2967 ), #5379 ) ;
#3443 = ORIENTED_EDGE ( 'NONE', *, *, #4320, .F. ) ;
#3444 = VECTOR ( 'NONE', #6012, 1000.000000000000000 ) ;
#3445 = VECTOR ( 'NONE', #5035, 1000.000000000000000 ) ;
#3446 = ORIENTED_EDGE ( 'NONE', *, *, #1605, .F. ) ;
#3447 = LINE ( 'NONE', #1062, #5811 ) ;
#3448 = EDGE_CURVE ( 'NONE', #2758, #4878, #1808, .T. ) ;
#3449 = CARTESIAN_POINT ( 'NONE',  ( -6.800000000000439471, 26.75000000000001066, -7.250000000000002665 ) ) ;
#3450 = ORIENTED_EDGE ( 'NONE', *, *, #1476, .T. ) ;
#3451 = DIRECTION ( 'NONE',  ( -1.000000000000000000, 1.387778780781450409E-14, 0.000000000000000000 ) ) ;
#3452 = CYLINDRICAL_SURFACE ( 'NONE', #954, 0.5999999999999987566 ) ;
#3453 = ORIENTED_EDGE ( 'NONE', *, *, #719, .T. ) ;
#3454 = EDGE_LOOP ( 'NONE', ( #196, #5420, #4220, #1576 ) ) ;
#3455 = DIRECTION ( 'NONE',  ( 1.000000000000000000, 2.168419154064127366E-15, -0.000000000000000000 ) ) ;
#3456 = LINE ( 'NONE', #2984, #879 ) ;
#3457 = ADVANCED_FACE ( 'NONE', ( #4725 ), #2681, .F. ) ;
#3458 = VECTOR ( 'NONE', #3372, 999.9999999999998863 ) ;
#3459 = LINE ( 'NONE', #5376, #154 ) ;
#3460 = LINE ( 'NONE', #5028, #1866 ) ;
#3461 = CARTESIAN_POINT ( 'NONE',  ( 6.800000000000067324, 8.749999999999987566, -5.750000000000002665 ) ) ;
#3462 = CIRCLE ( 'NONE', #4558, 0.6000000000000000888 ) ;
#3463 = ORIENTED_EDGE ( 'NONE', *, *, #3912, .T. ) ;
#3464 = AXIS2_PLACEMENT_3D ( 'NONE', #2516, #193, #2118 ) ;
#3465 = CARTESIAN_POINT ( 'NONE',  ( -13.25315118934404701, -4.235878001130643611, 6.749432181330992542 ) ) ;
#3466 = DIRECTION ( 'NONE',  ( 0.4365064527871117539, 0.5160473658072718406, -0.7369920168621834078 ) ) ;
#3467 = VECTOR ( 'NONE', #371, 1000.000000000000000 ) ;
#3468 = VECTOR ( 'NONE', #5940, 1000.000000000000000 ) ;
#3469 = LINE ( 'NONE', #1549, #1763 ) ;
#3470 = PRODUCT_DEFINITION_SHAPE ( 'NONE', 'NONE',  #4835 ) ;
#3471 = EDGE_CURVE ( 'NONE', #5737, #2912, #2245, .T. ) ;
#3472 = CARTESIAN_POINT ( 'NONE',  ( -6.800000000000403944, 16.74999999999999645, 10.27283860147173300 ) ) ;
#3473 = ORIENTED_EDGE ( 'NONE', *, *, #3335, .F. ) ;
#3474 = CARTESIAN_POINT ( 'NONE',  ( -9.999999999999966249, 16.74999999999999645, 10.27283860147173300 ) ) ;
#3475 = AXIS2_PLACEMENT_3D ( 'NONE', #3932, #1014, #1521 ) ;
#3476 = ORIENTED_EDGE ( 'NONE', *, *, #470, .F. ) ;
#3477 = EDGE_CURVE ( 'NONE', #1181, #3279, #4663, .T. ) ;
#3478 = CARTESIAN_POINT ( 'NONE',  ( 2.699993457651239215, 33.39999999999994174, 19.71912865872952736 ) ) ;
#3479 = CIRCLE ( 'NONE', #3862, 0.5999999999999998668 ) ;
#3480 = CARTESIAN_POINT ( 'NONE',  ( -12.19999999999998508, 0.000000000000000000, 7.952886066075826044 ) ) ;
#3481 = FACE_OUTER_BOUND ( 'NONE', #3189, .T. ) ;
#3482 = EDGE_CURVE ( 'NONE', #4284, #2981, #4695, .T. ) ;
#3483 = CARTESIAN_POINT ( 'NONE',  ( 2.000000000000036859, 26.75000000000001776, 10.27283860147173300 ) ) ;
#3484 = VERTEX_POINT ( 'NONE', #3694 ) ;
#3485 = ORIENTED_EDGE ( 'NONE', *, *, #552, .F. ) ;
#3486 = ORIENTED_EDGE ( 'NONE', *, *, #4928, .F. ) ;
#3487 = CARTESIAN_POINT ( 'NONE',  ( -12.14931720325940923, -0.4052219153146711661, 7.899086887500222254 ) ) ;
#3488 = DIRECTION ( 'NONE',  ( 0.000000000000000000, 0.000000000000000000, -1.000000000000000000 ) ) ;
#3489 = ORIENTED_EDGE ( 'NONE', *, *, #2653, .T. ) ;
#3490 =( BOUNDED_CURVE ( )  B_SPLINE_CURVE ( 3, ( #3487, #1095, #3007, #4922 ),
 .UNSPECIFIED., .F., .F. ) 
 B_SPLINE_CURVE_WITH_KNOTS ( ( 4, 4 ),
 ( 5.416354840934674009, 6.047562042852041131 ),
 .UNSPECIFIED. ) 
 CURVE ( )  GEOMETRIC_REPRESENTATION_ITEM ( )  RATIONAL_B_SPLINE_CURVE ( ( 1.000000000000000000, 0.9670728001350568093, 0.9670728001350568093, 1.000000000000000000 ) ) 
 REPRESENTATION_ITEM ( '' )  );
#3491 = DIRECTION ( 'NONE',  ( -0.000000000000000000, 0.9999313130674301053, 0.01172045849124869234 ) ) ;
#3492 = DIRECTION ( 'NONE',  ( 0.000000000000000000, 0.000000000000000000, -1.000000000000000000 ) ) ;
#3493 = AXIS2_PLACEMENT_3D ( 'NONE', #1614, #3922, #3992 ) ;
#3494 = ORIENTED_EDGE ( 'NONE', *, *, #1444, .F. ) ;
#3495 = EDGE_LOOP ( 'NONE', ( #2902, #5043, #3486, #4247 ) ) ;
#3496 = FILL_AREA_STYLE_COLOUR ( '', #3757 ) ;
#3497 = LINE ( 'NONE', #93, #3987 ) ;
#3498 = AXIS2_PLACEMENT_3D ( 'NONE', #958, #4789, #2427 ) ;
#3499 = CARTESIAN_POINT ( 'NONE',  ( -13.19982567405785545, -2.337925417107521664, -0.3760699451427256812 ) ) ;
#3500 = DIRECTION ( 'NONE',  ( -0.000000000000000000, -0.000000000000000000, -1.000000000000000000 ) ) ;
#3501 = AXIS2_PLACEMENT_3D ( 'NONE', #3825, #885, #6097 ) ;
#3502 = LINE ( 'NONE', #4401, #4366 ) ;
#3503 = ORIENTED_EDGE ( 'NONE', *, *, #5433, .T. ) ;
#3504 = LINE ( 'NONE', #4752, #1591 ) ;
#3505 = CARTESIAN_POINT ( 'NONE',  ( -2.000003073249075669, 10.74999999999998934, 10.27283860147173300 ) ) ;
#3506 = EDGE_CURVE ( 'NONE', #3745, #2826, #5640, .T. ) ;
#3507 = ORIENTED_EDGE ( 'NONE', *, *, #3729, .T. ) ;
#3508 = DIRECTION ( 'NONE',  ( -2.782785576046121079E-15, 1.000000000000000000, 0.000000000000000000 ) ) ;
#3509 = EDGE_LOOP ( 'NONE', ( #181, #5605, #3450, #2652 ) ) ;
#3510 = DIRECTION ( 'NONE',  ( 0.000000000000000000, 0.000000000000000000, -1.000000000000000000 ) ) ;
#3511 = LINE ( 'NONE', #3150, #3687 ) ;
#3512 = FACE_BOUND ( 'NONE', #581, .T. ) ;
#3513 = VECTOR ( 'NONE', #3248, 1000.000000000000000 ) ;
#3514 = EDGE_LOOP ( 'NONE', ( #3380, #2801, #3541, #4727 ) ) ;
#3515 = ORIENTED_EDGE ( 'NONE', *, *, #2841, .T. ) ;
#3516 = ORIENTED_EDGE ( 'NONE', *, *, #2921, .F. ) ;
#3517 = CARTESIAN_POINT ( 'NONE',  ( -13.69999999999998508, 36.39999999999999858, 5.249999999999995559 ) ) ;
#3518 = LINE ( 'NONE', #2594, #5171 ) ;
#3519 = EDGE_LOOP ( 'NONE', ( #988, #478, #993, #2875 ) ) ;
#3520 = LINE ( 'NONE', #2006, #3940 ) ;
#3521 = CARTESIAN_POINT ( 'NONE',  ( 5.200000000000038369, 2.750000000000064393, -7.250000000000002665 ) ) ;
#3522 = VERTEX_POINT ( 'NONE', #1342 ) ;
#3523 = ORIENTED_EDGE ( 'NONE', *, *, #4694, .F. ) ;
#3524 = PLANE ( 'NONE',  #4292 ) ;
#3525 = LINE ( 'NONE', #2603, #3087 ) ;
#3526 =( BOUNDED_CURVE ( )  B_SPLINE_CURVE ( 3, ( #1367, #2237, #3148, #322 ),
 .UNSPECIFIED., .F., .F. ) 
 B_SPLINE_CURVE_WITH_KNOTS ( ( 4, 4 ),
 ( 1.570796326794900333, 3.141592653589793116 ),
 .UNSPECIFIED. ) 
 CURVE ( )  GEOMETRIC_REPRESENTATION_ITEM ( )  RATIONAL_B_SPLINE_CURVE ( ( 1.000000000000000000, 0.8047378541243658256, 0.8047378541243658256, 1.000000000000000000 ) ) 
 REPRESENTATION_ITEM ( '' )  );
#3527 = ADVANCED_FACE ( 'NONE', ( #4159 ), #3283, .T. ) ;
#3528 = DIRECTION ( 'NONE',  ( -1.000000000000000000, -0.000000000000000000, -0.000000000000000000 ) ) ;
#3529 = CARTESIAN_POINT ( 'NONE',  ( 8.699993457651235218, 33.39999999999991331, 19.71912865872952736 ) ) ;
#3530 = VECTOR ( 'NONE', #600, 1000.000000000000000 ) ;
#3531 = VERTEX_POINT ( 'NONE', #3249 ) ;
#3532 = PLANE ( 'NONE',  #2879 ) ;
#3533 = EDGE_CURVE ( 'NONE', #3484, #3531, #365, .T. ) ;
#3534 = DIRECTION ( 'NONE',  ( -0.1327528877080236536, 0.3782324969206073417, -0.9161423738035391340 ) ) ;
#3535 = ORIENTED_EDGE ( 'NONE', *, *, #6035, .F. ) ;
#3536 = LINE ( 'NONE', #3053, #22 ) ;
#3537 = ORIENTED_EDGE ( 'NONE', *, *, #1156, .T. ) ;
#3538 = CARTESIAN_POINT ( 'NONE',  ( -2.799997609695386469, -24.48182999695896811, -5.750000000000002665 ) ) ;
#3539 = DIRECTION ( 'NONE',  ( 0.000000000000000000, -1.000000000000000000, 0.000000000000000000 ) ) ;
#3540 = DIRECTION ( 'NONE',  ( 0.004050116900257066249, -0.9999801493634146166, -0.004826741366307826797 ) ) ;
#3541 = ORIENTED_EDGE ( 'NONE', *, *, #4200, .F. ) ;
#3542 = ORIENTED_EDGE ( 'NONE', *, *, #4462, .F. ) ;
#3543 = VERTEX_POINT ( 'NONE', #2311 ) ;
#3544 = CARTESIAN_POINT ( 'NONE',  ( -11.79999999999998650, 31.00000000000000355, 4.249999999999995559 ) ) ;
#3545 = CARTESIAN_POINT ( 'NONE',  ( -43.01841849955686570, 2.500000000000000000, 3.750000000000005773 ) ) ;
#3546 = ORIENTED_EDGE ( 'NONE', *, *, #5943, .T. ) ;
#3547 = VECTOR ( 'NONE', #2329, 1000.000000000000000 ) ;
#3548 = LINE ( 'NONE', #117, #1030 ) ;
#3549 = DIRECTION ( 'NONE',  ( 0.000000000000000000, 0.000000000000000000, -1.000000000000000000 ) ) ;
#3550 = EDGE_CURVE ( 'NONE', #2392, #1213, #1310, .T. ) ;
#3551 = EDGE_CURVE ( 'NONE', #2075, #1738, #4193, .T. ) ;
#3552 = ORIENTED_EDGE ( 'NONE', *, *, #4194, .T. ) ;
#3553 = EDGE_LOOP ( 'NONE', ( #2771, #3944, #4783, #40, #3370 ) ) ;
#3554 = EDGE_CURVE ( 'NONE', #955, #1031, #3038, .T. ) ;
#3555 = PLANE ( 'NONE',  #2671 ) ;
#3556 = DIRECTION ( 'NONE',  ( 1.000000000000000000, -0.000000000000000000, -0.000000000000000000 ) ) ;
#3557 = DIRECTION ( 'NONE',  ( -1.000000000000000000, 0.000000000000000000, 0.000000000000000000 ) ) ;
#3558 = ADVANCED_FACE ( 'NONE', ( #421 ), #5076, .F. ) ;
#3559 = ORIENTED_EDGE ( 'NONE', *, *, #4794, .F. ) ;
#3560 = FACE_BOUND ( 'NONE', #5702, .T. ) ;
#3561 = DIRECTION ( 'NONE',  ( -1.168560706303913467E-14, -1.000000000000000000, -0.000000000000000000 ) ) ;
#3562 = VECTOR ( 'NONE', #4913, 1000.000000000000000 ) ;
#3563 = ORIENTED_EDGE ( 'NONE', *, *, #1329, .F. ) ;
#3564 = DIRECTION ( 'NONE',  ( -1.000000000000000000, -2.682812834618713854E-18, 2.228546616889519982E-16 ) ) ;
#3565 = VECTOR ( 'NONE', #1648, 1000.000000000000000 ) ;
#3566 = ORIENTED_EDGE ( 'NONE', *, *, #4281, .F. ) ;
#3567 = VECTOR ( 'NONE', #2158, 1000.000000000000000 ) ;
#3568 = CARTESIAN_POINT ( 'NONE',  ( -11.79999999999998650, 36.00000000000000711, 4.249999999999995559 ) ) ;
#3569 = FACE_OUTER_BOUND ( 'NONE', #2270, .T. ) ;
#3570 = AXIS2_PLACEMENT_3D ( 'NONE', #4998, #2602, #2688 ) ;
#3571 = VECTOR ( 'NONE', #2720, 1000.000000000000000 ) ;
#3572 = AXIS2_PLACEMENT_3D ( 'NONE', #4834, #4804, #502 ) ;
#3573 = CARTESIAN_POINT ( 'NONE',  ( 5.200000000000136069, 32.75000000000007105, 10.27283860147173300 ) ) ;
#3574 = ORIENTED_EDGE ( 'NONE', *, *, #1450, .F. ) ;
#3575 = EDGE_LOOP ( 'NONE', ( #2099, #4168, #1339, #3691, #2492 ) ) ;
#3576 = VECTOR ( 'NONE', #542, 1000.000000000000000 ) ;
#3577 = DIRECTION ( 'NONE',  ( 0.000000000000000000, -0.000000000000000000, -1.000000000000000000 ) ) ;
#3578 = DIRECTION ( 'NONE',  ( 0.000000000000000000, -0.5735764363510412744, 0.8191520442889951292 ) ) ;
#3579 = ORIENTED_EDGE ( 'NONE', *, *, #3863, .T. ) ;
#3580 = LINE ( 'NONE', #5959, #3440 ) ;
#3581 = DIRECTION ( 'NONE',  ( 0.000000000000000000, 0.000000000000000000, 1.000000000000000000 ) ) ;
#3582 = ORIENTED_EDGE ( 'NONE', *, *, #5617, .F. ) ;
#3583 = VERTEX_POINT ( 'NONE', #1431 ) ;
#3584 = DIRECTION ( 'NONE',  ( 0.000000000000000000, 0.000000000000000000, -1.000000000000000000 ) ) ;
#3585 = LINE ( 'NONE', #5499, #657 ) ;
#3586 = DIRECTION ( 'NONE',  ( 0.000000000000000000, 0.04649161924928876116, -0.9989186800433652591 ) ) ;
#3587 = EDGE_CURVE ( 'NONE', #1938, #1900, #2493, .T. ) ;
#3588 = VERTEX_POINT ( 'NONE', #107 ) ;
#3589 = EDGE_CURVE ( 'NONE', #4214, #5805, #4786, .T. ) ;
#3590 = FACE_BOUND ( 'NONE', #5102, .T. ) ;
#3591 = VECTOR ( 'NONE', #1420, 1000.000000000000000 ) ;
#3592 = CARTESIAN_POINT ( 'NONE',  ( 4.399999999999955946, -24.48182999695894679, -5.750000000000002665 ) ) ;
#3593 = AXIS2_PLACEMENT_3D ( 'NONE', #239, #3909, #3941 ) ;
#3594 = EDGE_CURVE ( 'NONE', #5462, #143, #3907, .T. ) ;
#3595 = ORIENTED_EDGE ( 'NONE', *, *, #710, .T. ) ;
#3596 = LINE ( 'NONE', #167, #5165 ) ;
#3597 = ORIENTED_EDGE ( 'NONE', *, *, #2428, .F. ) ;
#3598 = EDGE_CURVE ( 'NONE', #3352, #2788, #4753, .T. ) ;
#3599 = FACE_OUTER_BOUND ( 'NONE', #4209, .T. ) ;
#3600 = DIRECTION ( 'NONE',  ( 0.000000000000000000, -0.000000000000000000, 1.000000000000000000 ) ) ;
#3601 = EDGE_CURVE ( 'NONE', #3878, #1853, #1465, .T. ) ;
#3602 = CARTESIAN_POINT ( 'NONE',  ( 7.599999999999575095, 26.75000000000001776, -5.750000000000001776 ) ) ;
#3603 = ORIENTED_EDGE ( 'NONE', *, *, #276, .F. ) ;
#3604 = ORIENTED_EDGE ( 'NONE', *, *, #3277, .F. ) ;
#3605 = CARTESIAN_POINT ( 'NONE',  ( -6.800000000000432365, 24.75000000000001421, -7.250000000000002665 ) ) ;
#3606 = DIRECTION ( 'NONE',  ( 1.000000000000000000, -3.035766082959412415E-15, 0.000000000000000000 ) ) ;
#3607 = EDGE_CURVE ( 'NONE', #3648, #529, #5757, .T. ) ;
#3608 = ORIENTED_EDGE ( 'NONE', *, *, #552, .T. ) ;
#3609 = EDGE_CURVE ( 'NONE', #3978, #2818, #3836, .T. ) ;
#3610 = CARTESIAN_POINT ( 'NONE',  ( -12.19999999999998508, 36.39999999999999858, -3.750000000000003109 ) ) ;
#3611 = VERTEX_POINT ( 'NONE', #4379 ) ;
#3612 = ORIENTED_EDGE ( 'NONE', *, *, #1041, .T. ) ;
#3613 = AXIS2_PLACEMENT_3D ( 'NONE', #4988, #5486, #1155 ) ;
#3614 = CARTESIAN_POINT ( 'NONE',  ( -12.77447440631193487, 36.87842795731027223, -6.736043877732428520 ) ) ;
#3615 = DIRECTION ( 'NONE',  ( 1.734723475976802677E-14, -1.000000000000000000, 0.000000000000000000 ) ) ;
#3616 = CARTESIAN_POINT ( 'NONE',  ( -6.800000000000432365, 24.75000000000001421, 10.27283860147173300 ) ) ;
#3617 = DIRECTION ( 'NONE',  ( -1.000000000000000000, 0.000000000000000000, 0.000000000000000000 ) ) ;
#3618 = EDGE_LOOP ( 'NONE', ( #6014, #2343, #4060, #1452 ) ) ;
#3619 = EDGE_CURVE ( 'NONE', #3611, #1774, #2928, .T. ) ;
#3620 = DIRECTION ( 'NONE',  ( 1.000000000000000000, -3.252606517456512119E-15, -0.000000000000000000 ) ) ;
#3621 = LINE ( 'NONE', #5624, #4487 ) ;
#3622 = ORIENTED_EDGE ( 'NONE', *, *, #4118, .T. ) ;
#3623 = CARTESIAN_POINT ( 'NONE',  ( -13.69996159345883058, 37.77604674298502374, -0.3491543478990766780 ) ) ;
#3624 = EDGE_CURVE ( 'NONE', #5349, #4187, #515, .T. ) ;
#3625 = EDGE_CURVE ( 'NONE', #79, #3680, #4316, .T. ) ;
#3626 = VERTEX_POINT ( 'NONE', #3874 ) ;
#3627 = CARTESIAN_POINT ( 'NONE',  ( 12.42455392595110375, 0.2065675701680945442, -4.966971994964953119 ) ) ;
#3628 = LINE ( 'NONE', #4035, #5594 ) ;
#3629 = CARTESIAN_POINT ( 'NONE',  ( -8.667819926235441841, 37.59974412084577011, 3.749999999999996003 ) ) ;
#3630 = EDGE_LOOP ( 'NONE', ( #4481, #2765, #233, #3286 ) ) ;
#3631 = EDGE_LOOP ( 'NONE', ( #328, #2334, #3885, #4859, #5716, #3668, #1380 ) ) ;
#3632 = LINE ( 'NONE', #2647, #997 ) ;
#3633 = CARTESIAN_POINT ( 'NONE',  ( -11.69999999999998330, 36.39999999999999858, -3.750000000000003109 ) ) ;
#3634 = VERTEX_POINT ( 'NONE', #5288 ) ;
#3635 = LINE ( 'NONE', #2685, #3164 ) ;
#3636 = ORIENTED_EDGE ( 'NONE', *, *, #4691, .F. ) ;
#3637 = VERTEX_POINT ( 'NONE', #1905 ) ;
#3638 = CARTESIAN_POINT ( 'NONE',  ( 12.20000000000001528, 26.75000000000001776, -5.750000000000002665 ) ) ;
#3639 = CARTESIAN_POINT ( 'NONE',  ( 6.800000000000067324, 8.749999999999991118, -7.250000000000002665 ) ) ;
#3640 = CARTESIAN_POINT ( 'NONE',  ( -2.000003073249077890, 26.75000000000001066, 10.27283860147173300 ) ) ;
#3641 = DIRECTION ( 'NONE',  ( 0.000000000000000000, 0.000000000000000000, -1.000000000000000000 ) ) ;
#3642 = ORIENTED_EDGE ( 'NONE', *, *, #6182, .T. ) ;
#3643 = DIRECTION ( 'NONE',  ( 3.252606517456512119E-15, 1.000000000000000000, 0.000000000000000000 ) ) ;
#3644 = DIRECTION ( 'NONE',  ( -5.059610138265671910E-16, -1.000000000000000000, 0.000000000000000000 ) ) ;
#3645 = PLANE ( 'NONE',  #4521 ) ;
#3646 = ORIENTED_EDGE ( 'NONE', *, *, #514, .F. ) ;
#3647 = CARTESIAN_POINT ( 'NONE',  ( 12.18067608103243948, 0.4999999999999970024, -7.250000000000002665 ) ) ;
#3648 = VERTEX_POINT ( 'NONE', #1526 ) ;
#3649 = CARTESIAN_POINT ( 'NONE',  ( 5.200000000000089884, 18.75000000000000000, -5.750000000000001776 ) ) ;
#3650 = CARTESIAN_POINT ( 'NONE',  ( -5.199999999999989519, 24.75000000000001421, 10.27283860147173300 ) ) ;
#3651 = AXIS2_PLACEMENT_3D ( 'NONE', #774, #4603, #5575 ) ;
#3652 = ORIENTED_EDGE ( 'NONE', *, *, #1802, .F. ) ;
#3653 = LINE ( 'NONE', #5072, #1240 ) ;
#3654 = ORIENTED_EDGE ( 'NONE', *, *, #5099, .F. ) ;
#3655 = EDGE_CURVE ( 'NONE', #4153, #1230, #2425, .T. ) ;
#3656 = VECTOR ( 'NONE', #5329, 1000.000000000000000 ) ;
#3657 = ORIENTED_EDGE ( 'NONE', *, *, #5069, .F. ) ;
#3658 = FACE_OUTER_BOUND ( 'NONE', #1759, .T. ) ;
#3659 = EDGE_CURVE ( 'NONE', #2686, #3680, #1943, .T. ) ;
#3660 = CARTESIAN_POINT ( 'NONE',  ( 13.69995600911416922, -1.735421758318499652, -0.3491928860799748957 ) ) ;
#3661 = CARTESIAN_POINT ( 'NONE',  ( -4.400000000000425793, 18.75000000000000000, 10.27283860147173300 ) ) ;
#3662 = VECTOR ( 'NONE', #2289, 1000.000000000000000 ) ;
#3663 = AXIS2_PLACEMENT_3D ( 'NONE', #5998, #1699, #5525 ) ;
#3664 = EDGE_LOOP ( 'NONE', ( #343, #5137, #1277, #3196, #2320, #4109, #1870, #2940, #3947, #929, #5717 ) ) ;
#3665 = DIRECTION ( 'NONE',  ( 3.758567531283122007E-15, -1.000000000000000000, 0.000000000000000000 ) ) ;
#3666 = VECTOR ( 'NONE', #3549, 1000.000000000000000 ) ;
#3667 = ORIENTED_EDGE ( 'NONE', *, *, #3032, .F. ) ;
#3668 = ORIENTED_EDGE ( 'NONE', *, *, #3533, .T. ) ;
#3669 = VECTOR ( 'NONE', #6106, 1000.000000000000000 ) ;
#3670 = DIRECTION ( 'NONE',  ( -1.000000000000000000, -4.336808689942016947E-15, 0.000000000000000000 ) ) ;
#3671 = EDGE_CURVE ( 'NONE', #2263, #2128, #3812, .T. ) ;
#3672 = CARTESIAN_POINT ( 'NONE',  ( 7.599999999999661249, 2.750000000000097700, 10.27283860147173300 ) ) ;
#3673 = CARTESIAN_POINT ( 'NONE',  ( 11.80000000000001670, 36.00000000000000711, 4.249999999999995559 ) ) ;
#3674 = DIRECTION ( 'NONE',  ( 0.000000000000000000, 0.000000000000000000, -1.000000000000000000 ) ) ;
#3675 = ORIENTED_EDGE ( 'NONE', *, *, #1596, .F. ) ;
#3676 = DIRECTION ( 'NONE',  ( -0.9909538193262599215, 0.1342033083150274975, 0.000000000000000000 ) ) ;
#3677 = PLANE ( 'NONE',  #577 ) ;
#3678 = LINE ( 'NONE', #1796, #2119 ) ;
#3679 =( BOUNDED_CURVE ( )  B_SPLINE_CURVE ( 3, ( #1553, #4942, #4845, #2519 ),
 .UNSPECIFIED., .F., .F. ) 
 B_SPLINE_CURVE_WITH_KNOTS ( ( 4, 4 ),
 ( 6.265133845277929936, 6.276448577694867303 ),
 .UNSPECIFIED. ) 
 CURVE ( )  GEOMETRIC_REPRESENTATION_ITEM ( )  RATIONAL_B_SPLINE_CURVE ( ( 1.000000000000000000, 0.9999893314309824532, 0.9999893314309824532, 1.000000000000000000 ) ) 
 REPRESENTATION_ITEM ( '' )  );
#3680 = VERTEX_POINT ( 'NONE', #1408 ) ;
#3681 = CARTESIAN_POINT ( 'NONE',  ( 7.599999999999758948, -24.48182999695898943, -5.750000000000002665 ) ) ;
#3682 = VECTOR ( 'NONE', #3584, 1000.000000000000000 ) ;
#3683 = ORIENTED_EDGE ( 'NONE', *, *, #3312, .F. ) ;
#3684 = VECTOR ( 'NONE', #1022, 1000.000000000000000 ) ;
#3685 = CARTESIAN_POINT ( 'NONE',  ( -7.199999999999991296, 0.1501364999909927112, 7.105952873653953894 ) ) ;
#3686 = ADVANCED_FACE ( 'NONE', ( #1019 ), #1053, .T. ) ;
#3687 = VECTOR ( 'NONE', #4566, 1000.000000000000000 ) ;
#3688 = EDGE_LOOP ( 'NONE', ( #2687, #1844, #3897 ) ) ;
#3689 = LINE ( 'NONE', #3304, #4241 ) ;
#3690 = AXIS2_PLACEMENT_3D ( 'NONE', #1392, #3354, #2295 ) ;
#3691 = ORIENTED_EDGE ( 'NONE', *, *, #1826, .F. ) ;
#3692 = VERTEX_POINT ( 'NONE', #2966 ) ;
#3693 = CARTESIAN_POINT ( 'NONE',  ( 13.10000000000001563, 37.49641505150210463, 5.512990915244730061 ) ) ;
#3694 = CARTESIAN_POINT ( 'NONE',  ( 9.007179676972446813, 38.20574445506683503, 3.177894971549565462 ) ) ;
#3695 = CARTESIAN_POINT ( 'NONE',  ( -12.77447440631193487, 0.9014114098748522430, -6.736043877732428520 ) ) ;
#3696 = ORIENTED_EDGE ( 'NONE', *, *, #2249, .T. ) ;
#3697 = PLANE ( 'NONE',  #1066 ) ;
#3698 = EDGE_LOOP ( 'NONE', ( #5753, #745, #3537, #6051 ) ) ;
#3699 = EDGE_CURVE ( 'NONE', #3711, #3823, #4881, .T. ) ;
#3700 = CARTESIAN_POINT ( 'NONE',  ( -7.599999999999909051, 2.749999999999948486, 10.27283860147173300 ) ) ;
#3701 = LINE ( 'NONE', #3758, #2650 ) ;
#3702 = CARTESIAN_POINT ( 'NONE',  ( -9.199999999999958433, 16.74999999999999645, -7.250000000000002665 ) ) ;
#3703 = DIRECTION ( 'NONE',  ( 0.000000000000000000, -0.000000000000000000, 1.000000000000000000 ) ) ;
#3704 = CARTESIAN_POINT ( 'NONE',  ( -4.400000000000481748, 32.74999999999997158, -5.750000000000002665 ) ) ;
#3705 = ORIENTED_EDGE ( 'NONE', *, *, #2768, .F. ) ;
#3706 = CARTESIAN_POINT ( 'NONE',  ( 13.70000000000001528, -0.1616810688525281703, 6.505206435692342914 ) ) ;
#3707 = DIRECTION ( 'NONE',  ( 1.000000000000000000, 0.000000000000000000, 0.000000000000000000 ) ) ;
#3708 = DIRECTION ( 'NONE',  ( -0.000000000000000000, -1.000000000000000000, -0.000000000000000000 ) ) ;
#3709 = DIRECTION ( 'NONE',  ( 1.000000000000000000, 0.000000000000000000, -0.000000000000000000 ) ) ;
#3710 = ADVANCED_FACE ( 'NONE', ( #3309 ), #582, .T. ) ;
#3711 = VERTEX_POINT ( 'NONE', #2866 ) ;
#3712 = DIRECTION ( 'NONE',  ( 0.000000000000000000, -1.000000000000000000, -0.000000000000000000 ) ) ;
#3713 = FACE_OUTER_BOUND ( 'NONE', #4105, .T. ) ;
#3714 = AXIS2_PLACEMENT_3D ( 'NONE', #5061, #346, #5627 ) ;
#3715 = EDGE_LOOP ( 'NONE', ( #106, #4751, #1727, #1032 ) ) ;
#3716 = PLANE ( 'NONE',  #1540 ) ;
#3717 = AXIS2_PLACEMENT_3D ( 'NONE', #59, #569, #3799 ) ;
#3718 = VERTEX_POINT ( 'NONE', #927 ) ;
#3719 = VERTEX_POINT ( 'NONE', #486 ) ;
#3720 = DIRECTION ( 'NONE',  ( -1.445602896647336451E-16, 1.000000000000000000, -0.000000000000000000 ) ) ;
#3721 = LINE ( 'NONE', #5107, #2247 ) ;
#3722 = DIRECTION ( 'NONE',  ( 0.000000000000000000, 0.000000000000000000, 1.000000000000000000 ) ) ;
#3723 = EDGE_LOOP ( 'NONE', ( #1436, #5426, #838, #5340 ) ) ;
#3724 = EDGE_CURVE ( 'NONE', #2911, #3352, #5037, .T. ) ;
#3725 = ORIENTED_EDGE ( 'NONE', *, *, #4714, .F. ) ;
#3726 = FACE_OUTER_BOUND ( 'NONE', #5840, .T. ) ;
#3727 = CARTESIAN_POINT ( 'NONE',  ( 9.052118657942287427, -3.228107152317072792, 11.93058481198697685 ) ) ;
#3728 = ORIENTED_EDGE ( 'NONE', *, *, #2479, .T. ) ;
#3729 = EDGE_CURVE ( 'NONE', #3166, #2752, #734, .T. ) ;
#3730 = DIRECTION ( 'NONE',  ( 0.000000000000000000, 0.000000000000000000, -1.000000000000000000 ) ) ;
#3731 = DIRECTION ( 'NONE',  ( 0.000000000000000000, 0.000000000000000000, -1.000000000000000000 ) ) ;
#3732 = ORIENTED_EDGE ( 'NONE', *, *, #5297, .F. ) ;
#3733 = EDGE_CURVE ( 'NONE', #2817, #2788, #2615, .T. ) ;
#3734 = CARTESIAN_POINT ( 'NONE',  ( 12.20000000000001528, 8.749999999999994671, -5.750000000000002665 ) ) ;
#3735 = EDGE_CURVE ( 'NONE', #12, #4722, #5511, .T. ) ;
#3736 = DIRECTION ( 'NONE',  ( 0.000000000000000000, 0.000000000000000000, -1.000000000000000000 ) ) ;
#3737 = AXIS2_PLACEMENT_3D ( 'NONE', #2502, #1668, #3039 ) ;
#3738 = DIRECTION ( 'NONE',  ( 0.000000000000000000, -1.000000000000000000, -0.000000000000000000 ) ) ;
#3739 = DIRECTION ( 'NONE',  ( 1.000000000000000000, 0.000000000000000000, 0.000000000000000000 ) ) ;
#3740 = ORIENTED_EDGE ( 'NONE', *, *, #4705, .T. ) ;
#3741 = CARTESIAN_POINT ( 'NONE',  ( -13.09999999999998543, -2.349147038914071839, -0.3488893001069726107 ) ) ;
#3742 = LINE ( 'NONE', #5663, #4979 ) ;
#3743 = ORIENTED_EDGE ( 'NONE', *, *, #5123, .T. ) ;
#3744 = CARTESIAN_POINT ( 'NONE',  ( -11.70000654234883086, 12.49999999999999112, -3.750000000000003553 ) ) ;
#3745 = VERTEX_POINT ( 'NONE', #5921 ) ;
#3746 = ORIENTED_EDGE ( 'NONE', *, *, #1676, .F. ) ;
#3747 = DIRECTION ( 'NONE',  ( 3.324886662288846475E-15, 1.000000000000000000, 0.000000000000000000 ) ) ;
#3748 = DIRECTION ( 'NONE',  ( 0.000000000000000000, 0.000000000000000000, -1.000000000000000000 ) ) ;
#3749 =( BOUNDED_CURVE ( )  B_SPLINE_CURVE ( 3, ( #5250, #1080, #2994, #2517 ),
 .UNSPECIFIED., .F., .F. ) 
 B_SPLINE_CURVE_WITH_KNOTS ( ( 4, 4 ),
 ( 1.652117596168388495E-16, 0.5235987755982991487 ),
 .UNSPECIFIED. ) 
 CURVE ( )  GEOMETRIC_REPRESENTATION_ITEM ( )  RATIONAL_B_SPLINE_CURVE ( ( 1.000000000000000000, 0.9772838841927120601, 0.9772838841927120601, 1.000000000000000000 ) ) 
 REPRESENTATION_ITEM ( '' )  );
#3750 = DIRECTION ( 'NONE',  ( 3.614007241618338910E-15, -1.000000000000000000, 0.000000000000000000 ) ) ;
#3751 = VECTOR ( 'NONE', #303, 1000.000000000000000 ) ;
#3752 = ORIENTED_EDGE ( 'NONE', *, *, #2112, .T. ) ;
#3753 = CIRCLE ( 'NONE', #4256, 0.5999999999999998668 ) ;
#3754 = CIRCLE ( 'NONE', #4561, 0.5999999999999998668 ) ;
#3755 = EDGE_LOOP ( 'NONE', ( #910, #3503, #5446 ) ) ;
#3756 = CARTESIAN_POINT ( 'NONE',  ( -2.000003073249078778, 32.74999999999997868, -7.250000000000002665 ) ) ;
#3757 = COLOUR_RGB ( '',1.000000000000000000, 1.000000000000000000, 1.000000000000000000 ) ;
#3758 = CARTESIAN_POINT ( 'NONE',  ( -9.700006542348768690, 31.89999999999997016, -5.750000000000002665 ) ) ;
#3759 = AXIS2_PLACEMENT_3D ( 'NONE', #3545, #2682, #3578 ) ;
#3760 = ORIENTED_EDGE ( 'NONE', *, *, #806, .T. ) ;
#3761 = DIRECTION ( 'NONE',  ( -1.000000000000000000, 0.000000000000000000, 0.000000000000000000 ) ) ;
#3762 = CARTESIAN_POINT ( 'NONE',  ( 7.599999999999552891, 32.75000000000009948, -7.250000000000002665 ) ) ;
#3763 = AXIS2_PLACEMENT_3D ( 'NONE', #3360, #474, #5275 ) ;
#3764 = ORIENTED_EDGE ( 'NONE', *, *, #2684, .F. ) ;
#3765 = VERTEX_POINT ( 'NONE', #2061 ) ;
#3766 = VECTOR ( 'NONE', #4669, 1000.000000000000000 ) ;
#3767 = PLANE ( 'NONE',  #4189 ) ;
#3768 = CARTESIAN_POINT ( 'NONE',  ( 12.18067608103243948, 0.9014114098748527981, -6.650000000000003020 ) ) ;
#3769 = CARTESIAN_POINT ( 'NONE',  ( 12.20000000000001528, 24.75000000000001421, -5.750000000000002665 ) ) ;
#3770 = CARTESIAN_POINT ( 'NONE',  ( 10.00000000000009059, 2.750000000000134115, -7.250000000000002665 ) ) ;
#3771 = DIRECTION ( 'NONE',  ( 0.000000000000000000, 1.000000000000000000, 0.000000000000000000 ) ) ;
#3772 = EDGE_CURVE ( 'NONE', #1738, #2346, #4565, .T. ) ;
#3773 = EDGE_LOOP ( 'NONE', ( #484, #543, #935, #3646 ) ) ;
#3774 = CARTESIAN_POINT ( 'NONE',  ( -10.71071091704136258, -3.723160571149422005, 11.89034750337464175 ) ) ;
#3775 = CARTESIAN_POINT ( 'NONE',  ( -11.70000654234887350, 2.299999999999906120, 19.71912865872952736 ) ) ;
#3776 = EDGE_CURVE ( 'NONE', #2273, #4930, #610, .T. ) ;
#3777 = AXIS2_PLACEMENT_3D ( 'NONE', #4520, #4398, #2013 ) ;
#3778 = ORIENTED_EDGE ( 'NONE', *, *, #5445, .F. ) ;
#3779 = DIRECTION ( 'NONE',  ( -3.758567531283107807E-15, 1.000000000000000000, 0.000000000000000000 ) ) ;
#3780 = ORIENTED_EDGE ( 'NONE', *, *, #6011, .T. ) ;
#3781 = EDGE_LOOP ( 'NONE', ( #842, #4080, #4592, #1144 ) ) ;
#3782 = CARTESIAN_POINT ( 'NONE',  ( 13.68088058543545316, -3.819107847772936548, 6.802885375553226588 ) ) ;
#3783 = CARTESIAN_POINT ( 'NONE',  ( 11.80000000000001670, 8.000000000000000000, 4.249999999999995559 ) ) ;
#3784 = VECTOR ( 'NONE', #2494, 1000.000000000000000 ) ;
#3785 = EDGE_CURVE ( 'NONE', #5954, #5334, #5421, .T. ) ;
#3786 = VECTOR ( 'NONE', #660, 1000.000000000000000 ) ;
#3787 = EDGE_LOOP ( 'NONE', ( #2459, #4182, #5178, #5333 ) ) ;
#3788 = DIRECTION ( 'NONE',  ( 0.000000000000000000, -0.000000000000000000, 1.000000000000000000 ) ) ;
#3789 = ADVANCED_FACE ( 'NONE', ( #1593 ), #4475, .F. ) ;
#3790 = CARTESIAN_POINT ( 'NONE',  ( 12.20000000000000284, 1.144260968148230750, 5.686195996001610631 ) ) ;
#3791 = ORIENTED_EDGE ( 'NONE', *, *, #41, .T. ) ;
#3792 = CARTESIAN_POINT ( 'NONE',  ( 11.80000000000001670, 0.4000000000000000222, 11.94999999999999574 ) ) ;
#3793 = CARTESIAN_POINT ( 'NONE',  ( -4.400000000000365397, 2.749999999999965805, 10.27283860147173300 ) ) ;
#3794 = ORIENTED_EDGE ( 'NONE', *, *, #3411, .T. ) ;
#3795 = ORIENTED_EDGE ( 'NONE', *, *, #5745, .F. ) ;
#3796 = SPHERICAL_SURFACE ( 'NONE', #3501, 0.5999999999999999778 ) ;
#3797 = LINE ( 'NONE', #972, #3591 ) ;
#3798 = AXIS2_PLACEMENT_3D ( 'NONE', #1932, #5735, #45 ) ;
#3799 = DIRECTION ( 'NONE',  ( 3.614007241618299467E-15, -1.000000000000000000, 0.000000000000000000 ) ) ;
#3800 = CARTESIAN_POINT ( 'NONE',  ( -12.42455392595107533, 0.2065675701680945442, -4.966971994964953119 ) ) ;
#3801 = EDGE_CURVE ( 'NONE', #5287, #3165, #137, .T. ) ;
#3802 = CARTESIAN_POINT ( 'NONE',  ( 7.599999999999631939, 10.74999999999998934, -5.750000000000001776 ) ) ;
#3803 = ORIENTED_EDGE ( 'NONE', *, *, #51, .F. ) ;
#3804 = CARTESIAN_POINT ( 'NONE',  ( 2.000000000000039968, 32.75000000000003553, 10.27283860147173300 ) ) ;
#3805 = DIRECTION ( 'NONE',  ( 0.000000000000000000, 0.000000000000000000, -1.000000000000000000 ) ) ;
#3806 = EDGE_CURVE ( 'NONE', #3692, #1822, #3058, .T. ) ;
#3807 = ADVANCED_FACE ( 'NONE', ( #169 ), #640, .T. ) ;
#3808 = ORIENTED_EDGE ( 'NONE', *, *, #5576, .T. ) ;
#3809 = LINE ( 'NONE', #4377, #2645 ) ;
#3810 = EDGE_LOOP ( 'NONE', ( #2470, #2316, #4235, #1001 ) ) ;
#3811 = DIRECTION ( 'NONE',  ( 0.000000000000000000, 1.000000000000000000, 0.000000000000000000 ) ) ;
#3812 = LINE ( 'NONE', #1494, #2057 ) ;
#3813 = DIRECTION ( 'NONE',  ( 0.9896638754658736437, 0.000000000000000000, -0.1434064628873737424 ) ) ;
#3814 = LINE ( 'NONE', #10, #2675 ) ;
#3815 = EDGE_CURVE ( 'NONE', #4484, #5515, #4944, .T. ) ;
#3816 = ORIENTED_EDGE ( 'NONE', *, *, #2058, .T. ) ;
#3817 = DIRECTION ( 'NONE',  ( 0.000000000000000000, 0.000000000000000000, -1.000000000000000000 ) ) ;
#3818 = CARTESIAN_POINT ( 'NONE',  ( 13.69995600911416922, -1.735421758318499652, -0.3491928860799748957 ) ) ;
#3819 = VERTEX_POINT ( 'NONE', #2552 ) ;
#3820 = EDGE_CURVE ( 'NONE', #2031, #2571, #2094, .T. ) ;
#3821 = DIRECTION ( 'NONE',  ( -0.8660254037844387076, 0.000000000000000000, -0.5000000000000001110 ) ) ;
#3822 = CARTESIAN_POINT ( 'NONE',  ( -11.79999999999998650, 36.00000000000000711, 11.94999999999999574 ) ) ;
#3823 = VERTEX_POINT ( 'NONE', #1624 ) ;
#3824 = ORIENTED_EDGE ( 'NONE', *, *, #1754, .F. ) ;
#3825 = CARTESIAN_POINT ( 'NONE',  ( -12.76204149542704691, 37.39481965908768757, 7.695868967844492481 ) ) ;
#3826 = CARTESIAN_POINT ( 'NONE',  ( -10.00000000000003197, 36.40000000000000568, -3.750000000000003109 ) ) ;
#3827 = CARTESIAN_POINT ( 'NONE',  ( 4.400000000000135358, 32.75000000000007105, -7.250000000000002665 ) ) ;
#3828 = PLANE ( 'NONE',  #359 ) ;
#3829 = CARTESIAN_POINT ( 'NONE',  ( -11.79999999999998650, 36.00000000000000711, 11.94999999999999574 ) ) ;
#3830 = ORIENTED_EDGE ( 'NONE', *, *, #2653, .F. ) ;
#3831 = CARTESIAN_POINT ( 'NONE',  ( -11.70000327117437244, 31.89999999999999858, -3.750000000000003553 ) ) ;
#3832 = LINE ( 'NONE', #2366, #1569 ) ;
#3833 = ORIENTED_EDGE ( 'NONE', *, *, #594, .T. ) ;
#3834 = CARTESIAN_POINT ( 'NONE',  ( 7.599999999999575095, 26.75000000000001776, -7.250000000000002665 ) ) ;
#3835 = ORIENTED_EDGE ( 'NONE', *, *, #3735, .F. ) ;
#3836 = LINE ( 'NONE', #4813, #5962 ) ;
#3837 = CARTESIAN_POINT ( 'NONE',  ( -13.69990687353237568, 37.42455680482481029, 7.284308124741661672 ) ) ;
#3838 = DIRECTION ( 'NONE',  ( 3.758567531283077042E-15, -1.000000000000000000, 0.000000000000000000 ) ) ;
#3839 = EDGE_CURVE ( 'NONE', #2032, #2338, #4503, .T. ) ;
#3840 = EDGE_CURVE ( 'NONE', #215, #5654, #5389, .T. ) ;
#3841 = ORIENTED_EDGE ( 'NONE', *, *, #4473, .F. ) ;
#3842 = PLANE ( 'NONE',  #700 ) ;
#3843 = VECTOR ( 'NONE', #1303, 1000.000000000000114 ) ;
#3844 = LINE ( 'NONE', #146, #4459 ) ;
#3845 = VERTEX_POINT ( 'NONE', #2124 ) ;
#3846 = ADVANCED_FACE ( 'NONE', ( #1654 ), #1183, .F. ) ;
#3847 = CARTESIAN_POINT ( 'NONE',  ( 9.712435565298218165, 36.28271554939689736, 4.249999999999996447 ) ) ;
#3848 = LINE ( 'NONE', #5804, #259 ) ;
#3849 = AXIS2_PLACEMENT_3D ( 'NONE', #5915, #100, #3963 ) ;
#3850 = ORIENTED_EDGE ( 'NONE', *, *, #1360, .T. ) ;
#3851 = ORIENTED_EDGE ( 'NONE', *, *, #528, .F. ) ;
#3852 = VECTOR ( 'NONE', #5835, 1000.000000000000000 ) ;
#3853 = CARTESIAN_POINT ( 'NONE',  ( -8.789581754427233662, 38.19000028189342544, 3.516174191303816698 ) ) ;
#3854 = LINE ( 'NONE', #4302, #5787 ) ;
#3855 = VECTOR ( 'NONE', #2783, 1000.000000000000000 ) ;
#3856 = VECTOR ( 'NONE', #4674, 1000.000000000000000 ) ;
#3857 = AXIS2_PLACEMENT_3D ( 'NONE', #312, #5186, #5151 ) ;
#3858 = VECTOR ( 'NONE', #1828, 1000.000000000000000 ) ;
#3859 = DIRECTION ( 'NONE',  ( 0.000000000000000000, 0.000000000000000000, -1.000000000000000000 ) ) ;
#3860 = PLANE ( 'NONE',  #3167 ) ;
#3861 = LINE ( 'NONE', #5783, #2458 ) ;
#3862 = AXIS2_PLACEMENT_3D ( 'NONE', #333, #1784, #241 ) ;
#3863 = EDGE_CURVE ( 'NONE', #2055, #90, #705, .T. ) ;
#3864 = EDGE_LOOP ( 'NONE', ( #1693, #1094, #5051, #4732 ) ) ;
#3865 = VECTOR ( 'NONE', #4808, 1000.000000000000000 ) ;
#3866 = ADVANCED_FACE ( 'NONE', ( #3599 ), #5984, .F. ) ;
#3867 = CARTESIAN_POINT ( 'NONE',  ( 7.599999999999661249, 2.750000000000097700, -7.250000000000002665 ) ) ;
#3868 = CARTESIAN_POINT ( 'NONE',  ( 12.20000000000001705, 31.00000000000000355, 14.78477331392862659 ) ) ;
#3869 = EDGE_CURVE ( 'NONE', #5788, #1414, #2703, .T. ) ;
#3870 = APPLICATION_PROTOCOL_DEFINITION ( 'draft international standard', 'automotive_design', 1998, #2558 ) ;
#3871 = EDGE_LOOP ( 'NONE', ( #3180, #847, #4716, #4011 ) ) ;
#3872 = LINE ( 'NONE', #5789, #1556 ) ;
#3873 = VERTEX_POINT ( 'NONE', #6105 ) ;
#3874 = CARTESIAN_POINT ( 'NONE',  ( 12.77447440631196329, 0.9014114098748529091, -6.736043877732428520 ) ) ;
#3875 = LINE ( 'NONE', #1495, #1361 ) ;
#3876 = FACE_OUTER_BOUND ( 'NONE', #805, .T. ) ;
#3877 = DIRECTION ( 'NONE',  ( -1.000000000000000000, 0.000000000000000000, 0.000000000000000000 ) ) ;
#3878 = VERTEX_POINT ( 'NONE', #2798 ) ;
#3879 = EDGE_CURVE ( 'NONE', #6068, #4949, #6134, .T. ) ;
#3880 = ORIENTED_EDGE ( 'NONE', *, *, #3120, .T. ) ;
#3881 = AXIS2_PLACEMENT_3D ( 'NONE', #1510, #5410, #4424 ) ;
#3882 = FACE_OUTER_BOUND ( 'NONE', #1931, .T. ) ;
#3883 = LINE ( 'NONE', #4824, #3353 ) ;
#3884 = VECTOR ( 'NONE', #5424, 1000.000000000000000 ) ;
#3885 = ORIENTED_EDGE ( 'NONE', *, *, #2938, .T. ) ;
#3886 = CARTESIAN_POINT ( 'NONE',  ( 12.20000000000001528, 32.74999999999997158, -5.750000000000002665 ) ) ;
#3887 = DIRECTION ( 'NONE',  ( 0.000000000000000000, 1.000000000000000000, 0.000000000000000000 ) ) ;
#3888 = EDGE_CURVE ( 'NONE', #3719, #4128, #296, .T. ) ;
#3889 = AXIS2_PLACEMENT_3D ( 'NONE', #759, #2264, #3676 ) ;
#3890 = VERTEX_POINT ( 'NONE', #3685 ) ;
#3891 = EDGE_LOOP ( 'NONE', ( #3375, #406, #73, #6172 ) ) ;
#3892 = CARTESIAN_POINT ( 'NONE',  ( -12.19999999999998508, -7.716216689544156182, 1.949999999999995959 ) ) ;
#3893 = CARTESIAN_POINT ( 'NONE',  ( -7.599999999999990763, 24.75000000000001421, 10.27283860147173300 ) ) ;
#3894 = CARTESIAN_POINT ( 'NONE',  ( -6.800000000000439471, 26.75000000000001066, -5.750000000000001776 ) ) ;
#3895 = CARTESIAN_POINT ( 'NONE',  ( 5.200000000000089884, 18.75000000000000000, -7.250000000000002665 ) ) ;
#3896 = DIRECTION ( 'NONE',  ( 0.000000000000000000, 0.04649161924928876116, -0.9989186800433652591 ) ) ;
#3897 = ORIENTED_EDGE ( 'NONE', *, *, #5626, .F. ) ;
#3898 = ORIENTED_EDGE ( 'NONE', *, *, #3806, .T. ) ;
#3899 = CARTESIAN_POINT ( 'NONE',  ( -13.09999999999998543, 38.36988785813656477, -0.3488893001070200728 ) ) ;
#3900 = CARTESIAN_POINT ( 'NONE',  ( 10.00000000000006750, 15.49999999999990763, 19.71912865872952736 ) ) ;
#3901 = SURFACE_STYLE_USAGE ( .BOTH. , #69 ) ;
#3902 = ORIENTED_EDGE ( 'NONE', *, *, #5580, .F. ) ;
#3903 = LINE ( 'NONE', #2963, #547 ) ;
#3904 = EDGE_CURVE ( 'NONE', #1235, #2128, #5599, .T. ) ;
#3905 = VECTOR ( 'NONE', #995, 1000.000000000000114 ) ;
#3906 = ORIENTED_EDGE ( 'NONE', *, *, #675, .F. ) ;
#3907 = LINE ( 'NONE', #4409, #1451 ) ;
#3908 = CARTESIAN_POINT ( 'NONE',  ( 8.850656075876166540, 37.94503865082840832, 3.749999999999991562 ) ) ;
#3909 = DIRECTION ( 'NONE',  ( 0.000000000000000000, 1.000000000000000000, 0.000000000000000000 ) ) ;
#3910 = ORIENTED_EDGE ( 'NONE', *, *, #5648, .F. ) ;
#3911 = ORIENTED_EDGE ( 'NONE', *, *, #257, .F. ) ;
#3912 = EDGE_CURVE ( 'NONE', #6058, #5686, #3526, .T. ) ;
#3913 = CARTESIAN_POINT ( 'NONE',  ( 13.10000000000001563, 0.5378634521372585020, 6.552221399786059663 ) ) ;
#3914 = ORIENTED_EDGE ( 'NONE', *, *, #5233, .T. ) ;
#3915 = VECTOR ( 'NONE', #1149, 1000.000000000000000 ) ;
#3916 = EDGE_CURVE ( 'NONE', #324, #1852, #2766, .T. ) ;
#3917 = CARTESIAN_POINT ( 'NONE',  ( 12.18067608103243948, 36.87842795731026513, -6.650000000000003020 ) ) ;
#3918 = DIRECTION ( 'NONE',  ( 0.000000000000000000, 0.000000000000000000, -1.000000000000000000 ) ) ;
#3919 = EDGE_LOOP ( 'NONE', ( #2308, #5582, #6032 ) ) ;
#3920 = ORIENTED_EDGE ( 'NONE', *, *, #4607, .T. ) ;
#3921 = PLANE ( 'NONE',  #280 ) ;
#3922 = DIRECTION ( 'NONE',  ( -0.000000000000000000, 1.000000000000000000, 0.000000000000000000 ) ) ;
#3923 = EDGE_CURVE ( 'NONE', #4628, #1993, #2271, .T. ) ;
#3924 = LINE ( 'NONE', #123, #2910 ) ;
#3925 = LINE ( 'NONE', #1138, #3064 ) ;
#3926 = DIRECTION ( 'NONE',  ( 1.000000000000000000, -3.469446951953779455E-15, 0.000000000000000000 ) ) ;
#3927 = EDGE_CURVE ( 'NONE', #3745, #2752, #4978, .T. ) ;
#3928 = ORIENTED_EDGE ( 'NONE', *, *, #2112, .F. ) ;
#3929 = ADVANCED_FACE ( 'NONE', ( #1768 ), #824, .T. ) ;
#3930 = LINE ( 'NONE', #1110, #1288 ) ;
#3931 = CARTESIAN_POINT ( 'NONE',  ( 8.699993457651249429, 35.89999999999992042, 19.71912865872952736 ) ) ;
#3932 = CARTESIAN_POINT ( 'NONE',  ( -12.76204149542704513, 37.39481965908768757, 7.695868967844494257 ) ) ;
#3933 = CARTESIAN_POINT ( 'NONE',  ( 8.846410161513773573, 36.00000000000000711, 3.749999999999992006 ) ) ;
#3934 = EDGE_LOOP ( 'NONE', ( #1027, #3816, #116, #5560 ) ) ;
#3935 = PLANE ( 'NONE',  #6166 ) ;
#3936 = VERTEX_POINT ( 'NONE', #5630 ) ;
#3937 = DIRECTION ( 'NONE',  ( -1.000000000000000000, 0.000000000000000000, 0.000000000000000000 ) ) ;
#3938 = CARTESIAN_POINT ( 'NONE',  ( -9.999999999999904077, 2.749999999999932943, -5.750000000000001776 ) ) ;
#3939 = CARTESIAN_POINT ( 'NONE',  ( -13.69990687353237568, 37.42455680482481029, 7.284308124741661672 ) ) ;
#3940 = VECTOR ( 'NONE', #5432, 1000.000000000000000 ) ;
#3941 = DIRECTION ( 'NONE',  ( 0.000000000000000000, -0.000000000000000000, 1.000000000000000000 ) ) ;
#3942 = VERTEX_POINT ( 'NONE', #4097 ) ;
#3943 = VECTOR ( 'NONE', #4071, 1000.000000000000000 ) ;
#3944 = ORIENTED_EDGE ( 'NONE', *, *, #5503, .F. ) ;
#3945 = CARTESIAN_POINT ( 'NONE',  ( 2.800001526826707998, 24.75000000000001421, -7.250000000000002665 ) ) ;
#3946 = DIRECTION ( 'NONE',  ( 0.000000000000000000, -1.000000000000000000, -0.000000000000000000 ) ) ;
#3947 = ORIENTED_EDGE ( 'NONE', *, *, #2986, .F. ) ;
#3948 = DIRECTION ( 'NONE',  ( 3.614007241618342854E-15, -1.000000000000000000, 0.000000000000000000 ) ) ;
#3949 = LINE ( 'NONE', #4516, #4074 ) ;
#3950 = EDGE_LOOP ( 'NONE', ( #2068, #3294, #203, #5488, #2944, #4888, #2977, #4135, #4296, #5007, #624, #1083, #5678 ) ) ;
#3951 = VERTEX_POINT ( 'NONE', #2207 ) ;
#3953 = EDGE_CURVE ( 'NONE', #1070, #2911, #4123, .T. ) ;
#3952 = DIRECTION ( 'NONE',  ( 1.650331128440943705E-16, -0.04649161924928876116, 0.9989186800433652591 ) ) ;
#3954 = CARTESIAN_POINT ( 'NONE',  ( -13.09999999999998543, -4.258735985261888679, 6.777793669235152585 ) ) ;
#3955 =( BOUNDED_CURVE ( )  B_SPLINE_CURVE ( 3, ( #991, #108, #2426, #3480 ),
 .UNSPECIFIED., .F., .F. ) 
 B_SPLINE_CURVE_WITH_KNOTS ( ( 4, 4 ),
 ( 3.881815531293393740, 3.958722165878028498 ),
 .UNSPECIFIED. ) 
 CURVE ( )  GEOMETRIC_REPRESENTATION_ITEM ( )  RATIONAL_B_SPLINE_CURVE ( ( 1.000000000000000000, 0.9995071748608657103, 0.9995071748608657103, 1.000000000000000000 ) ) 
 REPRESENTATION_ITEM ( '' )  );
#3956 = AXIS2_PLACEMENT_3D ( 'NONE', #5068, #5132, #4623 ) ;
#3957 = CARTESIAN_POINT ( 'NONE',  ( -13.12631403136837172, -2.347444199878052196, -0.3530138610830010348 ) ) ;
#3958 = CARTESIAN_POINT ( 'NONE',  ( 7.200000000000002842, 0.000000000000000000, 14.78477331392862659 ) ) ;
#3959 = CARTESIAN_POINT ( 'NONE',  ( 8.699993457651235218, 33.39999999999991331, -5.750000000000002665 ) ) ;
#3960 = VECTOR ( 'NONE', #3438, 1000.000000000000114 ) ;
#3961 = ORIENTED_EDGE ( 'NONE', *, *, #1385, .F. ) ;
#3962 = CARTESIAN_POINT ( 'NONE',  ( 2.800001526826709330, 10.74999999999998934, 10.27283860147173300 ) ) ;
#3963 = DIRECTION ( 'NONE',  ( -9.152473339398463968E-15, -1.000000000000000000, 0.000000000000000000 ) ) ;
#3964 = AXIS2_PLACEMENT_3D ( 'NONE', #5084, #217, #5116 ) ;
#3965 = VECTOR ( 'NONE', #3918, 1000.000000000000000 ) ;
#3966 = CARTESIAN_POINT ( 'NONE',  ( 11.70000000000001350, 35.89999999999999858, -5.750000000000002665 ) ) ;
#3967 = EDGE_CURVE ( 'NONE', #3340, #5129, #6037, .T. ) ;
#3968 = PRESENTATION_LAYER_ASSIGNMENT (  '', '', ( #4265 ) ) ;
#3969 = ORIENTED_EDGE ( 'NONE', *, *, #105, .T. ) ;
#3970 = DIRECTION ( 'NONE',  ( -1.000000000000000000, 3.469446951953601961E-15, 0.000000000000000000 ) ) ;
#3971 = VECTOR ( 'NONE', #4400, 1000.000000000000000 ) ;
#3972 = ORIENTED_EDGE ( 'NONE', *, *, #4044, .T. ) ;
#3973 = EDGE_CURVE ( 'NONE', #5920, #119, #5196, .T. ) ;
#3974 = CARTESIAN_POINT ( 'NONE',  ( -2.000003073249078778, 32.74999999999997868, -7.250000000000002665 ) ) ;
#3975 = CARTESIAN_POINT ( 'NONE',  ( -2.000003073249077890, 26.75000000000001066, -7.250000000000002665 ) ) ;
#3976 = CARTESIAN_POINT ( 'NONE',  ( -13.69999999999998508, 31.00000000000000355, 9.747118681489814307 ) ) ;
#3977 = CARTESIAN_POINT ( 'NONE',  ( 12.20000000000000284, 2.499999999999995559, 3.750000000000003109 ) ) ;
#3978 = VERTEX_POINT ( 'NONE', #4215 ) ;
#3979 = ORIENTED_EDGE ( 'NONE', *, *, #4555, .F. ) ;
#3980 = ORIENTED_EDGE ( 'NONE', *, *, #4935, .T. ) ;
#3981 = PLANE ( 'NONE',  #5916 ) ;
#3982 = EDGE_CURVE ( 'NONE', #5521, #2226, #1154, .T. ) ;
#3983 = DIRECTION ( 'NONE',  ( 0.000000000000000000, 0.000000000000000000, -1.000000000000000000 ) ) ;
#3984 = EDGE_LOOP ( 'NONE', ( #6043, #5884, #2600, #947 ) ) ;
#3985 = CARTESIAN_POINT ( 'NONE',  ( 5.200000000000136069, 32.75000000000007105, -5.750000000000002665 ) ) ;
#3986 = DIRECTION ( 'NONE',  ( -3.614007241618299467E-15, 1.000000000000000000, -0.000000000000000000 ) ) ;
#3987 = VECTOR ( 'NONE', #5465, 1000.000000000000000 ) ;
#3988 = ADVANCED_FACE ( 'NONE', ( #1710 ), #3181, .T. ) ;
#3989 = VERTEX_POINT ( 'NONE', #3649 ) ;
#3990 = EDGE_LOOP ( 'NONE', ( #1222, #3898, #5983, #5082, #4064, #1121 ) ) ;
#3991 = LINE ( 'NONE', #1004, #782 ) ;
#3992 = DIRECTION ( 'NONE',  ( 0.000000000000000000, -0.000000000000000000, 1.000000000000000000 ) ) ;
#3993 = VECTOR ( 'NONE', #1184, 1000.000000000000000 ) ;
#3994 = CARTESIAN_POINT ( 'NONE',  ( -13.62494812044563730, -2.029372007157368873, -0.3850769155088840656 ) ) ;
#3995 = PLANE ( 'NONE',  #5767 ) ;
#3996 = VECTOR ( 'NONE', #848, 1000.000000000000000 ) ;
#3997 = VERTEX_POINT ( 'NONE', #2957 ) ;
#3998 = FACE_OUTER_BOUND ( 'NONE', #780, .T. ) ;
#3999 = CARTESIAN_POINT ( 'NONE',  ( 5.199999999999904254, -24.48182999695893969, -5.750000000000002665 ) ) ;
#4000 = EDGE_CURVE ( 'NONE', #2577, #4444, #505, .T. ) ;
#4001 = ORIENTED_EDGE ( 'NONE', *, *, #3655, .T. ) ;
#4002 = CARTESIAN_POINT ( 'NONE',  ( 8.846410161513773573, 37.60639324704082043, 3.749999999999992006 ) ) ;
#4003 = VERTEX_POINT ( 'NONE', #1922 ) ;
#4004 = CARTESIAN_POINT ( 'NONE',  ( 0.4000000000000505374, 32.75000000000001421, -7.250000000000002665 ) ) ;
#4005 = LINE ( 'NONE', #1241, #4493 ) ;
#4006 = EDGE_CURVE ( 'NONE', #5515, #788, #1043, .T. ) ;
#4007 = EDGE_CURVE ( 'NONE', #4629, #3951, #5697, .T. ) ;
#4008 = FACE_BOUND ( 'NONE', #5202, .T. ) ;
#4009 = VECTOR ( 'NONE', #4951, 1000.000000000000000 ) ;
#4010 = ORIENTED_EDGE ( 'NONE', *, *, #2732, .F. ) ;
#4011 = ORIENTED_EDGE ( 'NONE', *, *, #3012, .F. ) ;
#4012 = EDGE_CURVE ( 'NONE', #416, #2713, #4779, .T. ) ;
#4013 = EDGE_LOOP ( 'NONE', ( #3636, #269, #3385, #5941, #2001 ) ) ;
#4014 = LINE ( 'NONE', #3035, #4009 ) ;
#4015 = DIRECTION ( 'NONE',  ( -1.000000000000000000, 0.000000000000000000, 0.000000000000000000 ) ) ;
#4016 = EDGE_CURVE ( 'NONE', #451, #5788, #6197, .T. ) ;
#4017 = EDGE_LOOP ( 'NONE', ( #1534, #902, #6200, #4342 ) ) ;
#4018 = CARTESIAN_POINT ( 'NONE',  ( -9.199999999999958433, 16.74999999999999645, -5.750000000000001776 ) ) ;
#4019 = CARTESIAN_POINT ( 'NONE',  ( -9.199999999999958433, 16.74999999999999645, 10.27283860147173300 ) ) ;
#4020 = ORIENTED_EDGE ( 'NONE', *, *, #3772, .F. ) ;
#4021 = VERTEX_POINT ( 'NONE', #5343 ) ;
#4022 = SURFACE_STYLE_FILL_AREA ( #5302 ) ;
#4023 = CARTESIAN_POINT ( 'NONE',  ( 13.70000000000001883, -3.644262969829024978, 6.802771138853422883 ) ) ;
#4024 = CARTESIAN_POINT ( 'NONE',  ( -4.400000000000365397, 2.749999999999965805, -7.250000000000002665 ) ) ;
#4025 = LINE ( 'NONE', #3112, #5476 ) ;
#4026 = AXIS2_PLACEMENT_3D ( 'NONE', #2359, #5746, #3425 ) ;
#4027 = ORIENTED_EDGE ( 'NONE', *, *, #1667, .F. ) ;
#4028 = CARTESIAN_POINT ( 'NONE',  ( 6.800000000000038902, 16.74999999999999645, 10.27283860147173300 ) ) ;
#4029 = DIRECTION ( 'NONE',  ( -1.000000000000000000, 0.000000000000000000, 0.000000000000000000 ) ) ;
#4030 = SHAPE_DEFINITION_REPRESENTATION ( #3470, #3442 ) ;
#4031 = ORIENTED_EDGE ( 'NONE', *, *, #4452, .F. ) ;
#4032 = LINE ( 'NONE', #5480, #4841 ) ;
#4033 = VERTEX_POINT ( 'NONE', #3831 ) ;
#4034 = CARTESIAN_POINT ( 'NONE',  ( -6.800000000000461675, 32.74999999999994316, 10.27283860147173300 ) ) ;
#4035 = CARTESIAN_POINT ( 'NONE',  ( 7.599999999999639044, 8.749999999999991118, -7.250000000000002665 ) ) ;
#4036 = LINE ( 'NONE', #2590, #5544 ) ;
#4037 = ORIENTED_EDGE ( 'NONE', *, *, #5938, .T. ) ;
#4038 = ORIENTED_EDGE ( 'NONE', *, *, #2265, .F. ) ;
#4039 = FACE_OUTER_BOUND ( 'NONE', #3698, .T. ) ;
#4040 = CARTESIAN_POINT ( 'NONE',  ( -2.000003073249077890, 26.75000000000001066, 10.27283860147173300 ) ) ;
#4041 = EDGE_LOOP ( 'NONE', ( #466, #5749, #1966, #2240 ) ) ;
#4042 = ADVANCED_FACE ( 'NONE', ( #4245 ), #1520, .F. ) ;
#4043 = PLANE ( 'NONE',  #5646 ) ;
#4044 = EDGE_CURVE ( 'NONE', #998, #1665, #4747, .T. ) ;
#4045 = CARTESIAN_POINT ( 'NONE',  ( -13.69995600911413902, -1.735421758318497210, -0.3491928860799801138 ) ) ;
#4046 = ORIENTED_EDGE ( 'NONE', *, *, #743, .T. ) ;
#4047 = ORIENTED_EDGE ( 'NONE', *, *, #5360, .T. ) ;
#4048 = DIRECTION ( 'NONE',  ( 0.000000000000000000, 0.08715574274765836016, -0.9961946980917455452 ) ) ;
#4049 = EDGE_CURVE ( 'NONE', #4003, #1993, #4308, .T. ) ;
#4050 = DIRECTION ( 'NONE',  ( 1.000000000000000000, -0.000000000000000000, -0.000000000000000000 ) ) ;
#4051 = LINE ( 'NONE', #251, #2613 ) ;
#4052 = DIRECTION ( 'NONE',  ( 5.493291007259776062E-15, -1.000000000000000000, 0.000000000000000000 ) ) ;
#4053 = ADVANCED_FACE ( 'NONE', ( #5750 ), #4280, .T. ) ;
#4054 = ORIENTED_EDGE ( 'NONE', *, *, #157, .F. ) ;
#4055 = FACE_BOUND ( 'NONE', #4460, .T. ) ;
#4056 = EDGE_CURVE ( 'NONE', #3718, #5287, #250, .T. ) ;
#4057 = CARTESIAN_POINT ( 'NONE',  ( -8.667819926235441841, 36.39999999999999858, 3.749999999999996003 ) ) ;
#4058 = VECTOR ( 'NONE', #3242, 1000.000000000000114 ) ;
#4059 = VECTOR ( 'NONE', #6007, 1000.000000000000000 ) ;
#4060 = ORIENTED_EDGE ( 'NONE', *, *, #4853, .F. ) ;
#4061 = DIRECTION ( 'NONE',  ( -3.758567531283077042E-15, 1.000000000000000000, 0.000000000000000000 ) ) ;
#4062 = AXIS2_PLACEMENT_3D ( 'NONE', #2390, #6225, #1399 ) ;
#4063 = EDGE_CURVE ( 'NONE', #3021, #5270, #2332, .T. ) ;
#4064 = ORIENTED_EDGE ( 'NONE', *, *, #267, .F. ) ;
#4065 = VECTOR ( 'NONE', #4346, 1000.000000000000000 ) ;
#4066 = DIRECTION ( 'NONE',  ( -1.000000000000000000, 0.000000000000000000, 0.000000000000000000 ) ) ;
#4067 = CARTESIAN_POINT ( 'NONE',  ( -5.200000000000020606, 32.74999999999997158, -7.250000000000002665 ) ) ;
#4068 = EDGE_CURVE ( 'NONE', #2022, #740, #5279, .T. ) ;
#4069 = VECTOR ( 'NONE', #2787, 1000.000000000000000 ) ;
#4070 = CIRCLE ( 'NONE', #859, 0.5999999999999999778 ) ;
#4071 = DIRECTION ( 'NONE',  ( 1.000000000000000000, 0.000000000000000000, 0.000000000000000000 ) ) ;
#4072 = ORIENTED_EDGE ( 'NONE', *, *, #440, .F. ) ;
#4073 = ORIENTED_EDGE ( 'NONE', *, *, #4274, .F. ) ;
#4074 = VECTOR ( 'NONE', #2077, 1000.000000000000227 ) ;
#4075 = FACE_OUTER_BOUND ( 'NONE', #5987, .T. ) ;
#4076 = FACE_OUTER_BOUND ( 'NONE', #1123, .T. ) ;
#4077 = ORIENTED_EDGE ( 'NONE', *, *, #4243, .T. ) ;
#4078 = ADVANCED_FACE ( 'NONE', ( #1896 ), #4839, .T. ) ;
#4079 = FACE_OUTER_BOUND ( 'NONE', #2621, .T. ) ;
#4080 = ORIENTED_EDGE ( 'NONE', *, *, #3126, .T. ) ;
#4081 = VERTEX_POINT ( 'NONE', #980 ) ;
#4082 =( LENGTH_UNIT ( ) NAMED_UNIT ( * ) SI_UNIT ( .MILLI., .METRE. ) );
#4083 = DIRECTION ( 'NONE',  ( 4.047688110612603004E-15, -1.000000000000000000, 0.000000000000000000 ) ) ;
#4084 = EDGE_CURVE ( 'NONE', #3165, #4081, #271, .T. ) ;
#4085 = ADVANCED_FACE ( 'NONE', ( #2416 ), #5249, .F. ) ;
#4086 = VECTOR ( 'NONE', #5273, 1000.000000000000000 ) ;
#4087 = PLANE ( 'NONE',  #3663 ) ;
#4088 = CARTESIAN_POINT ( 'NONE',  ( 7.599999999999631939, 10.74999999999998934, 10.27283860147173300 ) ) ;
#4089 = EDGE_LOOP ( 'NONE', ( #3221, #2475, #3231, #2212, #2830, #1086 ) ) ;
#4090 = DIRECTION ( 'NONE',  ( 0.000000000000000000, -0.000000000000000000, 1.000000000000000000 ) ) ;
#4091 = VECTOR ( 'NONE', #3644, 1000.000000000000000 ) ;
#4092 = LINE ( 'NONE', #5595, #4682 ) ;
#4093 = APPLICATION_PROTOCOL_DEFINITION ( 'draft international standard', 'automotive_design', 1998, #3403 ) ;
#4094 = VERTEX_POINT ( 'NONE', #6164 ) ;
#4095 = LINE ( 'NONE', #3647, #1839 ) ;
#4096 = VERTEX_POINT ( 'NONE', #3774 ) ;
#4097 = CARTESIAN_POINT ( 'NONE',  ( -7.599999999999990763, 24.75000000000001421, -5.750000000000001776 ) ) ;
#4098 = DIRECTION ( 'NONE',  ( -1.000000000000000000, 0.000000000000000000, 0.000000000000000000 ) ) ;
#4099 = ADVANCED_FACE ( 'NONE', ( #5818 ), #3431, .T. ) ;
#4100 = DIRECTION ( 'NONE',  ( 0.000000000000000000, 0.9243234061140320756, 0.3816100639523991034 ) ) ;
#4101 = ORIENTED_EDGE ( 'NONE', *, *, #592, .T. ) ;
#4102 = ORIENTED_EDGE ( 'NONE', *, *, #4198, .T. ) ;
#4103 = DIRECTION ( 'NONE',  ( 0.000000000000000000, 1.000000000000000000, 0.000000000000000000 ) ) ;
#4104 = DIRECTION ( 'NONE',  ( 0.000000000000000000, 0.000000000000000000, -1.000000000000000000 ) ) ;
#4105 = EDGE_LOOP ( 'NONE', ( #3113, #1638, #4420, #5179 ) ) ;
#4106 = LINE ( 'NONE', #2161, #1961 ) ;
#4107 = EDGE_CURVE ( 'NONE', #1926, #758, #4464, .T. ) ;
#4108 = ORIENTED_EDGE ( 'NONE', *, *, #1968, .T. ) ;
#4109 = ORIENTED_EDGE ( 'NONE', *, *, #2051, .T. ) ;
#4110 = CARTESIAN_POINT ( 'NONE',  ( 10.71071091704139455, -3.723160571149422005, 11.89034750337465240 ) ) ;
#4111 = DIRECTION ( 'NONE',  ( 1.000000000000000000, 1.734723475976802677E-14, 0.000000000000000000 ) ) ;
#4112 = CARTESIAN_POINT ( 'NONE',  ( 0.3999999999995274558, -24.48182999695886153, -5.750000000000002665 ) ) ;
#4113 = CARTESIAN_POINT ( 'NONE',  ( 11.80000000000001670, 36.00000000000000711, 3.749999999999996003 ) ) ;
#4114 = ORIENTED_EDGE ( 'NONE', *, *, #5099, .T. ) ;
#4115 = CARTESIAN_POINT ( 'NONE',  ( -2.799997609695375811, 26.75000000000001776, -5.750000000000001776 ) ) ;
#4116 = LINE ( 'NONE', #5656, #1185 ) ;
#4117 = FACE_OUTER_BOUND ( 'NONE', #3664, .T. ) ;
#4118 = EDGE_CURVE ( 'NONE', #5357, #836, #1112, .T. ) ;
#4119 = ORIENTED_EDGE ( 'NONE', *, *, #5022, .F. ) ;
#4120 = CARTESIAN_POINT ( 'NONE',  ( -9.199999999999965539, 18.75000000000000000, 10.27283860147173300 ) ) ;
#4121 = EDGE_CURVE ( 'NONE', #318, #4361, #3088, .T. ) ;
#4122 = ORIENTED_EDGE ( 'NONE', *, *, #1769, .T. ) ;
#4123 = LINE ( 'NONE', #5162, #242 ) ;
#4124 = CARTESIAN_POINT ( 'NONE',  ( 13.67499837761439885, -0.2187158470062901539, 6.885481755851655450 ) ) ;
#4125 = ORIENTED_EDGE ( 'NONE', *, *, #4435, .T. ) ;
#4126 = CARTESIAN_POINT ( 'NONE',  ( -12.15095843196641745, -3.469446951953614189E-15, 7.901042827708065985 ) ) ;
#4127 = ORIENTED_EDGE ( 'NONE', *, *, #6100, .F. ) ;
#4128 = VERTEX_POINT ( 'NONE', #1619 ) ;
#4129 = DIRECTION ( 'NONE',  ( 0.000000000000000000, 0.000000000000000000, -1.000000000000000000 ) ) ;
#4130 = DIRECTION ( 'NONE',  ( 0.7660444431189742387, 0.000000000000000000, 0.6427876096865439148 ) ) ;
#4131 = DIRECTION ( 'NONE',  ( 0.000000000000000000, -1.000000000000000000, 0.000000000000000000 ) ) ;
#4132 = ORIENTED_EDGE ( 'NONE', *, *, #6041, .T. ) ;
#4133 = FACE_OUTER_BOUND ( 'NONE', #4344, .T. ) ;
#4134 = VERTEX_POINT ( 'NONE', #1585 ) ;
#4135 = ORIENTED_EDGE ( 'NONE', *, *, #2986, .T. ) ;
#4136 = DIRECTION ( 'NONE',  ( 0.000000000000000000, 0.9659258262890696445, 0.2588190451025159655 ) ) ;
#4137 = CARTESIAN_POINT ( 'NONE',  ( -9.700006542348830862, 12.49999999999998401, -5.750000000000002665 ) ) ;
#4138 = DIRECTION ( 'NONE',  ( 0.000000000000000000, 0.000000000000000000, -1.000000000000000000 ) ) ;
#4139 = DIRECTION ( 'NONE',  ( 0.000000000000000000, -0.000000000000000000, 1.000000000000000000 ) ) ;
#4140 = CARTESIAN_POINT ( 'NONE',  ( 10.00000000000006750, 15.49999999999990763, -5.750000000000001776 ) ) ;
#4141 = ORIENTED_EDGE ( 'NONE', *, *, #4705, .F. ) ;
#4142 = EDGE_CURVE ( 'NONE', #4269, #697, #2020, .T. ) ;
#4143 = FACE_BOUND ( 'NONE', #1371, .T. ) ;
#4144 = DIRECTION ( 'NONE',  ( -1.000000000000000000, 0.000000000000000000, -0.000000000000000000 ) ) ;
#4145 = CARTESIAN_POINT ( 'NONE',  ( 9.200000000000223110, -24.48182999695898587, -5.750000000000002665 ) ) ;
#4146 = ORIENTED_EDGE ( 'NONE', *, *, #5119, .T. ) ;
#4147 = LINE ( 'NONE', #3681, #1034 ) ;
#4148 = VERTEX_POINT ( 'NONE', #4404 ) ;
#4149 = CARTESIAN_POINT ( 'NONE',  ( -7.599999999999799805, -24.48182999695904982, -5.750000000000002665 ) ) ;
#4150 = CARTESIAN_POINT ( 'NONE',  ( 7.599999999999575095, 26.75000000000001776, -7.250000000000002665 ) ) ;
#4151 =( BOUNDED_CURVE ( )  B_SPLINE_CURVE ( 3, ( #1998, #3374, #3908, #5829 ),
 .UNSPECIFIED., .F., .F. ) 
 B_SPLINE_CURVE_WITH_KNOTS ( ( 4, 4 ),
 ( 1.570796326794895670, 3.095084269650512532 ),
 .UNSPECIFIED. ) 
 CURVE ( )  GEOMETRIC_REPRESENTATION_ITEM ( )  RATIONAL_B_SPLINE_CURVE ( ( 1.000000000000000000, 0.8155715453888572330, 0.8155715453888572330, 1.000000000000000000 ) ) 
 REPRESENTATION_ITEM ( '' )  );
#4152 = AXIS2_PLACEMENT_3D ( 'NONE', #6082, #392, #4130 ) ;
#4153 = VERTEX_POINT ( 'NONE', #2993 ) ;
#4154 = CARTESIAN_POINT ( 'NONE',  ( 6.800000000000009592, 24.75000000000001421, -7.250000000000002665 ) ) ;
#4155 = ORIENTED_EDGE ( 'NONE', *, *, #3904, .F. ) ;
#4156 = VECTOR ( 'NONE', #5541, 999.9999999999998863 ) ;
#4157 = ORIENTED_EDGE ( 'NONE', *, *, #5849, .T. ) ;
#4158 = DIRECTION ( 'NONE',  ( -3.469446951953614978E-15, -1.000000000000000000, 0.000000000000000000 ) ) ;
#4159 = FACE_OUTER_BOUND ( 'NONE', #3553, .T. ) ;
#4160 = DIRECTION ( 'NONE',  ( 0.000000000000000000, 1.000000000000000000, -0.000000000000000000 ) ) ;
#4161 = AXIS2_PLACEMENT_3D ( 'NONE', #2110, #1639, #5146 ) ;
#4162 = AXIS2_PLACEMENT_3D ( 'NONE', #965, #494, #2842 ) ;
#4163 = VECTOR ( 'NONE', #5001, 1000.000000000000227 ) ;
#4164 = VERTEX_POINT ( 'NONE', #1177 ) ;
#4165 = DIRECTION ( 'NONE',  ( 0.000000000000000000, 0.000000000000000000, -1.000000000000000000 ) ) ;
#4166 = VECTOR ( 'NONE', #3581, 1000.000000000000000 ) ;
#4167 = EDGE_CURVE ( 'NONE', #1414, #451, #2087, .T. ) ;
#4168 = ORIENTED_EDGE ( 'NONE', *, *, #3084, .T. ) ;
#4169 = VECTOR ( 'NONE', #2445, 1000.000000000000000 ) ;
#4170 = DIRECTION ( 'NONE',  ( -1.000000000000000000, 0.000000000000000000, 0.000000000000000000 ) ) ;
#4171 = CARTESIAN_POINT ( 'NONE',  ( 4.400000000000089173, 18.75000000000000000, -7.250000000000002665 ) ) ;
#4172 = LINE ( 'NONE', #310, #3682 ) ;
#4173 = LINE ( 'NONE', #6123, #4666 ) ;
#4174 = EDGE_CURVE ( 'NONE', #2713, #3718, #3754, .T. ) ;
#4175 = DIRECTION ( 'NONE',  ( 0.000000000000000000, -1.000000000000000000, 0.000000000000000000 ) ) ;
#4176 = ORIENTED_EDGE ( 'NONE', *, *, #2922, .T. ) ;
#4177 = FACE_BOUND ( 'NONE', #3363, .T. ) ;
#4178 = CARTESIAN_POINT ( 'NONE',  ( -12.18067608103241106, 0.9014114098748529091, -6.650000000000003020 ) ) ;
#4179 = CARTESIAN_POINT ( 'NONE',  ( 12.20000000000001528, 36.39999999999999858, -3.750000000000003109 ) ) ;
#4180 = DIRECTION ( 'NONE',  ( 1.000000000000000000, 0.000000000000000000, -1.652117596168388249E-16 ) ) ;
#4181 = VECTOR ( 'NONE', #1941, 1000.000000000000000 ) ;
#4182 = ORIENTED_EDGE ( 'NONE', *, *, #2199, .F. ) ;
#4183 = AXIS2_PLACEMENT_3D ( 'NONE', #2932, #3002, #5895 ) ;
#4184 = CARTESIAN_POINT ( 'NONE',  ( 11.80000000000001670, 36.00000000000000711, 4.249999999999996447 ) ) ;
#4185 = LINE ( 'NONE', #323, #762 ) ;
#4186 = ADVANCED_FACE ( 'NONE', ( #2053 ), #3023, .T. ) ;
#4187 = VERTEX_POINT ( 'NONE', #4431 ) ;
#4188 = DIRECTION ( 'NONE',  ( 1.000000000000000000, 0.000000000000000000, 0.000000000000000000 ) ) ;
#4189 = AXIS2_PLACEMENT_3D ( 'NONE', #1356, #1855, #435 ) ;
#4190 = ORIENTED_EDGE ( 'NONE', *, *, #2199, .T. ) ;
#4191 = ORIENTED_EDGE ( 'NONE', *, *, #6194, .T. ) ;
#4192 = DIRECTION ( 'NONE',  ( 2.312964634635742957E-16, 0.000000000000000000, 1.000000000000000000 ) ) ;
#4193 = LINE ( 'NONE', #5205, #4255 ) ;
#4194 = EDGE_CURVE ( 'NONE', #1031, #3626, #574, .T. ) ;
#4195 = EDGE_CURVE ( 'NONE', #1181, #4187, #5416, .T. ) ;
#4196 = LINE ( 'NONE', #2312, #5470 ) ;
#4197 = EDGE_LOOP ( 'NONE', ( #2587, #2527, #4221, #3083 ) ) ;
#4198 = EDGE_CURVE ( 'NONE', #5918, #6136, #1548, .T. ) ;
#4199 = CARTESIAN_POINT ( 'NONE',  ( 0.3999999999999040989, 16.74999999999999645, -5.750000000000001776 ) ) ;
#4200 = EDGE_CURVE ( 'NONE', #596, #2826, #1857, .T. ) ;
#4201 = VERTEX_POINT ( 'NONE', #670 ) ;
#4202 = CARTESIAN_POINT ( 'NONE',  ( -2.799997609695374479, 32.74999999999997868, 10.27283860147173300 ) ) ;
#4203 = EDGE_CURVE ( 'NONE', #5677, #5954, #2545, .T. ) ;
#4204 = DIRECTION ( 'NONE',  ( 1.000000000000000000, -3.252606517456512119E-15, 0.000000000000000000 ) ) ;
#4205 = ORIENTED_EDGE ( 'NONE', *, *, #3335, .T. ) ;
#4206 = CARTESIAN_POINT ( 'NONE',  ( 10.70962965871847672, -3.719598378890470070, 11.89220136836287622 ) ) ;
#4207 = CARTESIAN_POINT ( 'NONE',  ( 13.70000000000001528, 36.39999999999999858, 5.512990915244730949 ) ) ;
#4208 = AXIS2_PLACEMENT_3D ( 'NONE', #1567, #2374, #5261 ) ;
#4209 = EDGE_LOOP ( 'NONE', ( #2733, #1878, #3969, #1813, #767, #2506 ) ) ;
#4210 = DIRECTION ( 'NONE',  ( -1.000000000000000000, 3.469446951953614189E-15, 0.000000000000000000 ) ) ;
#4211 = CARTESIAN_POINT ( 'NONE',  ( -12.19999999999998508, 36.39999999999999858, -3.750000000000003109 ) ) ;
#4212 = CARTESIAN_POINT ( 'NONE',  ( -2.000003073249075669, 8.749999999999989342, 10.27283860147173300 ) ) ;
#4213 = LINE ( 'NONE', #5693, #5769 ) ;
#4214 = VERTEX_POINT ( 'NONE', #5886 ) ;
#4215 = CARTESIAN_POINT ( 'NONE',  ( -12.30241482955566212, 37.39481965908768757, 8.081541533656420029 ) ) ;
#4216 = DIRECTION ( 'NONE',  ( 0.000000000000000000, 0.000000000000000000, -1.000000000000000000 ) ) ;
#4217 = VECTOR ( 'NONE', #5883, 1000.000000000000227 ) ;
#4218 = ORIENTED_EDGE ( 'NONE', *, *, #5546, .F. ) ;
#4219 = CARTESIAN_POINT ( 'NONE',  ( -6.800000000000432365, 24.75000000000001421, -7.250000000000002665 ) ) ;
#4220 = ORIENTED_EDGE ( 'NONE', *, *, #1111, .F. ) ;
#4221 = ORIENTED_EDGE ( 'NONE', *, *, #3594, .F. ) ;
#4222 = CARTESIAN_POINT ( 'NONE',  ( 13.39661193766176162, -4.177124993147318222, 6.754246899145235794 ) ) ;
#4223 = FACE_OUTER_BOUND ( 'NONE', #3934, .T. ) ;
#4224 = CARTESIAN_POINT ( 'NONE',  ( -4.400000000000479972, 32.74999999999997158, 10.27283860147173300 ) ) ;
#4225 = VERTEX_POINT ( 'NONE', #4498 ) ;
#4226 = ORIENTED_EDGE ( 'NONE', *, *, #643, .T. ) ;
#4227 = CARTESIAN_POINT ( 'NONE',  ( -0.4000000000000246136, 18.75000000000000000, -5.750000000000001776 ) ) ;
#4228 = CARTESIAN_POINT ( 'NONE',  ( 13.27347153711276739, -2.317166874701988011, -0.3884136651825650932 ) ) ;
#4229 = ADVANCED_FACE ( 'NONE', ( #223 ), #605, .T. ) ;
#4230 = VERTEX_POINT ( 'NONE', #2143 ) ;
#4231 = EDGE_CURVE ( 'NONE', #4846, #482, #5473, .T. ) ;
#4232 = LINE ( 'NONE', #16, #2039 ) ;
#4233 = DIRECTION ( 'NONE',  ( 1.000000000000000000, -0.000000000000000000, -2.228546616889519982E-16 ) ) ;
#4234 = ORIENTED_EDGE ( 'NONE', *, *, #1667, .T. ) ;
#4235 = ORIENTED_EDGE ( 'NONE', *, *, #247, .F. ) ;
#4236 = ADVANCED_FACE ( 'NONE', ( #5977 ), #2486, .T. ) ;
#4237 = DIRECTION ( 'NONE',  ( -1.000000000000000000, 0.000000000000000000, 0.000000000000000000 ) ) ;
#4238 = CARTESIAN_POINT ( 'NONE',  ( -11.70000654234881665, 18.49999999999998934, -5.750000000000002665 ) ) ;
#4239 = VECTOR ( 'NONE', #2076, 1000.000000000000000 ) ;
#4240 = CARTESIAN_POINT ( 'NONE',  ( -9.999999999999966249, 18.75000000000000000, -7.250000000000002665 ) ) ;
#4241 = VECTOR ( 'NONE', #1804, 1000.000000000000000 ) ;
#4242 = PLANE ( 'NONE',  #2935 ) ;
#4243 = EDGE_CURVE ( 'NONE', #270, #3680, #2086, .T. ) ;
#4244 = ORIENTED_EDGE ( 'NONE', *, *, #4527, .F. ) ;
#4245 = FACE_OUTER_BOUND ( 'NONE', #3984, .T. ) ;
#4246 = DIRECTION ( 'NONE',  ( 0.000000000000000000, -0.08715574274765836016, 0.9961946980917455452 ) ) ;
#4247 = ORIENTED_EDGE ( 'NONE', *, *, #5632, .F. ) ;
#4248 = LINE ( 'NONE', #5252, #2535 ) ;
#4249 = EDGE_CURVE ( 'NONE', #1629, #4799, #2697, .T. ) ;
#4250 = ORIENTED_EDGE ( 'NONE', *, *, #1231, .T. ) ;
#4251 = ORIENTED_EDGE ( 'NONE', *, *, #2239, .T. ) ;
#4252 = CARTESIAN_POINT ( 'NONE',  ( -13.69999999999998508, 36.39999999999999858, 9.747118681489814307 ) ) ;
#4253 = LINE ( 'NONE', #1279, #5867 ) ;
#4254 = DIRECTION ( 'NONE',  ( 1.000000000000000000, 0.000000000000000000, 0.000000000000000000 ) ) ;
#4255 = VECTOR ( 'NONE', #899, 1000.000000000000000 ) ;
#4256 = AXIS2_PLACEMENT_3D ( 'NONE', #4434, #5888, #1048 ) ;
#4257 = VECTOR ( 'NONE', #948, 1000.000000000000000 ) ;
#4258 = VERTEX_POINT ( 'NONE', #1296 ) ;
#4259 = FACE_OUTER_BOUND ( 'NONE', #5019, .T. ) ;
#4260 = VECTOR ( 'NONE', #5877, 1000.000000000000000 ) ;
#4261 = AXIS2_PLACEMENT_3D ( 'NONE', #5619, #1325, #2754 ) ;
#4262 = DIRECTION ( 'NONE',  ( 0.5065490486308658058, -0.01010550995448438079, 0.8621519239668404833 ) ) ;
#4263 = ADVANCED_FACE ( 'NONE', ( #378, #5094 ), #2266, .T. ) ;
#4264 = ORIENTED_EDGE ( 'NONE', *, *, #2505, .T. ) ;
#4265 = STYLED_ITEM ( 'NONE', ( #102 ), #3442 ) ;
#4266 = DIRECTION ( 'NONE',  ( -1.000000000000000000, -4.047688110612593537E-15, 0.000000000000000000 ) ) ;
#4267 = CARTESIAN_POINT ( 'NONE',  ( 4.400000000000082956, 16.74999999999999289, -7.250000000000002665 ) ) ;
#4268 = AXIS2_PLACEMENT_3D ( 'NONE', #3276, #385, #4216 ) ;
#4269 = VERTEX_POINT ( 'NONE', #2175 ) ;
#4270 = ORIENTED_EDGE ( 'NONE', *, *, #6002, .F. ) ;
#4271 = VECTOR ( 'NONE', #1345, 1000.000000000000000 ) ;
#4272 = CARTESIAN_POINT ( 'NONE',  ( -12.19999999999998508, 36.39999999999999858, 3.749999999999996003 ) ) ;
#4273 = LINE ( 'NONE', #1446, #4884 ) ;
#4274 = EDGE_CURVE ( 'NONE', #5953, #5543, #5155, .T. ) ;
#4275 = EDGE_CURVE ( 'NONE', #697, #603, #4644, .T. ) ;
#4276 = DIRECTION ( 'NONE',  ( 3.469446951953609456E-15, -1.000000000000000000, 0.000000000000000000 ) ) ;
#4277 = CARTESIAN_POINT ( 'NONE',  ( -2.000003073249077890, 26.75000000000001066, -5.750000000000001776 ) ) ;
#4278 = DIRECTION ( 'NONE',  ( 0.000000000000000000, 1.000000000000000000, 0.000000000000000000 ) ) ;
#4279 = ORIENTED_EDGE ( 'NONE', *, *, #4723, .T. ) ;
#4280 = PLANE ( 'NONE',  #5760 ) ;
#4281 = EDGE_CURVE ( 'NONE', #2974, #3890, #3621, .T. ) ;
#4282 = PLANE ( 'NONE',  #2657 ) ;
#4283 = AXIS2_PLACEMENT_3D ( 'NONE', #3505, #5944, #699 ) ;
#4284 = VERTEX_POINT ( 'NONE', #3175 ) ;
#4285 = DIRECTION ( 'NONE',  ( 0.000000000000000000, 0.000000000000000000, -1.000000000000000000 ) ) ;
#4286 = ORIENTED_EDGE ( 'NONE', *, *, #1829, .T. ) ;
#4287 = CARTESIAN_POINT ( 'NONE',  ( -13.46349946042136381, -4.134300978483129718, 6.763094051303664145 ) ) ;
#4288 = CARTESIAN_POINT ( 'NONE',  ( 10.00000000000001421, 24.75000000000001421, -7.250000000000002665 ) ) ;
#4289 = PLANE ( 'NONE',  #853 ) ;
#4290 = VECTOR ( 'NONE', #1433, 1000.000000000000000 ) ;
#4291 = DIRECTION ( 'NONE',  ( -0.9961946980917455452, 0.000000000000000000, -0.08715574274765836016 ) ) ;
#4292 = AXIS2_PLACEMENT_3D ( 'NONE', #2946, #4453, #4332 ) ;
#4293 = ORIENTED_EDGE ( 'NONE', *, *, #2096, .T. ) ;
#4294 = PLANE ( 'NONE',  #2797 ) ;
#4295 = LINE ( 'NONE', #2319, #3662 ) ;
#4296 = ORIENTED_EDGE ( 'NONE', *, *, #1450, .T. ) ;
#4297 = FACE_OUTER_BOUND ( 'NONE', #54, .T. ) ;
#4298 = LINE ( 'NONE', #3383, #3161 ) ;
#4299 = EDGE_LOOP ( 'NONE', ( #2570, #985, #1308, #3928 ) ) ;
#4300 = ORIENTED_EDGE ( 'NONE', *, *, #2276, .F. ) ;
#4301 = CYLINDRICAL_SURFACE ( 'NONE', #2782, 0.5999999999999998668 ) ;
#4302 = CARTESIAN_POINT ( 'NONE',  ( -9.199999999999818101, -24.48182999695904272, -5.750000000000002665 ) ) ;
#4303 = VECTOR ( 'NONE', #4352, 1000.000000000000000 ) ;
#4304 = CARTESIAN_POINT ( 'NONE',  ( -13.44658134263998761, 38.01655057005491045, 7.242913762894055196 ) ) ;
#4305 = CARTESIAN_POINT ( 'NONE',  ( -13.69998719768301854, 37.77377325596058455, -0.3489776503135753605 ) ) ;
#4306 = CARTESIAN_POINT ( 'NONE',  ( 11.69999345765108067, 15.49999999999990230, -3.750000000000003553 ) ) ;
#4307 = ORIENTED_EDGE ( 'NONE', *, *, #5030, .T. ) ;
#4308 = LINE ( 'NONE', #3301, #1947 ) ;
#4309 = LINE ( 'NONE', #4876, #457 ) ;
#4310 = EDGE_CURVE ( 'NONE', #3345, #5515, #6128, .T. ) ;
#4311 = ADVANCED_FACE ( 'NONE', ( #2230 ), #3677, .F. ) ;
#4312 = DIRECTION ( 'NONE',  ( 1.000000000000000000, 3.758567531283122007E-15, 0.000000000000000000 ) ) ;
#4313 = EDGE_LOOP ( 'NONE', ( #5425, #4307, #6168 ) ) ;
#4314 = LINE ( 'NONE', #2274, #934 ) ;
#4315 = ORIENTED_EDGE ( 'NONE', *, *, #1231, .F. ) ;
#4316 = LINE ( 'NONE', #6204, #3458 ) ;
#4317 = CARTESIAN_POINT ( 'NONE',  ( 12.20000000000001528, 2.750000000000030198, -5.750000000000002665 ) ) ;
#4318 = LINE ( 'NONE', #109, #3784 ) ;
#4319 = VECTOR ( 'NONE', #1447, 1000.000000000000000 ) ;
#4320 = EDGE_CURVE ( 'NONE', #5788, #4863, #5059, .T. ) ;
#4321 =( BOUNDED_CURVE ( )  B_SPLINE_CURVE ( 3, ( #1118, #3028, #641, #4945 ),
 .UNSPECIFIED., .F., .F. ) 
 B_SPLINE_CURVE_WITH_KNOTS ( ( 4, 4 ),
 ( 2.889827905193234514, 3.012921835312119878 ),
 .UNSPECIFIED. ) 
 CURVE ( )  GEOMETRIC_REPRESENTATION_ITEM ( )  RATIONAL_B_SPLINE_CURVE ( ( 1.000000000000000000, 0.9987377222348599037, 0.9987377222348599037, 1.000000000000000000 ) ) 
 REPRESENTATION_ITEM ( '' )  );
#4322 = ORIENTED_EDGE ( 'NONE', *, *, #4780, .T. ) ;
#4323 = DIRECTION ( 'NONE',  ( 1.000000000000000000, 0.000000000000000000, 0.000000000000000000 ) ) ;
#4324 = CARTESIAN_POINT ( 'NONE',  ( -7.199999999999993072, 0.000000000000000000, 7.320370016855330952 ) ) ;
#4325 = ORIENTED_EDGE ( 'NONE', *, *, #5890, .T. ) ;
#4326 = EDGE_CURVE ( 'NONE', #998, #617, #3207, .T. ) ;
#4327 = PLANE ( 'NONE',  #2931 ) ;
#4328 = LINE ( 'NONE', #3822, #4069 ) ;
#4329 = EDGE_CURVE ( 'NONE', #4878, #1805, #4116, .T. ) ;
#4330 = ORIENTED_EDGE ( 'NONE', *, *, #3551, .F. ) ;
#4331 = ORIENTED_EDGE ( 'NONE', *, *, #4468, .T. ) ;
#4332 = DIRECTION ( 'NONE',  ( 0.000000000000000000, -0.000000000000000000, 1.000000000000000000 ) ) ;
#4333 = CARTESIAN_POINT ( 'NONE',  ( 13.29761823017706845, 0.4417853976971711782, 6.689435081726332832 ) ) ;
#4334 = LINE ( 'NONE', #3325, #6127 ) ;
#4335 = CARTESIAN_POINT ( 'NONE',  ( 10.00000000000003908, 16.74999999999999645, 10.27283860147173300 ) ) ;
#4336 = CARTESIAN_POINT ( 'NONE',  ( 12.20000000000001528, 18.75000000000000355, -5.750000000000002665 ) ) ;
#4337 = ORIENTED_EDGE ( 'NONE', *, *, #1402, .F. ) ;
#4338 = CARTESIAN_POINT ( 'NONE',  ( 2.000000000000039968, 32.75000000000003553, 10.27283860147173300 ) ) ;
#4339 = CARTESIAN_POINT ( 'NONE',  ( -12.18067608103241106, 37.47258879855520775, -6.733503860576043110 ) ) ;
#4340 = AXIS2_PLACEMENT_3D ( 'NONE', #6033, #1145, #4500 ) ;
#4341 = FACE_OUTER_BOUND ( 'NONE', #1781, .T. ) ;
#4342 = ORIENTED_EDGE ( 'NONE', *, *, #2249, .F. ) ;
#4343 = DIRECTION ( 'NONE',  ( 2.168404344971001965E-16, -1.000000000000000000, 0.000000000000000000 ) ) ;
#4344 = EDGE_LOOP ( 'NONE', ( #2546, #5214, #4976, #2702, #1101, #3320, #2008, #4038, #3287, #3604, #3147, #1140 ) ) ;
#4345 = DIRECTION ( 'NONE',  ( 1.000000000000000000, 0.000000000000000000, 0.000000000000000000 ) ) ;
#4346 = DIRECTION ( 'NONE',  ( 1.000000000000000000, 0.000000000000000000, 0.000000000000000000 ) ) ;
#4347 = CARTESIAN_POINT ( 'NONE',  ( -8.667819926235441841, 36.39999999999999858, 3.749999999999996003 ) ) ;
#4348 = EDGE_CURVE ( 'NONE', #4371, #3819, #3115, .T. ) ;
#4349 = FACE_BOUND ( 'NONE', #1848, .T. ) ;
#4350 = ORIENTED_EDGE ( 'NONE', *, *, #5310, .F. ) ;
#4351 = ORIENTED_EDGE ( 'NONE', *, *, #2970, .T. ) ;
#4352 = DIRECTION ( 'NONE',  ( 3.758567531283107807E-15, -1.000000000000000000, 0.000000000000000000 ) ) ;
#4353 = VECTOR ( 'NONE', #3027, 1000.000000000000000 ) ;
#4354 = DIRECTION ( 'NONE',  ( 0.000000000000000000, 1.000000000000000000, 0.000000000000000000 ) ) ;
#4355 = ORIENTED_EDGE ( 'NONE', *, *, #5285, .T. ) ;
#4356 = VECTOR ( 'NONE', #5531, 1000.000000000000000 ) ;
#4357 = PLANE ( 'NONE',  #6069 ) ;
#4358 = FACE_OUTER_BOUND ( 'NONE', #244, .T. ) ;
#4359 = AXIS2_PLACEMENT_3D ( 'NONE', #1453, #3365, #1867 ) ;
#4360 = VERTEX_POINT ( 'NONE', #6061 ) ;
#4361 = VERTEX_POINT ( 'NONE', #1762 ) ;
#4362 = VECTOR ( 'NONE', #3750, 1000.000000000000000 ) ;
#4363 = CARTESIAN_POINT ( 'NONE',  ( 8.846410161513773573, 36.39999999999999858, 3.749999999999992006 ) ) ;
#4364 = DIRECTION ( 'NONE',  ( 1.000000000000000000, 0.000000000000000000, -0.000000000000000000 ) ) ;
#4365 = CIRCLE ( 'NONE', #4261, 0.6000000000000008660 ) ;
#4366 = VECTOR ( 'NONE', #4777, 1000.000000000000000 ) ;
#4367 = LINE ( 'NONE', #2820, #2122 ) ;
#4368 = LINE ( 'NONE', #501, #5269 ) ;
#4369 = DIRECTION ( 'NONE',  ( 3.758567531283122007E-15, -1.000000000000000000, 0.000000000000000000 ) ) ;
#4370 = CIRCLE ( 'NONE', #2071, 0.5999999999999998668 ) ;
#4371 = VERTEX_POINT ( 'NONE', #850 ) ;
#4372 = ORIENTED_EDGE ( 'NONE', *, *, #3138, .F. ) ;
#4373 = CARTESIAN_POINT ( 'NONE',  ( -13.10193730118822941, 38.36988785813657188, -0.3488893001069981459 ) ) ;
#4374 = CARTESIAN_POINT ( 'NONE',  ( -5.199999999999966427, 18.75000000000000000, 10.27283860147173300 ) ) ;
#4375 = EDGE_CURVE ( 'NONE', #6122, #2840, #4092, .T. ) ;
#4376 = EDGE_LOOP ( 'NONE', ( #3446, #1715, #3980, #2945 ) ) ;
#4377 = CARTESIAN_POINT ( 'NONE',  ( 9.200000000000002842, 24.75000000000001421, -7.250000000000002665 ) ) ;
#4378 = ORIENTED_EDGE ( 'NONE', *, *, #5297, .T. ) ;
#4379 = CARTESIAN_POINT ( 'NONE',  ( -4.400000000000365397, 2.749999999999965805, -7.250000000000002665 ) ) ;
#4380 = CARTESIAN_POINT ( 'NONE',  ( -2.799997609695374923, 10.74999999999998757, 10.27283860147173300 ) ) ;
#4381 = EDGE_CURVE ( 'NONE', #2338, #255, #2761, .T. ) ;
#4382 = DIRECTION ( 'NONE',  ( 2.782785576046133701E-15, -1.000000000000000000, 0.000000000000000000 ) ) ;
#4383 = FACE_BOUND ( 'NONE', #3630, .T. ) ;
#4384 = VERTEX_POINT ( 'NONE', #818 ) ;
#4385 = ORIENTED_EDGE ( 'NONE', *, *, #3422, .F. ) ;
#4386 = EDGE_CURVE ( 'NONE', #4096, #4629, #4589, .T. ) ;
#4387 = VECTOR ( 'NONE', #3136, 1000.000000000000000 ) ;
#4388 = CARTESIAN_POINT ( 'NONE',  ( -4.400000000000425793, 18.75000000000000000, 10.27283860147173300 ) ) ;
#4389 = DIRECTION ( 'NONE',  ( -1.353335506307155179E-16, 0.5735764363510412744, -0.8191520442889951292 ) ) ;
#4390 = EDGE_LOOP ( 'NONE', ( #2628, #1659, #2965, #2421 ) ) ;
#4391 = ADVANCED_FACE ( 'NONE', ( #1725 ), #6004, .T. ) ;
#4392 = FACE_OUTER_BOUND ( 'NONE', #351, .T. ) ;
#4393 = EDGE_CURVE ( 'NONE', #3395, #4646, #4556, .T. ) ;
#4394 = DIRECTION ( 'NONE',  ( -1.595823054205661548E-16, 0.2588190451025155769, -0.9659258262890696445 ) ) ;
#4395 = ORIENTED_EDGE ( 'NONE', *, *, #3589, .F. ) ;
#4396 = EDGE_LOOP ( 'NONE', ( #2501, #2243, #5869, #1470 ) ) ;
#4397 = LINE ( 'NONE', #21, #687 ) ;
#4398 = DIRECTION ( 'NONE',  ( -0.7660444431189743497, 0.000000000000000000, -0.6427876096865438038 ) ) ;
#4399 = CARTESIAN_POINT ( 'NONE',  ( -11.79999999999998650, 8.000000000000000000, 4.249999999999995559 ) ) ;
#4400 = DIRECTION ( 'NONE',  ( 0.000000000000000000, 0.000000000000000000, -1.000000000000000000 ) ) ;
#4401 = CARTESIAN_POINT ( 'NONE',  ( 6.800000000000067324, 8.749999999999991118, 10.27283860147173300 ) ) ;
#4402 = VERTEX_POINT ( 'NONE', #6160 ) ;
#4403 = DIRECTION ( 'NONE',  ( -2.252887631138710800E-16, 3.126509649979290083E-30, -1.000000000000000000 ) ) ;
#4404 = CARTESIAN_POINT ( 'NONE',  ( 6.800000000000060218, 10.74999999999998934, -5.750000000000001776 ) ) ;
#4405 = DIRECTION ( 'NONE',  ( -0.000000000000000000, -0.000000000000000000, -1.000000000000000000 ) ) ;
#4406 = ORIENTED_EDGE ( 'NONE', *, *, #971, .T. ) ;
#4407 = DIRECTION ( 'NONE',  ( 0.4365064527871117539, 0.5160473658072718406, -0.7369920168621834078 ) ) ;
#4408 = EDGE_LOOP ( 'NONE', ( #1244, #4778, #369, #2436 ) ) ;
#4409 = CARTESIAN_POINT ( 'NONE',  ( 5.200000000000110312, 24.75000000000001421, -7.250000000000002665 ) ) ;
#4410 = CARTESIAN_POINT ( 'NONE',  ( -12.19999999999999218, 8.000000000000000000, 7.958661163249457715 ) ) ;
#4411 = CARTESIAN_POINT ( 'NONE',  ( 13.70000000000001883, -3.644262969829024978, 6.802771138853422883 ) ) ;
#4412 = PLANE ( 'NONE',  #4684 ) ;
#4413 = VERTEX_POINT ( 'NONE', #2327 ) ;
#4414 = ORIENTED_EDGE ( 'NONE', *, *, #5764, .F. ) ;
#4415 = CARTESIAN_POINT ( 'NONE',  ( -12.19999999999998508, 0.000000000000000000, 7.952886066075826044 ) ) ;
#4416 = CARTESIAN_POINT ( 'NONE',  ( 0.3999999999997759792, 2.749999999999999112, -7.250000000000002665 ) ) ;
#4417 = ORIENTED_EDGE ( 'NONE', *, *, #257, .T. ) ;
#4418 = FACE_OUTER_BOUND ( 'NONE', #5407, .T. ) ;
#4419 = DIRECTION ( 'NONE',  ( 0.000000000000000000, -0.9989186800433652591, -0.04649161924928858769 ) ) ;
#4420 = ORIENTED_EDGE ( 'NONE', *, *, #5498, .F. ) ;
#4421 = ORIENTED_EDGE ( 'NONE', *, *, #1295, .T. ) ;
#4422 = LINE ( 'NONE', #3043, #2554 ) ;
#4423 = EDGE_CURVE ( 'NONE', #5602, #4371, #68, .T. ) ;
#4424 = DIRECTION ( 'NONE',  ( 0.7660444431189750158, 0.000000000000000000, 0.6427876096865431377 ) ) ;
#4425 = CARTESIAN_POINT ( 'NONE',  ( -13.58208695627207518, -2.094196469920079018, -0.3932217409481708614 ) ) ;
#4426 = LINE ( 'NONE', #2047, #3468 ) ;
#4427 = CARTESIAN_POINT ( 'NONE',  ( 12.20000000000001528, 16.75000000000000000, -5.750000000000002665 ) ) ;
#4428 = EDGE_CURVE ( 'NONE', #1670, #2055, #533, .T. ) ;
#4429 = ORIENTED_EDGE ( 'NONE', *, *, #3054, .F. ) ;
#4430 = CARTESIAN_POINT ( 'NONE',  ( 2.800001526826709775, 8.749999999999989342, -5.750000000000001776 ) ) ;
#4431 = CARTESIAN_POINT ( 'NONE',  ( 9.999999999999980460, 32.75000000000014211, -7.250000000000002665 ) ) ;
#4432 = DIRECTION ( 'NONE',  ( 1.000000000000000000, 1.807003620809174385E-16, 0.000000000000000000 ) ) ;
#4433 = ORIENTED_EDGE ( 'NONE', *, *, #4527, .T. ) ;
#4434 = CARTESIAN_POINT ( 'NONE',  ( -12.76204149542704691, 37.39481965908768757, 7.695868967844492481 ) ) ;
#4435 = EDGE_CURVE ( 'NONE', #3942, #6052, #5719, .T. ) ;
#4436 = ORIENTED_EDGE ( 'NONE', *, *, #5232, .T. ) ;
#4437 = DIRECTION ( 'NONE',  ( -0.9919439218342780418, -0.1266777641736367421, 0.000000000000000000 ) ) ;
#4438 = LINE ( 'NONE', #5673, #5258 ) ;
#4439 = LINE ( 'NONE', #5951, #477 ) ;
#4440 = EDGE_CURVE ( 'NONE', #5572, #1217, #5744, .T. ) ;
#4441 = CARTESIAN_POINT ( 'NONE',  ( 9.200000000000040146, 16.74999999999999645, -5.750000000000001776 ) ) ;
#4442 = VERTEX_POINT ( 'NONE', #5217 ) ;
#4443 = ORIENTED_EDGE ( 'NONE', *, *, #6207, .T. ) ;
#4444 = VERTEX_POINT ( 'NONE', #913 ) ;
#4445 = DIRECTION ( 'NONE',  ( 0.000000000000000000, 0.000000000000000000, -1.000000000000000000 ) ) ;
#4446 = CARTESIAN_POINT ( 'NONE',  ( 13.10000000000001563, 38.36988785813656477, -0.3488893001070244027 ) ) ;
#4447 = VERTEX_POINT ( 'NONE', #23 ) ;
#4448 = FACE_OUTER_BOUND ( 'NONE', #4376, .T. ) ;
#4449 = CARTESIAN_POINT ( 'NONE',  ( 13.70000000000001172, 2.051386795950467690, -14.45368316915387652 ) ) ;
#4450 = ORIENTED_EDGE ( 'NONE', *, *, #4386, .F. ) ;
#4451 = ORIENTED_EDGE ( 'NONE', *, *, #1733, .T. ) ;
#4452 = EDGE_CURVE ( 'NONE', #4134, #5090, #2819, .T. ) ;
#4453 = DIRECTION ( 'NONE',  ( 0.000000000000000000, 1.000000000000000000, 0.000000000000000000 ) ) ;
#4454 = CARTESIAN_POINT ( 'NONE',  ( 13.10000000000001563, 0.2081568534518005442, 7.023091221508424020 ) ) ;
#4455 = VECTOR ( 'NONE', #1214, 1000.000000000000000 ) ;
#4456 = CARTESIAN_POINT ( 'NONE',  ( -8.667819926235441841, 0.3999999999999975797, 3.749999999999996003 ) ) ;
#4457 = LINE ( 'NONE', #5440, #1262 ) ;
#4458 = CARTESIAN_POINT ( 'NONE',  ( 13.10000000000001563, 36.39999999999999858, 5.512990915244730949 ) ) ;
#4459 = VECTOR ( 'NONE', #4793, 1000.000000000000000 ) ;
#4460 = EDGE_LOOP ( 'NONE', ( #1346, #5597, #3979, #2865 ) ) ;
#4461 = ADVANCED_FACE ( 'NONE', ( #4739 ), #4711, .F. ) ;
#4462 = EDGE_CURVE ( 'NONE', #683, #2837, #4774, .T. ) ;
#4463 = CARTESIAN_POINT ( 'NONE',  ( -13.09999999999998543, -4.258735985261888679, 6.777793669235152585 ) ) ;
#4464 = LINE ( 'NONE', #5382, #2157 ) ;
#4465 = VECTOR ( 'NONE', #4204, 1000.000000000000000 ) ;
#4466 = VECTOR ( 'NONE', #2908, 1000.000000000000000 ) ;
#4467 = AXIS2_PLACEMENT_3D ( 'NONE', #1678, #3019, #3586 ) ;
#4468 = EDGE_CURVE ( 'NONE', #2870, #3352, #436, .T. ) ;
#4469 = DIRECTION ( 'NONE',  ( 0.000000000000000000, 0.000000000000000000, 1.000000000000000000 ) ) ;
#4470 = ORIENTED_EDGE ( 'NONE', *, *, #4167, .F. ) ;
#4471 = DIRECTION ( 'NONE',  ( 0.000000000000000000, 0.000000000000000000, -1.000000000000000000 ) ) ;
#4472 = VECTOR ( 'NONE', #3805, 1000.000000000000000 ) ;
#4473 = EDGE_CURVE ( 'NONE', #1442, #5334, #4273, .T. ) ;
#4474 = ORIENTED_EDGE ( 'NONE', *, *, #4969, .T. ) ;
#4475 = PLANE ( 'NONE',  #6062 ) ;
#4476 = CARTESIAN_POINT ( 'NONE',  ( 10.00000000000006750, -24.48182999695897166, -5.750000000000002665 ) ) ;
#4477 = FACE_OUTER_BOUND ( 'NONE', #647, .T. ) ;
#4478 = VERTEX_POINT ( 'NONE', #4238 ) ;
#4479 = ORIENTED_EDGE ( 'NONE', *, *, #4142, .T. ) ;
#4480 = EDGE_CURVE ( 'NONE', #4033, #3076, #3797, .T. ) ;
#4481 = ORIENTED_EDGE ( 'NONE', *, *, #5955, .T. ) ;
#4482 = CARTESIAN_POINT ( 'NONE',  ( 10.00000000000003908, 16.74999999999999645, -7.250000000000002665 ) ) ;
#4483 = CARTESIAN_POINT ( 'NONE',  ( -6.151979780848236601, -4.400182040061691779, 18.45792047347283216 ) ) ;
#4484 = VERTEX_POINT ( 'NONE', #3323 ) ;
#4485 = LINE ( 'NONE', #1634, #1537 ) ;
#4486 = CARTESIAN_POINT ( 'NONE',  ( 7.599999999999631939, 10.74999999999998934, -7.250000000000002665 ) ) ;
#4487 = VECTOR ( 'NONE', #2667, 1000.000000000000000 ) ;
#4488 = ORIENTED_EDGE ( 'NONE', *, *, #5701, .T. ) ;
#4489 = ORIENTED_EDGE ( 'NONE', *, *, #1178, .F. ) ;
#4490 = VECTOR ( 'NONE', #3409, 1000.000000000000000 ) ;
#4491 = SPHERICAL_SURFACE ( 'NONE', #4161, 0.5999999999999999778 ) ;
#4492 = DIRECTION ( 'NONE',  ( -4.336808689942006692E-15, -1.000000000000000000, 0.000000000000000000 ) ) ;
#4493 = VECTOR ( 'NONE', #4098, 1000.000000000000000 ) ;
#4494 = CARTESIAN_POINT ( 'NONE',  ( 9.999999999999980460, 32.75000000000014211, -5.750000000000001776 ) ) ;
#4495 = PLANE ( 'NONE',  #4467 ) ;
#4496 = ORIENTED_EDGE ( 'NONE', *, *, #2399, .F. ) ;
#4497 = CARTESIAN_POINT ( 'NONE',  ( -13.69971338071879075, -3.663530819139592776, 6.803033191431235416 ) ) ;
#4498 = CARTESIAN_POINT ( 'NONE',  ( 13.10000000000001386, -2.349147038914071839, -0.3488893001069726107 ) ) ;
#4499 = ORIENTED_EDGE ( 'NONE', *, *, #6034, .T. ) ;
#4500 = DIRECTION ( 'NONE',  ( 0.000000000000000000, 0.000000000000000000, -1.000000000000000000 ) ) ;
#4501 = ORIENTED_EDGE ( 'NONE', *, *, #2103, .T. ) ;
#4502 = EDGE_CURVE ( 'NONE', #482, #1697, #5243, .T. ) ;
#4503 = LINE ( 'NONE', #3538, #342 ) ;
#4504 = DIRECTION ( 'NONE',  ( 0.000000000000000000, 1.000000000000000000, 0.000000000000000000 ) ) ;
#4505 = EDGE_CURVE ( 'NONE', #5129, #1516, #3854, .T. ) ;
#4506 = VECTOR ( 'NONE', #4445, 1000.000000000000000 ) ;
#4507 = CARTESIAN_POINT ( 'NONE',  ( 7.200000000000002842, 0.000000000000000000, 14.78477331392862659 ) ) ;
#4508 = ORIENTED_EDGE ( 'NONE', *, *, #930, .F. ) ;
#4509 = EDGE_CURVE ( 'NONE', #215, #5633, #1917, .T. ) ;
#4510 = EDGE_LOOP ( 'NONE', ( #3622, #4325, #1016, #3523 ) ) ;
#4511 = DIRECTION ( 'NONE',  ( -1.445602896647333000E-16, 1.000000000000000000, -0.000000000000000000 ) ) ;
#4512 = FACE_OUTER_BOUND ( 'NONE', #186, .T. ) ;
#4513 = EDGE_CURVE ( 'NONE', #4950, #1738, #3355, .T. ) ;
#4514 = ORIENTED_EDGE ( 'NONE', *, *, #856, .F. ) ;
#4515 = CARTESIAN_POINT ( 'NONE',  ( 12.20000000000001528, 10.74999999999998934, -5.750000000000002665 ) ) ;
#4516 = CARTESIAN_POINT ( 'NONE',  ( 12.15463986139256392, 0.4209983842979034829, -7.058644872312958007 ) ) ;
#4517 = ORIENTED_EDGE ( 'NONE', *, *, #2241, .T. ) ;
#4518 = ORIENTED_EDGE ( 'NONE', *, *, #715, .F. ) ;
#4519 = DIRECTION ( 'NONE',  ( -0.000000000000000000, 0.9243234061140321867, 0.3816100639523988258 ) ) ;
#4520 = CARTESIAN_POINT ( 'NONE',  ( -13.69999999999998508, 36.39999999999999858, 9.747118681489814307 ) ) ;
#4521 = AXIS2_PLACEMENT_3D ( 'NONE', #5558, #4618, #316 ) ;
#4522 = DIRECTION ( 'NONE',  ( -1.000000000000000000, 0.000000000000000000, 0.000000000000000000 ) ) ;
#4523 = EDGE_CURVE ( 'NONE', #4949, #1773, #4967, .T. ) ;
#4524 = CARTESIAN_POINT ( 'NONE',  ( -7.199999999999993072, 0.000000000000000000, 3.749999999999996003 ) ) ;
#4525 = VECTOR ( 'NONE', #3359, 1000.000000000000000 ) ;
#4526 = ORIENTED_EDGE ( 'NONE', *, *, #1205, .F. ) ;
#4527 = EDGE_CURVE ( 'NONE', #2132, #4692, #2411, .T. ) ;
#4528 = FACE_BOUND ( 'NONE', #4676, .T. ) ;
#4529 = DIRECTION ( 'NONE',  ( 9.152473339398452923E-15, 1.000000000000000000, 0.000000000000000000 ) ) ;
#4530 = EDGE_LOOP ( 'NONE', ( #5791, #3740, #4433, #5604 ) ) ;
#4531 = DIRECTION ( 'NONE',  ( 0.000000000000000000, 0.000000000000000000, -1.000000000000000000 ) ) ;
#4532 = ORIENTED_EDGE ( 'NONE', *, *, #4805, .T. ) ;
#4533 = CARTESIAN_POINT ( 'NONE',  ( 7.599999999999582201, 24.75000000000001421, -7.250000000000002665 ) ) ;
#4534 = ADVANCED_FACE ( 'NONE', ( #3270 ), #5190, .T. ) ;
#4535 = LINE ( 'NONE', #2553, #1284 ) ;
#4536 = DIRECTION ( 'NONE',  ( -5.059610138265673882E-16, -1.000000000000000000, 0.000000000000000000 ) ) ;
#4537 = ORIENTED_EDGE ( 'NONE', *, *, #3601, .F. ) ;
#4538 = ORIENTED_EDGE ( 'NONE', *, *, #4480, .F. ) ;
#4539 = CARTESIAN_POINT ( 'NONE',  ( 7.599999999999661249, 2.750000000000097700, -5.750000000000001776 ) ) ;
#4540 = EDGE_CURVE ( 'NONE', #3073, #3227, #3525, .T. ) ;
#4541 = CARTESIAN_POINT ( 'NONE',  ( 4.400000000000056311, 8.749999999999991118, 10.27283860147173300 ) ) ;
#4542 = AXIS2_PLACEMENT_3D ( 'NONE', #1572, #3491, #1195 ) ;
#4543 = ORIENTED_EDGE ( 'NONE', *, *, #5212, .T. ) ;
#4544 = VECTOR ( 'NONE', #1236, 1000.000000000000000 ) ;
#4545 = CARTESIAN_POINT ( 'NONE',  ( 10.00000000000006750, 7.499999999999914735, -5.750000000000001776 ) ) ;
#4546 = DIRECTION ( 'NONE',  ( -7.228014483236682257E-17, 1.000000000000000000, 0.000000000000000000 ) ) ;
#4547 = ORIENTED_EDGE ( 'NONE', *, *, #212, .T. ) ;
#4548 = EDGE_LOOP ( 'NONE', ( #1709, #5802, #1690, #5995, #2780 ) ) ;
#4549 = DIRECTION ( 'NONE',  ( 0.000000000000000000, 0.000000000000000000, -1.000000000000000000 ) ) ;
#4550 = CARTESIAN_POINT ( 'NONE',  ( 6.800000000000009592, 24.75000000000001421, 10.27283860147173300 ) ) ;
#4551 = DIRECTION ( 'NONE',  ( 0.000000000000000000, 1.000000000000000000, 0.000000000000000000 ) ) ;
#4552 = CARTESIAN_POINT ( 'NONE',  ( -43.01841849955686570, 0.1501364999909921283, 7.105952873653960999 ) ) ;
#4553 = ORIENTED_EDGE ( 'NONE', *, *, #1840, .T. ) ;
#4554 = CARTESIAN_POINT ( 'NONE',  ( 5.200000000000038369, 2.750000000000064393, 10.27283860147173300 ) ) ;
#4555 = EDGE_CURVE ( 'NONE', #4736, #683, #2574, .T. ) ;
#4556 = LINE ( 'NONE', #4333, #1584 ) ;
#4557 = AXIS2_PLACEMENT_3D ( 'NONE', #3191, #1776, #2774 ) ;
#4558 = AXIS2_PLACEMENT_3D ( 'NONE', #3435, #4407, #4811 ) ;
#4559 = ORIENTED_EDGE ( 'NONE', *, *, #4853, .T. ) ;
#4560 = DIRECTION ( 'NONE',  ( 1.000000000000000000, -0.000000000000000000, -0.000000000000000000 ) ) ;
#4561 = AXIS2_PLACEMENT_3D ( 'NONE', #130, #3561, #2608 ) ;
#4562 = AXIS2_PLACEMENT_3D ( 'NONE', #2167, #4519, #5496 ) ;
#4563 = ORIENTED_EDGE ( 'NONE', *, *, #4329, .F. ) ;
#4564 = VECTOR ( 'NONE', #4233, 1000.000000000000000 ) ;
#4565 = LINE ( 'NONE', #3974, #3151 ) ;
#4566 = DIRECTION ( 'NONE',  ( -0.000000000000000000, -0.000000000000000000, -1.000000000000000000 ) ) ;
#4567 = EDGE_CURVE ( 'NONE', #3978, #6139, #2178, .T. ) ;
#4568 = VECTOR ( 'NONE', #3986, 1000.000000000000000 ) ;
#4569 = CARTESIAN_POINT ( 'NONE',  ( -13.69999999999998863, 38.36988785813656477, -0.3488893001070199618 ) ) ;
#4570 = EDGE_LOOP ( 'NONE', ( #4286, #2595, #4919, #2325, #2009 ) ) ;
#4571 = ORIENTED_EDGE ( 'NONE', *, *, #2227, .T. ) ;
#4572 = PLANE ( 'NONE',  #3613 ) ;
#4573 = DIRECTION ( 'NONE',  ( -1.000000000000000000, -2.321899859920137988E-17, 1.096219230838429122E-34 ) ) ;
#4574 = ORIENTED_EDGE ( 'NONE', *, *, #5639, .F. ) ;
#4575 = LINE ( 'NONE', #1743, #1370 ) ;
#4576 = EDGE_CURVE ( 'NONE', #2079, #1442, #2477, .T. ) ;
#4577 = VERTEX_POINT ( 'NONE', #4023 ) ;
#4578 = ORIENTED_EDGE ( 'NONE', *, *, #1883, .F. ) ;
#4579 = DIRECTION ( 'NONE',  ( 3.469446951953614978E-15, 1.000000000000000000, 0.000000000000000000 ) ) ;
#4580 = EDGE_CURVE ( 'NONE', #5048, #651, #4597, .T. ) ;
#4581 = CARTESIAN_POINT ( 'NONE',  ( 8.846410161513773573, 37.60265198398862907, 3.749999999999992006 ) ) ;
#4582 = ADVANCED_FACE ( 'NONE', ( #5336 ), #5878, .F. ) ;
#4583 = VECTOR ( 'NONE', #4679, 1000.000000000000000 ) ;
#4584 = LINE ( 'NONE', #999, #4466 ) ;
#4585 = LINE ( 'NONE', #4552, #1063 ) ;
#4586 = ORIENTED_EDGE ( 'NONE', *, *, #276, .T. ) ;
#4587 = FACE_BOUND ( 'NONE', #3410, .T. ) ;
#4588 = AXIS2_PLACEMENT_3D ( 'NONE', #76, #1468, #550 ) ;
#4589 = LINE ( 'NONE', #2636, #4583 ) ;
#4590 = VECTOR ( 'NONE', #1794, 1000.000000000000000 ) ;
#4591 = LINE ( 'NONE', #291, #1219 ) ;
#4592 = ORIENTED_EDGE ( 'NONE', *, *, #1969, .F. ) ;
#4593 = DIRECTION ( 'NONE',  ( 2.556910123444985892E-15, -1.000000000000000000, 0.000000000000000000 ) ) ;
#4594 = EDGE_LOOP ( 'NONE', ( #6133, #2141, #5363, #6075 ) ) ;
#4595 = CARTESIAN_POINT ( 'NONE',  ( 13.63384081141327897, 38.08488884835735178, -0.3652023963929308947 ) ) ;
#4596 = LINE ( 'NONE', #4150, #6195 ) ;
#4597 =( BOUNDED_CURVE ( )  B_SPLINE_CURVE ( 3, ( #2948, #122, #2537, #3954 ),
 .UNSPECIFIED., .F., .F. ) 
 B_SPLINE_CURVE_WITH_KNOTS ( ( 4, 4 ),
 ( 0.1286708182776732379, 0.2517647483965629873 ),
 .UNSPECIFIED. ) 
 CURVE ( )  GEOMETRIC_REPRESENTATION_ITEM ( )  RATIONAL_B_SPLINE_CURVE ( ( 1.000000000000000000, 0.9987377222348597927, 0.9987377222348597927, 1.000000000000000000 ) ) 
 REPRESENTATION_ITEM ( '' )  );
#4598 = ORIENTED_EDGE ( 'NONE', *, *, #2744, .F. ) ;
#4599 = DIRECTION ( 'NONE',  ( 3.758567531283072309E-15, -1.000000000000000000, 0.000000000000000000 ) ) ;
#4600 = ORIENTED_EDGE ( 'NONE', *, *, #382, .F. ) ;
#4601 = EDGE_LOOP ( 'NONE', ( #1554, #513, #4563, #5184 ) ) ;
#4602 = CARTESIAN_POINT ( 'NONE',  ( 6.800000000000060218, 10.74999999999998934, 10.27283860147173300 ) ) ;
#4603 = DIRECTION ( 'NONE',  ( 0.000000000000000000, 1.000000000000000000, -0.000000000000000000 ) ) ;
#4604 = FACE_OUTER_BOUND ( 'NONE', #964, .T. ) ;
#4605 = VECTOR ( 'NONE', #1874, 1000.000000000000000 ) ;
#4606 = EDGE_LOOP ( 'NONE', ( #462, #951, #1785, #174 ) ) ;
#4607 = EDGE_CURVE ( 'NONE', #5370, #4628, #3497, .T. ) ;
#4608 = CYLINDRICAL_SURFACE ( 'NONE', #5266, 0.5999999999999998668 ) ;
#4609 = ORIENTED_EDGE ( 'NONE', *, *, #4698, .T. ) ;
#4610 = ORIENTED_EDGE ( 'NONE', *, *, #4576, .F. ) ;
#4611 = FACE_OUTER_BOUND ( 'NONE', #5832, .T. ) ;
#4612 = CARTESIAN_POINT ( 'NONE',  ( -13.69999999999998863, 38.20574445506683503, 3.177894971549570347 ) ) ;
#4613 = DIRECTION ( 'NONE',  ( -0.000000000000000000, -1.000000000000000000, 0.000000000000000000 ) ) ;
#4614 = FACE_OUTER_BOUND ( 'NONE', #5260, .T. ) ;
#4615 = ORIENTED_EDGE ( 'NONE', *, *, #532, .T. ) ;
#4616 = LINE ( 'NONE', #1264, #379 ) ;
#4617 = DIRECTION ( 'NONE',  ( 1.000000000000000000, 0.000000000000000000, -0.000000000000000000 ) ) ;
#4618 = DIRECTION ( 'NONE',  ( 1.000000000000000000, 0.000000000000000000, -2.312964634635742957E-16 ) ) ;
#4619 = ADVANCED_FACE ( 'NONE', ( #5937 ), #694, .F. ) ;
#4620 = ORIENTED_EDGE ( 'NONE', *, *, #1975, .F. ) ;
#4621 = LINE ( 'NONE', #4681, #3265 ) ;
#4622 = ORIENTED_EDGE ( 'NONE', *, *, #2888, .T. ) ;
#4623 = DIRECTION ( 'NONE',  ( 0.000000000000000000, -0.1391731009600654656, -0.9902680687415702510 ) ) ;
#4624 = CARTESIAN_POINT ( 'NONE',  ( 13.10387457965498470, 38.36988080195934714, -0.3489395074168054056 ) ) ;
#4625 = EDGE_CURVE ( 'NONE', #4806, #4003, #3044, .T. ) ;
#4626 = ORIENTED_EDGE ( 'NONE', *, *, #184, .F. ) ;
#4627 = CARTESIAN_POINT ( 'NONE',  ( 13.10000000000001563, 38.36988785813656477, -0.3488893001070244027 ) ) ;
#4628 = VERTEX_POINT ( 'NONE', #1035 ) ;
#4629 = VERTEX_POINT ( 'NONE', #4899 ) ;
#4630 = CARTESIAN_POINT ( 'NONE',  ( -4.400000000000479972, 32.74999999999997158, -7.250000000000002665 ) ) ;
#4631 = DIRECTION ( 'NONE',  ( 3.758567531283107807E-15, -1.000000000000000000, 0.000000000000000000 ) ) ;
#4632 = LINE ( 'NONE', #5708, #148 ) ;
#4633 = ADVANCED_FACE ( 'NONE', ( #627 ), #2111, .T. ) ;
#4634 = EDGE_LOOP ( 'NONE', ( #3350, #4293, #827, #5222 ) ) ;
#4635 = CARTESIAN_POINT ( 'NONE',  ( 12.20000000000001528, 8.749999999999987566, -5.750000000000002665 ) ) ;
#4636 = ORIENTED_EDGE ( 'NONE', *, *, #2927, .T. ) ;
#4637 = PLANE ( 'NONE',  #72 ) ;
#4638 = CARTESIAN_POINT ( 'NONE',  ( -12.18336001036043115, 8.000000000000000000, 7.939657525164853347 ) ) ;
#4639 = LINE ( 'NONE', #2630, #2478 ) ;
#4640 = CARTESIAN_POINT ( 'NONE',  ( 7.599999999999661249, 2.750000000000097700, 10.27283860147173300 ) ) ;
#4641 = DIRECTION ( 'NONE',  ( 1.675791575602174086E-15, -1.000000000000000000, 1.156482317317871607E-14 ) ) ;
#4642 = EDGE_LOOP ( 'NONE', ( #2637, #2962, #2518, #1525 ) ) ;
#4643 = FACE_OUTER_BOUND ( 'NONE', #5522, .T. ) ;
#4644 = LINE ( 'NONE', #258, #1387 ) ;
#4645 = DIRECTION ( 'NONE',  ( 0.000000000000000000, -0.004826780954404758482, 0.9999883510249598650 ) ) ;
#4646 = VERTEX_POINT ( 'NONE', #4454 ) ;
#4647 = CARTESIAN_POINT ( 'NONE',  ( -12.11575430128351094, 36.27799480020887302, 7.859088178492555699 ) ) ;
#4648 = ADVANCED_FACE ( 'NONE', ( #1641 ), #3079, .T. ) ;
#4649 = EDGE_CURVE ( 'NONE', #2981, #3340, #3456, .T. ) ;
#4650 = VECTOR ( 'NONE', #548, 1000.000000000000000 ) ;
#4651 = ORIENTED_EDGE ( 'NONE', *, *, #4505, .F. ) ;
#4652 = DIRECTION ( 'NONE',  ( 1.000000000000000000, 2.168404344971013207E-15, 0.000000000000000000 ) ) ;
#4653 = DIRECTION ( 'NONE',  ( -1.000000000000000000, 0.000000000000000000, -0.000000000000000000 ) ) ;
#4654 = ADVANCED_FACE ( 'NONE', ( #5374 ), #5438, .T. ) ;
#4655 = VECTOR ( 'NONE', #414, 1000.000000000000114 ) ;
#4656 = VERTEX_POINT ( 'NONE', #2138 ) ;
#4657 = DIRECTION ( 'NONE',  ( -1.445602896647349270E-16, 1.000000000000000000, -0.000000000000000000 ) ) ;
#4658 = ADVANCED_FACE ( 'NONE', ( #661 ), #3555, .F. ) ;
#4659 = ORIENTED_EDGE ( 'NONE', *, *, #2471, .F. ) ;
#4660 = AXIS2_PLACEMENT_3D ( 'NONE', #3250, #6083, #4254 ) ;
#4661 = ORIENTED_EDGE ( 'NONE', *, *, #2093, .T. ) ;
#4662 = PLANE ( 'NONE',  #4801 ) ;
#4663 = LINE ( 'NONE', #2341, #3751 ) ;
#4664 = CARTESIAN_POINT ( 'NONE',  ( -9.200000000000017053, 32.74999999999994316, -7.250000000000002665 ) ) ;
#4665 = VECTOR ( 'NONE', #3378, 1000.000000000000000 ) ;
#4666 = VECTOR ( 'NONE', #786, 1000.000000000000000 ) ;
#4667 = VECTOR ( 'NONE', #3926, 1000.000000000000000 ) ;
#4668 = ORIENTED_EDGE ( 'NONE', *, *, #4393, .T. ) ;
#4669 = DIRECTION ( 'NONE',  ( 0.000000000000000000, 0.000000000000000000, -1.000000000000000000 ) ) ;
#4670 = VERTEX_POINT ( 'NONE', #2510 ) ;
#4671 = DIRECTION ( 'NONE',  ( 0.000000000000000000, 0.000000000000000000, -1.000000000000000000 ) ) ;
#4672 = CARTESIAN_POINT ( 'NONE',  ( 0.4000000000000513700, 32.75000000000001421, -5.750000000000002665 ) ) ;
#4673 = ORIENTED_EDGE ( 'NONE', *, *, #3820, .T. ) ;
#4674 = DIRECTION ( 'NONE',  ( 0.000000000000000000, 1.000000000000000000, 0.000000000000000000 ) ) ;
#4675 = CARTESIAN_POINT ( 'NONE',  ( 2.800001526826707998, 24.75000000000001421, -7.250000000000002665 ) ) ;
#4676 = EDGE_LOOP ( 'NONE', ( #1286, #4372, #5839, #6019 ) ) ;
#4677 = DIRECTION ( 'NONE',  ( 0.000000000000000000, 0.9989186800433652591, 0.04649161924928858769 ) ) ;
#4678 = EDGE_CURVE ( 'NONE', #1934, #5270, #1201, .T. ) ;
#4679 = DIRECTION ( 'NONE',  ( -0.4365064527871116984, 0.5160473658072719516, -0.7369920168621832968 ) ) ;
#4680 = PLANE ( 'NONE',  #5026 ) ;
#4681 = CARTESIAN_POINT ( 'NONE',  ( 2.800001526826707998, 24.75000000000001421, 10.27283860147173300 ) ) ;
#4682 = VECTOR ( 'NONE', #729, 1000.000000000000000 ) ;
#4683 = ORIENTED_EDGE ( 'NONE', *, *, #626, .F. ) ;
#4684 = AXIS2_PLACEMENT_3D ( 'NONE', #585, #2524, #3877 ) ;
#4685 = CARTESIAN_POINT ( 'NONE',  ( 13.10581178995771623, 38.36986668977041148, -0.3490399208586781321 ) ) ;
#4686 = PLANE ( 'NONE',  #2182 ) ;
#4687 = ORIENTED_EDGE ( 'NONE', *, *, #4842, .F. ) ;
#4688 = FACE_OUTER_BOUND ( 'NONE', #2277, .T. ) ;
#4689 = VECTOR ( 'NONE', #5593, 1000.000000000000000 ) ;
#4690 = EDGE_LOOP ( 'NONE', ( #2104, #4929, #1606, #4687 ) ) ;
#4691 = EDGE_CURVE ( 'NONE', #6156, #2639, #2228, .T. ) ;
#4692 = VERTEX_POINT ( 'NONE', #2169 ) ;
#4693 = CARTESIAN_POINT ( 'NONE',  ( 13.57448176649904070, -4.027008096011464922, 6.781008456828500286 ) ) ;
#4694 = EDGE_CURVE ( 'NONE', #5357, #5920, #2836, .T. ) ;
#4695 = LINE ( 'NONE', #5607, #3349 ) ;
#4696 = CARTESIAN_POINT ( 'NONE',  ( 12.05552791759129860, 8.000000000000000000, 5.602785000332557885 ) ) ;
#4697 = VERTEX_POINT ( 'NONE', #282 ) ;
#4698 = EDGE_CURVE ( 'NONE', #709, #4269, #2689, .T. ) ;
#4699 = VERTEX_POINT ( 'NONE', #3639 ) ;
#4700 = DIRECTION ( 'NONE',  ( 0.000000000000000000, 0.000000000000000000, -1.000000000000000000 ) ) ;
#4701 = CARTESIAN_POINT ( 'NONE',  ( 13.47543252598442720, -2.204838659496854092, -0.4012772254965191188 ) ) ;
#4702 = EDGE_CURVE ( 'NONE', #4021, #12, #1227, .T. ) ;
#4703 = ORIENTED_EDGE ( 'NONE', *, *, #2043, .T. ) ;
#4704 = DIRECTION ( 'NONE',  ( 0.9961946980917455452, 0.000000000000000000, -0.08715574274765836016 ) ) ;
#4705 = EDGE_CURVE ( 'NONE', #2829, #2132, #1675, .T. ) ;
#4706 = DIRECTION ( 'NONE',  ( 0.000000000000000000, 0.000000000000000000, -1.000000000000000000 ) ) ;
#4707 = AXIS2_PLACEMENT_3D ( 'NONE', #1412, #2838, #1347 ) ;
#4708 = ORIENTED_EDGE ( 'NONE', *, *, #1, .F. ) ;
#4709 = ORIENTED_EDGE ( 'NONE', *, *, #3619, .F. ) ;
#4710 = LINE ( 'NONE', #2326, #5902 ) ;
#4711 = PLANE ( 'NONE',  #5087 ) ;
#4712 = EDGE_CURVE ( 'NONE', #1771, #3484, #723, .T. ) ;
#4713 = DIRECTION ( 'NONE',  ( 0.004050116900252691277, -0.9999801493634146166, -0.004826741366320592627 ) ) ;
#4714 = EDGE_CURVE ( 'NONE', #6187, #5449, #4172, .T. ) ;
#4715 = CARTESIAN_POINT ( 'NONE',  ( -11.79999999999998650, 8.000000000000000000, 4.249999999999995559 ) ) ;
#4716 = ORIENTED_EDGE ( 'NONE', *, *, #5850, .F. ) ;
#4717 = CARTESIAN_POINT ( 'NONE',  ( -6.800000000000403944, 16.74999999999999645, -7.250000000000002665 ) ) ;
#4718 = DIRECTION ( 'NONE',  ( 1.000000000000000000, -0.000000000000000000, -0.000000000000000000 ) ) ;
#4719 = ORIENTED_EDGE ( 'NONE', *, *, #5866, .T. ) ;
#4720 = DIRECTION ( 'NONE',  ( 3.614007241618413063E-15, -1.000000000000000000, 0.000000000000000000 ) ) ;
#4721 = ORIENTED_EDGE ( 'NONE', *, *, #5824, .T. ) ;
#4722 = VERTEX_POINT ( 'NONE', #6090 ) ;
#4723 = EDGE_CURVE ( 'NONE', #4413, #894, #4639, .T. ) ;
#4724 = CARTESIAN_POINT ( 'NONE',  ( -9.199999999999906919, 2.749999999999934719, -7.250000000000002665 ) ) ;
#4725 = FACE_OUTER_BOUND ( 'NONE', #2803, .T. ) ;
#4726 = DIRECTION ( 'NONE',  ( 1.000000000000000000, 2.791820594150173918E-15, 0.000000000000000000 ) ) ;
#4727 = ORIENTED_EDGE ( 'NONE', *, *, #5181, .F. ) ;
#4728 = ADVANCED_FACE ( 'NONE', ( #1698 ), #1790, .T. ) ;
#4729 = EDGE_CURVE ( 'NONE', #367, #4880, #4755, .T. ) ;
#4730 = PLANE ( 'NONE',  #5790 ) ;
#4731 = CYLINDRICAL_SURFACE ( 'NONE', #350, 0.6000000000000004219 ) ;
#4732 = ORIENTED_EDGE ( 'NONE', *, *, #337, .T. ) ;
#4733 = B_SPLINE_CURVE_WITH_KNOTS ( 'NONE', 3,
 ( #3818, #1319, #6121, #4701, #2717, #4228, #5236, #5736 ),
 .UNSPECIFIED., .F., .F.,
 ( 4, 2, 2, 4 ),
 ( 0.000000000000000000, 0.0004639462314026068400, 0.0006959193471039120489, 0.0009278924628052173662 ),
 .UNSPECIFIED. ) ;
#4734 = LINE ( 'NONE', #1912, #2828 ) ;
#4735 = CARTESIAN_POINT ( 'NONE',  ( -11.79999999999998650, 31.00000000000000355, 4.249999999999996447 ) ) ;
#4736 = VERTEX_POINT ( 'NONE', #5054 ) ;
#4737 = EDGE_LOOP ( 'NONE', ( #4496, #292, #4912, #2862 ) ) ;
#4738 = PLANE ( 'NONE',  #2677 ) ;
#4739 = FACE_OUTER_BOUND ( 'NONE', #4737, .T. ) ;
#4740 = AXIS2_PLACEMENT_3D ( 'NONE', #1974, #1415, #2941 ) ;
#4741 = CARTESIAN_POINT ( 'NONE',  ( 11.70000000000001350, 35.89999999999999858, 1.949999999999995959 ) ) ;
#4742 = LINE ( 'NONE', #25, #5263 ) ;
#4743 = VECTOR ( 'NONE', #268, 1000.000000000000000 ) ;
#4744 = CARTESIAN_POINT ( 'NONE',  ( 13.12631403136840014, -2.347444199878041537, -0.3530138610830261814 ) ) ;
#4745 = EDGE_CURVE ( 'NONE', #961, #90, #5550, .T. ) ;
#4746 = ORIENTED_EDGE ( 'NONE', *, *, #4509, .T. ) ;
#4747 = LINE ( 'NONE', #3804, #2449 ) ;
#4748 = CARTESIAN_POINT ( 'NONE',  ( -2.799997609695374479, 32.74999999999997868, -7.250000000000002665 ) ) ;
#4749 = ORIENTED_EDGE ( 'NONE', *, *, #3273, .T. ) ;
#4750 = FACE_OUTER_BOUND ( 'NONE', #3274, .T. ) ;
#4751 = ORIENTED_EDGE ( 'NONE', *, *, #4837, .T. ) ;
#4752 = CARTESIAN_POINT ( 'NONE',  ( -0.3097347919973452157, 6.201509037363651444, -1.536302753648886243 ) ) ;
#4753 = LINE ( 'NONE', #35, #1253 ) ;
#4754 = PLANE ( 'NONE',  #2453 ) ;
#4755 = LINE ( 'NONE', #3702, #5690 ) ;
#4756 = VECTOR ( 'NONE', #1960, 1000.000000000000000 ) ;
#4757 = VECTOR ( 'NONE', #549, 1000.000000000000000 ) ;
#4758 =( BOUNDED_CURVE ( )  B_SPLINE_CURVE ( 3, ( #2272, #2304, #4624, #6072 ),
 .UNSPECIFIED., .F., .F. ) 
 B_SPLINE_CURVE_WITH_KNOTS ( ( 4, 4 ),
 ( -8.881784197001252323E-16, 0.009686468071902090346 ),
 .UNSPECIFIED. ) 
 CURVE ( )  GEOMETRIC_REPRESENTATION_ITEM ( )  RATIONAL_B_SPLINE_CURVE ( ( 1.000000000000000000, 0.9999921810433083369, 0.9999921810433083369, 1.000000000000000000 ) ) 
 REPRESENTATION_ITEM ( '' )  );
#4759 = ORIENTED_EDGE ( 'NONE', *, *, #1919, .T. ) ;
#4760 = FACE_OUTER_BOUND ( 'NONE', #3068, .T. ) ;
#4761 = PRESENTATION_LAYER_ASSIGNMENT (  '', '', ( #449 ) ) ;
#4762 = AXIS2_PLACEMENT_3D ( 'NONE', #3172, #1755, #3641 ) ;
#4763 = CARTESIAN_POINT ( 'NONE',  ( 13.70000000000001350, -5.226631456848068957, -0.3488893001069729438 ) ) ;
#4764 = VERTEX_POINT ( 'NONE', #5524 ) ;
#4765 = VECTOR ( 'NONE', #2942, 1000.000000000000000 ) ;
#4766 = CARTESIAN_POINT ( 'NONE',  ( 10.19338422907795483, -3.719598378890470070, 11.58643895017635117 ) ) ;
#4767 = DIRECTION ( 'NONE',  ( -4.047688110612522540E-15, 1.000000000000000000, 0.000000000000000000 ) ) ;
#4768 = AXIS2_PLACEMENT_3D ( 'NONE', #5631, #2799, #1368 ) ;
#4769 = ORIENTED_EDGE ( 'NONE', *, *, #1515, .F. ) ;
#4770 = ORIENTED_EDGE ( 'NONE', *, *, #3482, .F. ) ;
#4771 = EDGE_CURVE ( 'NONE', #1697, #2858, #5997, .T. ) ;
#4772 = LINE ( 'NONE', #1328, #1990 ) ;
#4773 = ADVANCED_FACE ( 'NONE', ( #752 ), #5968, .T. ) ;
#4774 = LINE ( 'NONE', #2914, #679 ) ;
#4775 = CARTESIAN_POINT ( 'NONE',  ( -43.01841849955687280, 0.000000000000000000, -7.249999999999993783 ) ) ;
#4776 = DIRECTION ( 'NONE',  ( -0.000000000000000000, -0.000000000000000000, -1.000000000000000000 ) ) ;
#4777 = DIRECTION ( 'NONE',  ( 0.000000000000000000, 0.000000000000000000, -1.000000000000000000 ) ) ;
#4778 = ORIENTED_EDGE ( 'NONE', *, *, #3879, .T. ) ;
#4779 = LINE ( 'NONE', #5223, #2648 ) ;
#4780 = EDGE_CURVE ( 'NONE', #416, #3165, #682, .T. ) ;
#4781 = DIRECTION ( 'NONE',  ( 1.000000000000000000, -0.000000000000000000, -0.000000000000000000 ) ) ;
#4782 = VECTOR ( 'NONE', #2201, 1000.000000000000000 ) ;
#4783 = ORIENTED_EDGE ( 'NONE', *, *, #88, .F. ) ;
#4784 = CARTESIAN_POINT ( 'NONE',  ( 5.200000000000136069, 32.75000000000007105, -7.250000000000002665 ) ) ;
#4785 = ORIENTED_EDGE ( 'NONE', *, *, #2971, .F. ) ;
#4786 = LINE ( 'NONE', #1927, #5361 ) ;
#4787 = DIRECTION ( 'NONE',  ( 1.000000000000000000, -3.469446951953779455E-15, 0.000000000000000000 ) ) ;
#4788 = VECTOR ( 'NONE', #200, 1000.000000000000000 ) ;
#4789 = DIRECTION ( 'NONE',  ( -1.000000000000000000, -1.445602896647346312E-16, 0.000000000000000000 ) ) ;
#4790 = VECTOR ( 'NONE', #3811, 1000.000000000000000 ) ;
#4791 = ORIENTED_EDGE ( 'NONE', *, *, #4935, .F. ) ;
#4792 = FACE_OUTER_BOUND ( 'NONE', #3781, .T. ) ;
#4793 = DIRECTION ( 'NONE',  ( 0.000000000000000000, 0.000000000000000000, -1.000000000000000000 ) ) ;
#4794 = EDGE_CURVE ( 'NONE', #5090, #5742, #841, .T. ) ;
#4795 = ORIENTED_EDGE ( 'NONE', *, *, #626, .T. ) ;
#4796 = CARTESIAN_POINT ( 'NONE',  ( -9.200000000000017053, 32.74999999999994316, 10.27283860147173300 ) ) ;
#4797 = DIRECTION ( 'NONE',  ( 0.000000000000000000, -0.000000000000000000, 1.000000000000000000 ) ) ;
#4798 = ORIENTED_EDGE ( 'NONE', *, *, #2763, .T. ) ;
#4799 = VERTEX_POINT ( 'NONE', #5147 ) ;
#4800 = DIRECTION ( 'NONE',  ( 1.000000000000000000, 0.000000000000000000, 0.000000000000000000 ) ) ;
#4801 = AXIS2_PLACEMENT_3D ( 'NONE', #6045, #1807, #4158 ) ;
#4802 = CARTESIAN_POINT ( 'NONE',  ( 6.799999999999981171, 32.75000000000009948, -5.750000000000001776 ) ) ;
#4803 = LINE ( 'NONE', #1513, #3071 ) ;
#4804 = DIRECTION ( 'NONE',  ( 0.000000000000000000, 1.000000000000000000, 0.000000000000000000 ) ) ;
#4805 = EDGE_CURVE ( 'NONE', #318, #5816, #3814, .T. ) ;
#4806 = VERTEX_POINT ( 'NONE', #5257 ) ;
#4807 = CARTESIAN_POINT ( 'NONE',  ( -13.28368053310369845, 38.45598330475604598, 8.004916779306052277 ) ) ;
#4808 = DIRECTION ( 'NONE',  ( 1.000000000000000000, 2.321899859920137988E-17, 0.000000000000000000 ) ) ;
#4809 = PLANE ( 'NONE',  #454 ) ;
#4810 = EDGE_LOOP ( 'NONE', ( #5924, #1379, #1491, #1011, #5396, #3331 ) ) ;
#4811 = DIRECTION ( 'NONE',  ( 0.000000000000000000, 0.8191520442889946851, 0.5735764363510418296 ) ) ;
#4812 = ORIENTED_EDGE ( 'NONE', *, *, #1973, .T. ) ;
#4813 = CARTESIAN_POINT ( 'NONE',  ( -12.29844125898251050, 36.41373891670399132, 8.076806016650442288 ) ) ;
#4814 = DIRECTION ( 'NONE',  ( 0.1420391334185776566, 0.1377620308829188289, 0.9802277834384788280 ) ) ;
#4815 = VECTOR ( 'NONE', #2855, 1000.000000000000000 ) ;
#4816 = CARTESIAN_POINT ( 'NONE',  ( 7.599999999999582201, 24.75000000000001421, 10.27283860147173300 ) ) ;
#4817 = EDGE_CURVE ( 'NONE', #5404, #4699, #4318, .T. ) ;
#4818 = DIRECTION ( 'NONE',  ( 0.004050116900257066249, -0.9999801493634145055, -0.004826741366307827664 ) ) ;
#4819 = VECTOR ( 'NONE', #3297, 1000.000000000000227 ) ;
#4820 = EDGE_LOOP ( 'NONE', ( #1305, #5494, #3705, #3125 ) ) ;
#4821 = ORIENTED_EDGE ( 'NONE', *, *, #6145, .F. ) ;
#4822 = CARTESIAN_POINT ( 'NONE',  ( -12.19999999999998508, 31.00000000000000355, 14.78477331392862659 ) ) ;
#4823 = ADVANCED_FACE ( 'NONE', ( #3876 ), #5391, .T. ) ;
#4824 = CARTESIAN_POINT ( 'NONE',  ( -6.800000000000350653, 2.749999999999948486, 10.27283860147173300 ) ) ;
#4825 = ORIENTED_EDGE ( 'NONE', *, *, #3655, .F. ) ;
#4826 = DIRECTION ( 'NONE',  ( 0.000000000000000000, -0.000000000000000000, 1.000000000000000000 ) ) ;
#4827 = FACE_OUTER_BOUND ( 'NONE', #4820, .T. ) ;
#4828 = ORIENTED_EDGE ( 'NONE', *, *, #4906, .F. ) ;
#4829 = EDGE_LOOP ( 'NONE', ( #564, #5726, #5187, #2049 ) ) ;
#4830 = PLANE ( 'NONE',  #5698 ) ;
#4831 = CARTESIAN_POINT ( 'NONE',  ( -4.400000000000479972, 32.74999999999997158, -7.250000000000002665 ) ) ;
#4832 = DIRECTION ( 'NONE',  ( -1.000000000000000000, 0.000000000000000000, 0.000000000000000000 ) ) ;
#4833 = CARTESIAN_POINT ( 'NONE',  ( -5.199999999999807443, -24.48182999695903561, -5.750000000000002665 ) ) ;
#4834 = CARTESIAN_POINT ( 'NONE',  ( 10.00000000000003908, 18.75000000000000000, 10.27283860147173300 ) ) ;
#4835 = PRODUCT_DEFINITION ( 'н╢ж╙', '', #1760, #6018 ) ;
#4836 = VERTEX_POINT ( 'NONE', #5794 ) ;
#4837 = EDGE_CURVE ( 'NONE', #3637, #889, #2900, .T. ) ;
#4838 = VERTEX_POINT ( 'NONE', #1964 ) ;
#4839 = PLANE ( 'NONE',  #5970 ) ;
#4840 = DIRECTION ( 'NONE',  ( 0.000000000000000000, 1.000000000000000000, 0.000000000000000000 ) ) ;
#4841 = VECTOR ( 'NONE', #319, 1000.000000000000000 ) ;
#4842 = EDGE_CURVE ( 'NONE', #3997, #3056, #1929, .T. ) ;
#4843 =( NAMED_UNIT ( * ) SI_UNIT ( $, .STERADIAN. ) SOLID_ANGLE_UNIT ( ) );
#4844 = ORIENTED_EDGE ( 'NONE', *, *, #240, .T. ) ;
#4845 = CARTESIAN_POINT ( 'NONE',  ( 13.70000000000001528, 37.77150377203724219, -0.3488893001069676703 ) ) ;
#4846 = VERTEX_POINT ( 'NONE', #4347 ) ;
#4847 = ADVANCED_FACE ( 'NONE', ( #4915 ), #488, .T. ) ;
#4848 = CARTESIAN_POINT ( 'NONE',  ( -6.800000000000241407, -24.48182999695904627, -5.750000000000002665 ) ) ;
#4849 = CARTESIAN_POINT ( 'NONE',  ( -13.69999999999998330, 37.41398764543116329, 7.284025716813613549 ) ) ;
#4850 = CARTESIAN_POINT ( 'NONE',  ( -13.69999999999998508, -5.226631456848068957, -0.3488893001069729438 ) ) ;
#4851 = EDGE_CURVE ( 'NONE', #5079, #4134, #3407, .T. ) ;
#4852 = FACE_OUTER_BOUND ( 'NONE', #4606, .T. ) ;
#4853 = EDGE_CURVE ( 'NONE', #2571, #227, #2462, .T. ) ;
#4854 = EDGE_LOOP ( 'NONE', ( #1443, #873, #4626, #1810, #1571, #3803, #2409, #639, #1503 ) ) ;
#4855 = EDGE_LOOP ( 'NONE', ( #2301, #3386, #3205, #4300, #6155 ) ) ;
#4856 = LINE ( 'NONE', #4822, #5609 ) ;
#4857 = VECTOR ( 'NONE', #2215, 1000.000000000000227 ) ;
#4858 = CARTESIAN_POINT ( 'NONE',  ( -13.69999999999998330, 38.45771770183010574, 7.296259551920313058 ) ) ;
#4859 = ORIENTED_EDGE ( 'NONE', *, *, #3184, .T. ) ;
#4860 = VECTOR ( 'NONE', #580, 1000.000000000000000 ) ;
#4861 = CARTESIAN_POINT ( 'NONE',  ( 9.200000000000033040, 18.75000000000000000, 10.27283860147173300 ) ) ;
#4862 = LINE ( 'NONE', #2473, #2660 ) ;
#4863 = VERTEX_POINT ( 'NONE', #5323 ) ;
#4864 = EDGE_LOOP ( 'NONE', ( #4661, #2433, #800, #4101 ) ) ;
#4865 = VECTOR ( 'NONE', #2740, 1000.000000000000000 ) ;
#4866 = DIRECTION ( 'NONE',  ( 1.000000000000000000, 0.000000000000000000, 0.000000000000000000 ) ) ;
#4867 = DIRECTION ( 'NONE',  ( 0.000000000000000000, 0.000000000000000000, -1.000000000000000000 ) ) ;
#4868 = AXIS2_PLACEMENT_3D ( 'NONE', #2438, #4706, #5299 ) ;
#4869 = VECTOR ( 'NONE', #5130, 1000.000000000000000 ) ;
#4870 = CARTESIAN_POINT ( 'NONE',  ( -13.09999999999998543, 38.02093129305364272, 7.148789572207892462 ) ) ;
#4871 = LINE ( 'NONE', #3770, #1469 ) ;
#4872 = LINE ( 'NONE', #125, #354 ) ;
#4873 = VERTEX_POINT ( 'NONE', #3939 ) ;
#4874 = DIRECTION ( 'NONE',  ( 0.000000000000000000, -0.000000000000000000, 1.000000000000000000 ) ) ;
#4875 = CARTESIAN_POINT ( 'NONE',  ( 0.3999999999995257349, -24.48182999695886153, -5.750000000000002665 ) ) ;
#4876 = CARTESIAN_POINT ( 'NONE',  ( -11.70000654234876158, 31.89999999999999858, -3.750000000000003553 ) ) ;
#4877 = LINE ( 'NONE', #3933, #2562 ) ;
#4878 = VERTEX_POINT ( 'NONE', #1021 ) ;
#4879 = CARTESIAN_POINT ( 'NONE',  ( -9.199999999999958433, 16.74999999999999645, -7.250000000000002665 ) ) ;
#4880 = VERTEX_POINT ( 'NONE', #2930 ) ;
#4881 = LINE ( 'NONE', #989, #2844 ) ;
#4882 = CARTESIAN_POINT ( 'NONE',  ( 10.00000000000003908, 16.74999999999999645, -5.750000000000001776 ) ) ;
#4883 = LINE ( 'NONE', #5732, #4290 ) ;
#4884 = VECTOR ( 'NONE', #6189, 1000.000000000000000 ) ;
#4885 = CARTESIAN_POINT ( 'NONE',  ( -12.75806792485389707, 36.41373891670399132, 7.691133450838514740 ) ) ;
#4886 = ORIENTED_EDGE ( 'NONE', *, *, #2309, .T. ) ;
#4887 = ADVANCED_FACE ( 'NONE', ( #5759 ), #2969, .T. ) ;
#4888 = ORIENTED_EDGE ( 'NONE', *, *, #2330, .T. ) ;
#4889 = AXIS2_PLACEMENT_3D ( 'NONE', #4983, #6010, #3600 ) ;
#4890 = CYLINDRICAL_SURFACE ( 'NONE', #492, 0.5999999999999998668 ) ;
#4891 = LINE ( 'NONE', #1533, #254 ) ;
#4892 = ORIENTED_EDGE ( 'NONE', *, *, #5448, .F. ) ;
#4893 = EDGE_CURVE ( 'NONE', #3484, #2639, #4151, .T. ) ;
#4894 = CARTESIAN_POINT ( 'NONE',  ( 10.19338422907795305, -3.719598378890470070, 11.58643895017635117 ) ) ;
#4895 = DIRECTION ( 'NONE',  ( -5.551115123125777969E-15, -1.000000000000000000, 0.000000000000000000 ) ) ;
#4896 = ORIENTED_EDGE ( 'NONE', *, *, #2276, .T. ) ;
#4897 = ORIENTED_EDGE ( 'NONE', *, *, #5763, .T. ) ;
#4898 = CARTESIAN_POINT ( 'NONE',  ( -8.675274829710147628, 37.94503865082840832, 3.749999999999995559 ) ) ;
#4899 = CARTESIAN_POINT ( 'NONE',  ( -13.12440399807632652, -0.8696404264132984174, 7.815098396471225506 ) ) ;
#4900 = EDGE_CURVE ( 'NONE', #6068, #243, #1559, .T. ) ;
#4901 = DIRECTION ( 'NONE',  ( 1.000000000000000000, 0.000000000000000000, -0.000000000000000000 ) ) ;
#4902 = CARTESIAN_POINT ( 'NONE',  ( 7.599999999999639044, 8.749999999999991118, 10.27283860147173300 ) ) ;
#4903 = CARTESIAN_POINT ( 'NONE',  ( 12.20000000000001705, 36.00000000000000711, 14.78477331392862659 ) ) ;
#4904 = VERTEX_POINT ( 'NONE', #5291 ) ;
#4905 = FACE_OUTER_BOUND ( 'NONE', #6039, .T. ) ;
#4906 = EDGE_CURVE ( 'NONE', #419, #4577, #6044, .T. ) ;
#4907 = DIRECTION ( 'NONE',  ( 0.8637182226742503577, -0.07294593267559264238, 0.4986679483649636424 ) ) ;
#4908 = DIRECTION ( 'NONE',  ( 0.000000000000000000, 1.000000000000000000, 0.000000000000000000 ) ) ;
#4909 = DIRECTION ( 'NONE',  ( 0.000000000000000000, 0.000000000000000000, -1.000000000000000000 ) ) ;
#4910 = VERTEX_POINT ( 'NONE', #1907 ) ;
#4911 = PLANE ( 'NONE',  #2447 ) ;
#4912 = ORIENTED_EDGE ( 'NONE', *, *, #509, .F. ) ;
#4913 = DIRECTION ( 'NONE',  ( 1.000000000000000000, -0.000000000000000000, -0.000000000000000000 ) ) ;
#4914 = CARTESIAN_POINT ( 'NONE',  ( 2.699993457651239215, 35.89999999999999858, -5.750000000000002665 ) ) ;
#4915 = FACE_OUTER_BOUND ( 'NONE', #4829, .T. ) ;
#4916 = LINE ( 'NONE', #2463, #3884 ) ;
#4917 = ORIENTED_EDGE ( 'NONE', *, *, #1211, .F. ) ;
#4918 = EDGE_CURVE ( 'NONE', #4201, #3152, #4883, .T. ) ;
#4919 = ORIENTED_EDGE ( 'NONE', *, *, #1968, .F. ) ;
#4920 = PRODUCT_RELATED_PRODUCT_CATEGORY ( 'part', '', ( #2508 ) ) ;
#4921 = ORIENTED_EDGE ( 'NONE', *, *, #3429, .T. ) ;
#4922 = CARTESIAN_POINT ( 'NONE',  ( -12.46492097225203466, -0.5426473036372750913, 8.095350681908898949 ) ) ;
#4923 = PLANE ( 'NONE',  #1159 ) ;
#4924 = ORIENTED_EDGE ( 'NONE', *, *, #1568, .T. ) ;
#4925 = CARTESIAN_POINT ( 'NONE',  ( 0.000000000000000000, 0.5000000000000000000, 0.000000000000000000 ) ) ;
#4926 = CARTESIAN_POINT ( 'NONE',  ( 10.00000000000006750, 7.499999999999914735, 19.71912865872952736 ) ) ;
#4927 = ADVANCED_FACE ( 'NONE', ( #3481 ), #1089, .F. ) ;
#4928 = EDGE_CURVE ( 'NONE', #5598, #3014, #4005, .T. ) ;
#4929 = ORIENTED_EDGE ( 'NONE', *, *, #2297, .T. ) ;
#4930 = VERTEX_POINT ( 'NONE', #5483 ) ;
#4931 = LINE ( 'NONE', #625, #3786 ) ;
#4932 = DIRECTION ( 'NONE',  ( -0.1856080806482483525, 0.000000000000000000, -0.9826238549913559606 ) ) ;
#4933 = DIRECTION ( 'NONE',  ( 0.000000000000000000, -0.000000000000000000, 1.000000000000000000 ) ) ;
#4934 = DIRECTION ( 'NONE',  ( -5.551115123125777969E-15, -1.000000000000000000, 0.000000000000000000 ) ) ;
#4935 = EDGE_CURVE ( 'NONE', #4444, #1424, #3511, .T. ) ;
#4936 = FACE_OUTER_BOUND ( 'NONE', #3495, .T. ) ;
#4937 = VERTEX_POINT ( 'NONE', #5534 ) ;
#4938 = DIRECTION ( 'NONE',  ( 1.000000000000000000, 3.614007241618342854E-15, 0.000000000000000000 ) ) ;
#4939 = DIRECTION ( 'NONE',  ( -0.000000000000000000, -0.000000000000000000, -1.000000000000000000 ) ) ;
#4940 =( NAMED_UNIT ( * ) PLANE_ANGLE_UNIT ( ) SI_UNIT ( $, .RADIAN. ) );
#4941 = ORIENTED_EDGE ( 'NONE', *, *, #785, .T. ) ;
#4942 = CARTESIAN_POINT ( 'NONE',  ( 13.69998719768304873, 37.77377325596057744, -0.3489776503135705865 ) ) ;
#4943 = ORIENTED_EDGE ( 'NONE', *, *, #3806, .F. ) ;
#4944 = LINE ( 'NONE', #3478, #4455 ) ;
#4945 = CARTESIAN_POINT ( 'NONE',  ( 13.00411477239420144, -4.263483889006633554, 6.795513087239987371 ) ) ;
#4946 = CARTESIAN_POINT ( 'NONE',  ( 12.20000000000001883, 36.00000000000000711, 5.686195996001623065 ) ) ;
#4947 = FACE_OUTER_BOUND ( 'NONE', #4013, .T. ) ;
#4948 = ORIENTED_EDGE ( 'NONE', *, *, #2309, .F. ) ;
#4949 = VERTEX_POINT ( 'NONE', #737 ) ;
#4950 = VERTEX_POINT ( 'NONE', #2125 ) ;
#4951 = DIRECTION ( 'NONE',  ( -0.000000000000000000, -0.9999313130674301053, -0.01172045849124874785 ) ) ;
#4952 = ADVANCED_FACE ( 'NONE', ( #3059 ), #5423, .F. ) ;
#4953 = CARTESIAN_POINT ( 'NONE',  ( 6.799999999999981171, 32.75000000000009948, -7.250000000000002665 ) ) ;
#4954 = ORIENTED_EDGE ( 'NONE', *, *, #4468, .F. ) ;
#4955 = DIRECTION ( 'NONE',  ( 1.000000000000000000, 0.000000000000000000, 0.000000000000000000 ) ) ;
#4956 = DIRECTION ( 'NONE',  ( 0.000000000000000000, 0.000000000000000000, 1.000000000000000000 ) ) ;
#4957 = AXIS2_PLACEMENT_3D ( 'NONE', #3213, #3712, #5566 ) ;
#4958 = ORIENTED_EDGE ( 'NONE', *, *, #4714, .T. ) ;
#4959 = ORIENTED_EDGE ( 'NONE', *, *, #5448, .T. ) ;
#4960 = DIRECTION ( 'NONE',  ( -1.000000000000000000, 0.000000000000000000, 0.000000000000000000 ) ) ;
#4961 = DIRECTION ( 'NONE',  ( -1.000000000000000000, 3.324886662288846475E-15, 0.000000000000000000 ) ) ;
#4962 = VECTOR ( 'NONE', #5891, 1000.000000000000000 ) ;
#4963 = LINE ( 'NONE', #4456, #5930 ) ;
#4964 = DIRECTION ( 'NONE',  ( 0.4365064527871116984, -0.5160473658072719516, 0.7369920168621832968 ) ) ;
#4965 = EDGE_CURVE ( 'NONE', #1065, #4949, #5038, .T. ) ;
#4966 = VECTOR ( 'NONE', #650, 1000.000000000000000 ) ;
#4967 =( BOUNDED_CURVE ( )  B_SPLINE_CURVE ( 3, ( #5780, #3390, #5303, #1005 ),
 .UNSPECIFIED., .F., .F. ) 
 B_SPLINE_CURVE_WITH_KNOTS ( ( 4, 4 ),
 ( 0.1443828766250612461, 0.1752936139028293538 ),
 .UNSPECIFIED. ) 
 CURVE ( )  GEOMETRIC_REPRESENTATION_ITEM ( )  RATIONAL_B_SPLINE_CURVE ( ( 1.000000000000000000, 0.9999203787783472741, 0.9999203787783472741, 1.000000000000000000 ) ) 
 REPRESENTATION_ITEM ( '' )  );
#4968 = ORIENTED_EDGE ( 'NONE', *, *, #2234, .F. ) ;
#4969 = EDGE_CURVE ( 'NONE', #5953, #1623, #5922, .T. ) ;
#4970 = CARTESIAN_POINT ( 'NONE',  ( -5.200000000000020606, 32.74999999999997158, 10.27283860147173300 ) ) ;
#4971 = DIRECTION ( 'NONE',  ( 0.000000000000000000, 0.000000000000000000, -1.000000000000000000 ) ) ;
#4972 = VECTOR ( 'NONE', #2435, 1000.000000000000000 ) ;
#4973 = AXIS2_PLACEMENT_3D ( 'NONE', #3616, #5551, #2292 ) ;
#4974 = AXIS2_PLACEMENT_3D ( 'NONE', #2512, #2140, #4052 ) ;
#4975 = EDGE_CURVE ( 'NONE', #112, #709, #230, .T. ) ;
#4976 = ORIENTED_EDGE ( 'NONE', *, *, #3888, .T. ) ;
#4977 = DIRECTION ( 'NONE',  ( -1.000000000000000000, 6.938893903907366428E-15, 0.000000000000000000 ) ) ;
#4978 = B_SPLINE_CURVE_WITH_KNOTS ( 'NONE', 3,
 ( #4685, #384, #2303, #4595, #2180, #6071 ),
 .UNSPECIFIED., .F., .F.,
 ( 4, 2, 4 ),
 ( 0.000000000000000000, 0.0004673690162883658693, 0.0009347380325767317387 ),
 .UNSPECIFIED. ) ;
#4979 = VECTOR ( 'NONE', #5197, 1000.000000000000000 ) ;
#4980 = ORIENTED_EDGE ( 'NONE', *, *, #41, .F. ) ;
#4981 = EDGE_CURVE ( 'NONE', #1070, #2870, #4439, .T. ) ;
#4982 = DIRECTION ( 'NONE',  ( 0.000000000000000000, -1.000000000000000000, -0.000000000000000000 ) ) ;
#4983 = CARTESIAN_POINT ( 'NONE',  ( 0.3999999999999224176, 18.75000000000000000, 10.27283860147173300 ) ) ;
#4984 = CARTESIAN_POINT ( 'NONE',  ( -9.199999999999965539, 18.75000000000000000, -5.750000000000001776 ) ) ;
#4985 = ORIENTED_EDGE ( 'NONE', *, *, #5632, .T. ) ;
#4986 = VERTEX_POINT ( 'NONE', #170 ) ;
#4987 = ADVANCED_FACE ( 'NONE', ( #3569 ), #2641, .T. ) ;
#4988 = CARTESIAN_POINT ( 'NONE',  ( 13.70000000000001350, 36.39999999999999858, -5.250000000000002665 ) ) ;
#4989 = DIRECTION ( 'NONE',  ( -0.000000000000000000, -0.000000000000000000, -1.000000000000000000 ) ) ;
#4990 = EDGE_CURVE ( 'NONE', #2176, #1653, #1625, .T. ) ;
#4991 = VERTEX_POINT ( 'NONE', #4946 ) ;
#4992 = LINE ( 'NONE', #1128, #4239 ) ;
#4993 = CARTESIAN_POINT ( 'NONE',  ( 2.800001526826707554, 26.75000000000001066, -7.250000000000002665 ) ) ;
#4994 = VECTOR ( 'NONE', #1825, 1000.000000000000000 ) ;
#4995 = ORIENTED_EDGE ( 'NONE', *, *, #1819, .T. ) ;
#4996 = ORIENTED_EDGE ( 'NONE', *, *, #1131, .T. ) ;
#4997 = VECTOR ( 'NONE', #4818, 1000.000000000000114 ) ;
#4998 = CARTESIAN_POINT ( 'NONE',  ( 9.699993457651148177, 7.499999999999916511, 19.71912865872952736 ) ) ;
#4999 = CARTESIAN_POINT ( 'NONE',  ( 4.399999999999902656, -24.48182999695893614, -5.750000000000002665 ) ) ;
#5000 = DIRECTION ( 'NONE',  ( 0.6406327900678489007, 0.08181302159909005500, -0.7634764290970024181 ) ) ;
#5001 = DIRECTION ( 'NONE',  ( 0.8601297901406390611, -0.1164860169726832928, 0.4965961658757142572 ) ) ;
#5002 = VECTOR ( 'NONE', #2019, 1000.000000000000000 ) ;
#5003 = ORIENTED_EDGE ( 'NONE', *, *, #247, .T. ) ;
#5004 = EDGE_CURVE ( 'NONE', #6136, #6187, #4535, .T. ) ;
#5005 = FACE_OUTER_BOUND ( 'NONE', #2294, .T. ) ;
#5006 = CARTESIAN_POINT ( 'NONE',  ( 8.843628901866926739, 36.35609122993138698, 3.748394238994198879 ) ) ;
#5007 = ORIENTED_EDGE ( 'NONE', *, *, #1858, .F. ) ;
#5008 = CARTESIAN_POINT ( 'NONE',  ( 5.200000000000089884, 18.75000000000000000, -7.250000000000002665 ) ) ;
#5009 = EDGE_CURVE ( 'NONE', #3819, #3718, #266, .T. ) ;
#5010 = VERTEX_POINT ( 'NONE', #1215 ) ;
#5011 = DIRECTION ( 'NONE',  ( -1.000000000000000000, 0.000000000000000000, 2.228546616889519982E-16 ) ) ;
#5012 = DIRECTION ( 'NONE',  ( 0.000000000000000000, -0.000000000000000000, -1.000000000000000000 ) ) ;
#5013 = VECTOR ( 'NONE', #3222, 1000.000000000000000 ) ;
#5014 = LINE ( 'NONE', #2707, #3943 ) ;
#5015 = ORIENTED_EDGE ( 'NONE', *, *, #3168, .T. ) ;
#5016 = VERTEX_POINT ( 'NONE', #3122 ) ;
#5017 = CARTESIAN_POINT ( 'NONE',  ( 13.11754761251815893, -2.348579334853195810, -0.3502643743012406330 ) ) ;
#5018 = DIRECTION ( 'NONE',  ( 8.673676616256523664E-15, 1.000000000000000000, 0.000000000000000000 ) ) ;
#5019 = EDGE_LOOP ( 'NONE', ( #1132, #730, #3107, #5887 ) ) ;
#5020 = CARTESIAN_POINT ( 'NONE',  ( 7.200000000000002842, 0.1501364999909911846, 7.105952873653969881 ) ) ;
#5021 = CARTESIAN_POINT ( 'NONE',  ( -12.19432039415988989, 7.999999999999998224, 7.952443851422132504 ) ) ;
#5022 = EDGE_CURVE ( 'NONE', #5270, #5404, #3628, .T. ) ;
#5023 = ORIENTED_EDGE ( 'NONE', *, *, #4118, .F. ) ;
#5024 = VERTEX_POINT ( 'NONE', #2181 ) ;
#5025 = DIRECTION ( 'NONE',  ( -3.758567531283072309E-15, 1.000000000000000000, -0.000000000000000000 ) ) ;
#5026 = AXIS2_PLACEMENT_3D ( 'NONE', #4212, #3738, #6102 ) ;
#5027 = CARTESIAN_POINT ( 'NONE',  ( 10.00000000000003908, 18.75000000000000000, -5.750000000000001776 ) ) ;
#5028 = CARTESIAN_POINT ( 'NONE',  ( -9.700006542348830862, 12.49999999999998401, -3.750000000000003553 ) ) ;
#5029 = ORIENTED_EDGE ( 'NONE', *, *, #88, .T. ) ;
#5030 = EDGE_CURVE ( 'NONE', #697, #4764, #2095, .T. ) ;
#5031 = FACE_BOUND ( 'NONE', #399, .T. ) ;
#5032 = DIRECTION ( 'NONE',  ( 0.000000000000000000, -0.000000000000000000, 1.000000000000000000 ) ) ;
#5033 = ADVANCED_FACE ( 'NONE', ( #139 ), #2063, .F. ) ;
#5034 = ORIENTED_EDGE ( 'NONE', *, *, #3785, .T. ) ;
#5035 = DIRECTION ( 'NONE',  ( -0.000000000000000000, 1.000000000000000000, 0.000000000000000000 ) ) ;
#5036 = EDGE_LOOP ( 'NONE', ( #3404, #1712, #3579, #4721 ) ) ;
#5037 = LINE ( 'NONE', #4034, #3251 ) ;
#5038 = LINE ( 'NONE', #1148, #2378 ) ;
#5039 = EDGE_CURVE ( 'NONE', #5129, #2164, #706, .T. ) ;
#5040 = CARTESIAN_POINT ( 'NONE',  ( -13.69995600911413902, -1.735421758318497210, -0.3491928860799801138 ) ) ;
#5041 = EDGE_LOOP ( 'NONE', ( #1865, #4995, #175, #2846 ) ) ;
#5042 = EDGE_CURVE ( 'NONE', #4692, #81, #5451, .T. ) ;
#5043 = ORIENTED_EDGE ( 'NONE', *, *, #969, .T. ) ;
#5044 = CARTESIAN_POINT ( 'NONE',  ( 11.69999345765112153, 2.299999999999906120, 19.71912865872952736 ) ) ;
#5045 = ADVANCED_FACE ( 'NONE', ( #1686 ), #5101, .T. ) ;
#5046 = LINE ( 'NONE', #4953, #42 ) ;
#5047 = CIRCLE ( 'NONE', #6148, 0.5999999999999998668 ) ;
#5048 = VERTEX_POINT ( 'NONE', #3243 ) ;
#5049 = CIRCLE ( 'NONE', #1731, 0.5999999999999998668 ) ;
#5050 = CARTESIAN_POINT ( 'NONE',  ( -12.18877291157212461, 7.999999999999998224, 7.946108369630245249 ) ) ;
#5051 = ORIENTED_EDGE ( 'NONE', *, *, #3776, .T. ) ;
#5052 = ORIENTED_EDGE ( 'NONE', *, *, #4513, .T. ) ;
#5053 = DIRECTION ( 'NONE',  ( 0.000000000000000000, 0.8191520442889952403, 0.5735764363510409414 ) ) ;
#5054 = CARTESIAN_POINT ( 'NONE',  ( 4.400000000000135358, 32.75000000000007105, -5.750000000000001776 ) ) ;
#5055 = DIRECTION ( 'NONE',  ( 0.000000000000000000, 1.000000000000000000, 0.000000000000000000 ) ) ;
#5056 = LINE ( 'NONE', #4088, #5067 ) ;
#5057 = ORIENTED_EDGE ( 'NONE', *, *, #6145, .T. ) ;
#5058 = FACE_OUTER_BOUND ( 'NONE', #1398, .T. ) ;
#5059 = LINE ( 'NONE', #289, #4782 ) ;
#5060 = AXIS2_PLACEMENT_3D ( 'NONE', #956, #2396, #5230 ) ;
#5061 = CARTESIAN_POINT ( 'NONE',  ( -2.000003073249075669, 8.749999999999989342, 10.27283860147173300 ) ) ;
#5062 =( NAMED_UNIT ( * ) SI_UNIT ( $, .STERADIAN. ) SOLID_ANGLE_UNIT ( ) );
#5063 = ORIENTED_EDGE ( 'NONE', *, *, #4502, .F. ) ;
#5064 = FACE_OUTER_BOUND ( 'NONE', #4089, .T. ) ;
#5065 = VECTOR ( 'NONE', #1438, 1000.000000000000000 ) ;
#5066 = ORIENTED_EDGE ( 'NONE', *, *, #4121, .F. ) ;
#5067 = VECTOR ( 'NONE', #3731, 1000.000000000000000 ) ;
#5068 = CARTESIAN_POINT ( 'NONE',  ( -13.69999999999999041, 37.40000000000000568, -7.249999999999999112 ) ) ;
#5069 = EDGE_CURVE ( 'NONE', #31, #3745, #4758, .T. ) ;
#5070 = VECTOR ( 'NONE', #183, 1000.000000000000000 ) ;
#5071 = CIRCLE ( 'NONE', #3475, 0.6000000000000000888 ) ;
#5072 = CARTESIAN_POINT ( 'NONE',  ( -4.400000000000249045, -24.48182999695903561, -5.750000000000002665 ) ) ;
#5073 = ORIENTED_EDGE ( 'NONE', *, *, #5004, .F. ) ;
#5074 = ORIENTED_EDGE ( 'NONE', *, *, #6222, .F. ) ;
#5075 = LINE ( 'NONE', #1430, #6212 ) ;
#5076 = PLANE ( 'NONE',  #3651 ) ;
#5077 = FACE_OUTER_BOUND ( 'NONE', #4594, .T. ) ;
#5078 = UNCERTAINTY_MEASURE_WITH_UNIT (LENGTH_MEASURE( 1.000000000000000082E-05 ), #4082, 'distance_accuracy_value', 'NONE');
#5079 = VERTEX_POINT ( 'NONE', #5600 ) ;
#5080 = ADVANCED_FACE ( 'NONE', ( #1732 ), #4686, .T. ) ;
#5081 = CARTESIAN_POINT ( 'NONE',  ( 0.3999999999999224176, 18.75000000000000000, -7.250000000000002665 ) ) ;
#5082 = ORIENTED_EDGE ( 'NONE', *, *, #4000, .F. ) ;
#5083 = ORIENTED_EDGE ( 'NONE', *, *, #5841, .F. ) ;
#5084 = CARTESIAN_POINT ( 'NONE',  ( 7.599999999999552891, 32.75000000000009948, 10.27283860147173300 ) ) ;
#5085 = EDGE_CURVE ( 'NONE', #5681, #5583, #6165, .T. ) ;
#5086 = CARTESIAN_POINT ( 'NONE',  ( -4.400000000000448885, 24.75000000000001421, -7.250000000000002665 ) ) ;
#5087 = AXIS2_PLACEMENT_3D ( 'NONE', #1357, #499, #4364 ) ;
#5088 = CARTESIAN_POINT ( 'NONE',  ( 10.00000000000006750, 8.749999999999991118, 10.27283860147173300 ) ) ;
#5089 = LINE ( 'NONE', #4207, #858 ) ;
#5090 = VERTEX_POINT ( 'NONE', #5133 ) ;
#5091 = PLANE ( 'NONE',  #1488 ) ;
#5092 = VECTOR ( 'NONE', #1055, 1000.000000000000000 ) ;
#5093 = EDGE_CURVE ( 'NONE', #5351, #3719, #5568, .T. ) ;
#5094 = FACE_OUTER_BOUND ( 'NONE', #703, .T. ) ;
#5095 = AXIS2_PLACEMENT_3D ( 'NONE', #4554, #3643, #5555 ) ;
#5096 = LINE ( 'NONE', #3209, #5623 ) ;
#5097 = ORIENTED_EDGE ( 'NONE', *, *, #3671, .T. ) ;
#5098 = CARTESIAN_POINT ( 'NONE',  ( 11.91105583518257838, 36.09702952127349818, 5.519374004663497146 ) ) ;
#5099 = EDGE_CURVE ( 'NONE', #4258, #321, #4596, .T. ) ;
#5100 = ORIENTED_EDGE ( 'NONE', *, *, #480, .F. ) ;
#5101 = CYLINDRICAL_SURFACE ( 'NONE', #5695, 0.6000000000000011990 ) ;
#5102 = EDGE_LOOP ( 'NONE', ( #4825, #739, #1843, #5074 ) ) ;
#5103 = LINE ( 'NONE', #3573, #3444 ) ;
#5104 = ORIENTED_EDGE ( 'NONE', *, *, #6000, .F. ) ;
#5105 = ORIENTED_EDGE ( 'NONE', *, *, #2841, .F. ) ;
#5106 = CARTESIAN_POINT ( 'NONE',  ( 12.20000000000000284, 8.000000000000000000, 14.78477331392862659 ) ) ;
#5107 = CARTESIAN_POINT ( 'NONE',  ( 12.77447440631196329, 37.40000000000000568, -6.736043877732428520 ) ) ;
#5108 = DIRECTION ( 'NONE',  ( 0.08715574274765836016, -0.000000000000000000, 0.9961946980917455452 ) ) ;
#5109 = VECTOR ( 'NONE', #4129, 1000.000000000000000 ) ;
#5110 = ORIENTED_EDGE ( 'NONE', *, *, #4326, .T. ) ;
#5111 = ADVANCED_FACE ( 'NONE', ( #2333 ), #5699, .F. ) ;
#5112 = DIRECTION ( 'NONE',  ( 0.000000000000000000, 0.9659258262890696445, 0.2588190451025156325 ) ) ;
#5113 = ORIENTED_EDGE ( 'NONE', *, *, #1518, .T. ) ;
#5114 = ORIENTED_EDGE ( 'NONE', *, *, #5509, .T. ) ;
#5115 = PLANE ( 'NONE',  #975 ) ;
#5116 = DIRECTION ( 'NONE',  ( 0.000000000000000000, 0.000000000000000000, -1.000000000000000000 ) ) ;
#5117 = CARTESIAN_POINT ( 'NONE',  ( -13.26220939581520319, 38.36872736454593280, -0.3571466410647766154 ) ) ;
#5118 = EDGE_CURVE ( 'NONE', #5442, #5349, #4185, .T. ) ;
#5119 = EDGE_CURVE ( 'NONE', #5537, #3634, #1400, .T. ) ;
#5120 = FACE_OUTER_BOUND ( 'NONE', #3919, .T. ) ;
#5121 = FACE_OUTER_BOUND ( 'NONE', #6001, .T. ) ;
#5122 = ORIENTED_EDGE ( 'NONE', *, *, #5431, .T. ) ;
#5123 = EDGE_CURVE ( 'NONE', #1565, #2870, #3214, .T. ) ;
#5124 = PLANE ( 'NONE',  #3889 ) ;
#5125 = DIRECTION ( 'NONE',  ( 0.000000000000000000, 0.000000000000000000, -1.000000000000000000 ) ) ;
#5126 = VECTOR ( 'NONE', #943, 1000.000000000000000 ) ;
#5127 = EDGE_CURVE ( 'NONE', #529, #1599, #825, .T. ) ;
#5128 = DIRECTION ( 'NONE',  ( 1.000000000000000000, -8.673676616256523664E-15, 0.000000000000000000 ) ) ;
#5129 = VERTEX_POINT ( 'NONE', #1801 ) ;
#5130 = DIRECTION ( 'NONE',  ( -4.047688110612513862E-15, 1.000000000000000000, -0.000000000000000000 ) ) ;
#5131 = EDGE_LOOP ( 'NONE', ( #5455, #4586, #2120, #70 ) ) ;
#5132 = DIRECTION ( 'NONE',  ( 2.299303290094437099E-17, -0.9902680687415703620, 0.1391731009600654934 ) ) ;
#5133 = CARTESIAN_POINT ( 'NONE',  ( 2.800001526826709330, 10.74999999999998934, -5.750000000000001776 ) ) ;
#5134 = ORIENTED_EDGE ( 'NONE', *, *, #2485, .F. ) ;
#5135 = PLANE ( 'NONE',  #3334 ) ;
#5136 = EDGE_LOOP ( 'NONE', ( #4250, #3104, #1463, #3516 ) ) ;
#5137 = ORIENTED_EDGE ( 'NONE', *, *, #1963, .F. ) ;
#5138 = CARTESIAN_POINT ( 'NONE',  ( 12.20000000000001528, 32.75000000000007105, -5.750000000000002665 ) ) ;
#5139 = DIRECTION ( 'NONE',  ( 1.000000000000000000, 2.168404344971012812E-15, -0.000000000000000000 ) ) ;
#5140 = CARTESIAN_POINT ( 'NONE',  ( -0.3999999999999967470, 8.749999999999989342, 10.27283860147173300 ) ) ;
#5141 = ORIENTED_EDGE ( 'NONE', *, *, #4068, .F. ) ;
#5142 = CARTESIAN_POINT ( 'NONE',  ( -13.71569059435850590, 37.42580660054383657, 7.257455020674003165 ) ) ;
#5143 = ADVANCED_FACE ( 'NONE', ( #3713 ), #5163, .T. ) ;
#5144 = EDGE_LOOP ( 'NONE', ( #5169, #5172, #3654, #3015 ) ) ;
#5145 = CARTESIAN_POINT ( 'NONE',  ( 10.00000000000003908, 16.74999999999999645, -7.250000000000002665 ) ) ;
#5146 = DIRECTION ( 'NONE',  ( 1.000000000000000000, 0.000000000000000000, 0.000000000000000000 ) ) ;
#5147 = CARTESIAN_POINT ( 'NONE',  ( 7.200000000000002842, 0.000000000000000000, 7.320370016855327400 ) ) ;
#5148 = VECTOR ( 'NONE', #4531, 1000.000000000000000 ) ;
#5149 = VERTEX_POINT ( 'NONE', #1336 ) ;
#5150 = DIRECTION ( 'NONE',  ( 9.152473339398463968E-15, 1.000000000000000000, 0.000000000000000000 ) ) ;
#5151 = DIRECTION ( 'NONE',  ( 3.758567531283122007E-15, -1.000000000000000000, 0.000000000000000000 ) ) ;
#5152 = EDGE_LOOP ( 'NONE', ( #3920, #2455, #765, #2275 ) ) ;
#5153 = ORIENTED_EDGE ( 'NONE', *, *, #835, .F. ) ;
#5154 = CYLINDRICAL_SURFACE ( 'NONE', #5292, 0.5999999999999987566 ) ;
#5155 = LINE ( 'NONE', #2723, #1281 ) ;
#5156 = FACE_OUTER_BOUND ( 'NONE', #2474, .T. ) ;
#5157 = ADVANCED_FACE ( 'NONE', ( #297 ), #861, .T. ) ;
#5158 = CARTESIAN_POINT ( 'NONE',  ( 12.20000000000001528, 10.74999999999998934, -5.750000000000002665 ) ) ;
#5159 = EDGE_CURVE ( 'NONE', #5024, #758, #3742, .T. ) ;
#5160 = AXIS2_PLACEMENT_3D ( 'NONE', #330, #6141, #803 ) ;
#5161 = ORIENTED_EDGE ( 'NONE', *, *, #4505, .T. ) ;
#5162 = CARTESIAN_POINT ( 'NONE',  ( -6.800000000000244960, -24.48182999695904272, -5.750000000000002665 ) ) ;
#5163 = PLANE ( 'NONE',  #4768 ) ;
#5164 = EDGE_CURVE ( 'NONE', #3152, #3890, #2208, .T. ) ;
#5165 = VECTOR ( 'NONE', #2121, 1000.000000000000000 ) ;
#5166 = VECTOR ( 'NONE', #4652, 1000.000000000000000 ) ;
#5167 = ORIENTED_EDGE ( 'NONE', *, *, #3237, .T. ) ;
#5168 = CARTESIAN_POINT ( 'NONE',  ( 2.800001526826706666, 32.75000000000003553, -7.250000000000002665 ) ) ;
#5169 = ORIENTED_EDGE ( 'NONE', *, *, #2732, .T. ) ;
#5170 = EDGE_CURVE ( 'NONE', #3765, #4646, #467, .T. ) ;
#5171 = VECTOR ( 'NONE', #4104, 1000.000000000000000 ) ;
#5172 = ORIENTED_EDGE ( 'NONE', *, *, #3012, .T. ) ;
#5173 = CARTESIAN_POINT ( 'NONE',  ( 13.69971338071882094, -3.663530819139592776, 6.803033191431244298 ) ) ;
#5174 = DIRECTION ( 'NONE',  ( 0.000000000000000000, 1.000000000000000000, 0.000000000000000000 ) ) ;
#5175 = DIRECTION ( 'NONE',  ( -1.445602896647349270E-16, 1.000000000000000000, 0.000000000000000000 ) ) ;
#5176 = EDGE_CURVE ( 'NONE', #5149, #3765, #1752, .T. ) ;
#5177 = VECTOR ( 'NONE', #3896, 1000.000000000000000 ) ;
#5178 = ORIENTED_EDGE ( 'NONE', *, *, #862, .F. ) ;
#5179 = ORIENTED_EDGE ( 'NONE', *, *, #2217, .F. ) ;
#5180 = CYLINDRICAL_SURFACE ( 'NONE', #882, 0.5999999999999998668 ) ;
#5181 = EDGE_CURVE ( 'NONE', #3718, #596, #2920, .T. ) ;
#5182 = DIRECTION ( 'NONE',  ( 0.000000000000000000, 0.000000000000000000, -1.000000000000000000 ) ) ;
#5183 = ADVANCED_FACE ( 'NONE', ( #2417 ), #5344, .T. ) ;
#5184 = ORIENTED_EDGE ( 'NONE', *, *, #3448, .F. ) ;
#5185 = PLANE ( 'NONE',  #1460 ) ;
#5186 = DIRECTION ( 'NONE',  ( -1.000000000000000000, -3.758567531283122007E-15, 0.000000000000000000 ) ) ;
#5187 = ORIENTED_EDGE ( 'NONE', *, *, #3863, .F. ) ;
#5188 = EDGE_LOOP ( 'NONE', ( #1349, #5358, #3234, #4892 ) ) ;
#5189 = DIRECTION ( 'NONE',  ( 0.000000000000000000, -1.000000000000000000, 0.000000000000000000 ) ) ;
#5190 = CYLINDRICAL_SURFACE ( 'NONE', #5394, 0.6000000000000033085 ) ;
#5191 = CARTESIAN_POINT ( 'NONE',  ( -7.199999999999993072, 0.000000000000000000, 3.749999999999996003 ) ) ;
#5192 = ADVANCED_FACE ( 'NONE', ( #1950 ), #4282, .T. ) ;
#5193 = CARTESIAN_POINT ( 'NONE',  ( 12.20000000000001528, 24.75000000000001421, -5.750000000000002665 ) ) ;
#5194 = VECTOR ( 'NONE', #5025, 1000.000000000000000 ) ;
#5195 = ORIENTED_EDGE ( 'NONE', *, *, #6194, .F. ) ;
#5196 = LINE ( 'NONE', #1335, #1358 ) ;
#5197 = DIRECTION ( 'NONE',  ( -1.000000000000000000, 0.000000000000000000, 0.000000000000000000 ) ) ;
#5198 = EDGE_CURVE ( 'NONE', #681, #4094, #2021, .T. ) ;
#5199 = EDGE_CURVE ( 'NONE', #1442, #5704, #3832, .T. ) ;
#5200 = ORIENTED_EDGE ( 'NONE', *, *, #5592, .T. ) ;
#5201 = CARTESIAN_POINT ( 'NONE',  ( 9.999999999999980460, 32.75000000000014211, 10.27283860147173300 ) ) ;
#5202 = EDGE_LOOP ( 'NONE', ( #305, #5003, #3006, #153 ) ) ;
#5203 = ORIENTED_EDGE ( 'NONE', *, *, #3982, .T. ) ;
#5204 = CARTESIAN_POINT ( 'NONE',  ( 2.800001526826709775, 8.749999999999989342, 10.27283860147173300 ) ) ;
#5205 = CARTESIAN_POINT ( 'NONE',  ( -2.000003073249078778, 32.74999999999997868, -7.250000000000002665 ) ) ;
#5206 = CARTESIAN_POINT ( 'NONE',  ( 12.77447440631196329, 36.87842795731027223, -6.736043877732428520 ) ) ;
#5207 = ORIENTED_EDGE ( 'NONE', *, *, #4423, .F. ) ;
#5208 = PLANE ( 'NONE',  #4707 ) ;
#5209 = FACE_OUTER_BOUND ( 'NONE', #4855, .T. ) ;
#5210 = VERTEX_POINT ( 'NONE', #3398 ) ;
#5211 = LINE ( 'NONE', #906, #5342 ) ;
#5212 = EDGE_CURVE ( 'NONE', #5650, #3004, #2825, .T. ) ;
#5213 = CARTESIAN_POINT ( 'NONE',  ( 12.20000000000001528, 8.749999999999987566, -5.750000000000002665 ) ) ;
#5214 = ORIENTED_EDGE ( 'NONE', *, *, #5093, .T. ) ;
#5215 = ORIENTED_EDGE ( 'NONE', *, *, #4049, .F. ) ;
#5216 = LINE ( 'NONE', #3734, #4590 ) ;
#5217 = CARTESIAN_POINT ( 'NONE',  ( -10.19338422907791930, -3.228107152317072348, 11.93058481198698040 ) ) ;
#5218 = CARTESIAN_POINT ( 'NONE',  ( -2.000003073249072116, -24.48182999695897522, -5.750000000000002665 ) ) ;
#5219 = FACE_OUTER_BOUND ( 'NONE', #4510, .T. ) ;
#5220 = FACE_OUTER_BOUND ( 'NONE', #3787, .T. ) ;
#5221 = EDGE_CURVE ( 'NONE', #4806, #4628, #1991, .T. ) ;
#5222 = ORIENTED_EDGE ( 'NONE', *, *, #4745, .F. ) ;
#5223 = CARTESIAN_POINT ( 'NONE',  ( -11.87751846447997117, 36.00848128004400195, -12.92603612524161960 ) ) ;
#5224 = PLANE ( 'NONE',  #5880 ) ;
#5225 = ORIENTED_EDGE ( 'NONE', *, *, #5345, .T. ) ;
#5226 = CARTESIAN_POINT ( 'NONE',  ( -7.199999999999993072, 0.000000000000000000, 14.78477331392862659 ) ) ;
#5227 = ORIENTED_EDGE ( 'NONE', *, *, #849, .T. ) ;
#5228 = ORIENTED_EDGE ( 'NONE', *, *, #2807, .T. ) ;
#5229 = CARTESIAN_POINT ( 'NONE',  ( 10.00000000000006750, -24.48182999695897166, -5.750000000000002665 ) ) ;
#5230 = DIRECTION ( 'NONE',  ( 1.445602896647333000E-16, -1.000000000000000000, 0.000000000000000000 ) ) ;
#5231 = FACE_OUTER_BOUND ( 'NONE', #1523, .T. ) ;
#5232 = EDGE_CURVE ( 'NONE', #2346, #255, #2861, .T. ) ;
#5233 = EDGE_CURVE ( 'NONE', #3936, #6139, #5071, .T. ) ;
#5234 = ORIENTED_EDGE ( 'NONE', *, *, #2265, .T. ) ;
#5235 = CARTESIAN_POINT ( 'NONE',  ( -12.11575430128351094, 8.000000000000000000, 7.859088178492557475 ) ) ;
#5236 = CARTESIAN_POINT ( 'NONE',  ( 13.19984395921616915, -2.337923049422162336, -0.3760756800726856586 ) ) ;
#5237 = ORIENTED_EDGE ( 'NONE', *, *, #4121, .T. ) ;
#5238 = DIRECTION ( 'NONE',  ( -0.8622111466057283957, 0.005936987098259605654, -0.5065142553305191919 ) ) ;
#5239 = CARTESIAN_POINT ( 'NONE',  ( 11.80000000000002203, 36.00000000000000711, 4.250000000000127010 ) ) ;
#5240 = ORIENTED_EDGE ( 'NONE', *, *, #5433, .F. ) ;
#5241 = ORIENTED_EDGE ( 'NONE', *, *, #5739, .T. ) ;
#5242 = CARTESIAN_POINT ( 'NONE',  ( 0.000000000000000000, 36.39999999999999858, 0.000000000000000000 ) ) ;
#5243 = LINE ( 'NONE', #942, #2579 ) ;
#5244 = CARTESIAN_POINT ( 'NONE',  ( 13.70000000000001350, -1.727981330668019844, -0.3488893001069729438 ) ) ;
#5245 = CARTESIAN_POINT ( 'NONE',  ( 7.599999999999639044, 8.749999999999991118, -7.250000000000002665 ) ) ;
#5246 = AXIS2_PLACEMENT_3D ( 'NONE', #1428, #5703, #2863 ) ;
#5247 = LINE ( 'NONE', #6162, #2432 ) ;
#5248 = ORIENTED_EDGE ( 'NONE', *, *, #1777, .T. ) ;
#5249 = PLANE ( 'NONE',  #3055 ) ;
#5250 = CARTESIAN_POINT ( 'NONE',  ( 13.10000000000001563, 0.8454159484245962197, 6.112990915244731482 ) ) ;
#5251 = ORIENTED_EDGE ( 'NONE', *, *, #6017, .F. ) ;
#5252 = CARTESIAN_POINT ( 'NONE',  ( 2.800001526826709775, 8.749999999999989342, -7.250000000000002665 ) ) ;
#5253 = ORIENTED_EDGE ( 'NONE', *, *, #2550, .F. ) ;
#5254 = EDGE_CURVE ( 'NONE', #3316, #5016, #1897, .T. ) ;
#5255 = CARTESIAN_POINT ( 'NONE',  ( 2.800001526826715992, -24.48182999695897166, -5.750000000000002665 ) ) ;
#5256 = CARTESIAN_POINT ( 'NONE',  ( -13.69999999999998508, 37.41751338457485332, 7.284067042931458680 ) ) ;
#5257 = CARTESIAN_POINT ( 'NONE',  ( -6.800000000000382627, 10.74999999999998934, -5.750000000000001776 ) ) ;
#5258 = VECTOR ( 'NONE', #5139, 1000.000000000000000 ) ;
#5259 = VECTOR ( 'NONE', #4015, 1000.000000000000000 ) ;
#5260 = EDGE_LOOP ( 'NONE', ( #3494, #5105, #632, #1486, #294 ) ) ;
#5261 = DIRECTION ( 'NONE',  ( 0.000000000000000000, 0.8191520442889946851, 0.5735764363510418296 ) ) ;
#5262 = VECTOR ( 'NONE', #5803, 1000.000000000000000 ) ;
#5263 = VECTOR ( 'NONE', #5747, 1000.000000000000000 ) ;
#5264 = DIRECTION ( 'NONE',  ( 0.8622111466057283957, 0.005936987098259603919, -0.5065142553305191919 ) ) ;
#5265 = ORIENTED_EDGE ( 'NONE', *, *, #5039, .T. ) ;
#5266 = AXIS2_PLACEMENT_3D ( 'NONE', #3131, #6020, #6085 ) ;
#5267 = CARTESIAN_POINT ( 'NONE',  ( 9.999999999999980460, 32.75000000000014211, -7.250000000000002665 ) ) ;
#5268 = DIRECTION ( 'NONE',  ( 1.000000000000000000, 0.000000000000000000, 0.000000000000000000 ) ) ;
#5269 = VECTOR ( 'NONE', #3426, 1000.000000000000000 ) ;
#5270 = VERTEX_POINT ( 'NONE', #2959 ) ;
#5271 = ORIENTED_EDGE ( 'NONE', *, *, #1272, .F. ) ;
#5272 = DIRECTION ( 'NONE',  ( 0.000000000000000000, 0.000000000000000000, -1.000000000000000000 ) ) ;
#5273 = DIRECTION ( 'NONE',  ( 0.000000000000000000, 0.000000000000000000, -1.000000000000000000 ) ) ;
#5274 = DIRECTION ( 'NONE',  ( -1.000000000000000000, -3.469446951953609456E-15, 0.000000000000000000 ) ) ;
#5275 = DIRECTION ( 'NONE',  ( -3.614007241618299467E-15, 1.000000000000000000, 0.000000000000000000 ) ) ;
#5276 = LINE ( 'NONE', #1545, #4217 ) ;
#5277 = EDGE_CURVE ( 'NONE', #5572, #81, #1489, .T. ) ;
#5278 = ORIENTED_EDGE ( 'NONE', *, *, #1476, .F. ) ;
#5279 = LINE ( 'NONE', #3329, #1560 ) ;
#5280 = LINE ( 'NONE', #1923, #2364 ) ;
#5281 = AXIS2_PLACEMENT_3D ( 'NONE', #3768, #886, #2850 ) ;
#5282 = CARTESIAN_POINT ( 'NONE',  ( -9.052118657942251900, -4.319557166730927378, 11.57940667508160537 ) ) ;
#5283 = ORIENTED_EDGE ( 'NONE', *, *, #4851, .F. ) ;
#5284 = LINE ( 'NONE', #608, #3254 ) ;
#5285 = EDGE_CURVE ( 'NONE', #4164, #5704, #507, .T. ) ;
#5286 = ORIENTED_EDGE ( 'NONE', *, *, #4107, .T. ) ;
#5287 = VERTEX_POINT ( 'NONE', #4339 ) ;
#5288 = CARTESIAN_POINT ( 'NONE',  ( -11.79999999999998650, 8.000000000000000000, 3.749999999999996003 ) ) ;
#5289 = FACE_OUTER_BOUND ( 'NONE', #2889, .T. ) ;
#5290 = AXIS2_PLACEMENT_3D ( 'NONE', #5893, #3539, #5012 ) ;
#5291 = CARTESIAN_POINT ( 'NONE',  ( 2.000000000000091926, 2.750000000000030198, -5.750000000000001776 ) ) ;
#5292 = AXIS2_PLACEMENT_3D ( 'NONE', #408, #498, #4677 ) ;
#5293 = ORIENTED_EDGE ( 'NONE', *, *, #2810, .T. ) ;
#5294 = FACE_OUTER_BOUND ( 'NONE', #2520, .T. ) ;
#5295 = LINE ( 'NONE', #48, #3852 ) ;
#5296 = EDGE_LOOP ( 'NONE', ( #587, #4190, #1018, #1263, #1316 ) ) ;
#5297 = EDGE_CURVE ( 'NONE', #5633, #4033, #4309, .T. ) ;
#5298 = DIRECTION ( 'NONE',  ( 0.000000000000000000, -1.000000000000000000, -0.000000000000000000 ) ) ;
#5299 = DIRECTION ( 'NONE',  ( -1.000000000000000000, 0.000000000000000000, -0.000000000000000000 ) ) ;
#5300 = EDGE_LOOP ( 'NONE', ( #5100, #3033, #402, #6173, #5637, #1531, #4609, #4479, #372, #748, #673 ) ) ;
#5301 = ORIENTED_EDGE ( 'NONE', *, *, #5928, .T. ) ;
#5302 = FILL_AREA_STYLE ('',( #3496 ) ) ;
#5303 = CARTESIAN_POINT ( 'NONE',  ( -13.69990445263198886, -3.657066543417232474, 6.802783709781964561 ) ) ;
#5304 = EDGE_CURVE ( 'NONE', #6086, #4258, #5280, .T. ) ;
#5305 = ADVANCED_FACE ( 'NONE', ( #5854 ), #5224, .T. ) ;
#5306 = VECTOR ( 'NONE', #1278, 1000.000000000000000 ) ;
#5307 = CARTESIAN_POINT ( 'NONE',  ( -8.667819926235441841, 36.39999999999999858, 3.749999999999996003 ) ) ;
#5308 = LINE ( 'NONE', #438, #1758 ) ;
#5309 = LINE ( 'NONE', #4336, #2262 ) ;
#5310 = EDGE_CURVE ( 'NONE', #5686, #4230, #3749, .T. ) ;
#5311 = EDGE_CURVE ( 'NONE', #3056, #2273, #5725, .T. ) ;
#5312 = ORIENTED_EDGE ( 'NONE', *, *, #2505, .F. ) ;
#5313 = DIRECTION ( 'NONE',  ( 0.1342033083150274697, 0.9909538193262599215, -0.000000000000000000 ) ) ;
#5314 = EDGE_CURVE ( 'NONE', #4371, #3626, #2859, .T. ) ;
#5315 = DIRECTION ( 'NONE',  ( 0.000000000000000000, 0.000000000000000000, -1.000000000000000000 ) ) ;
#5316 = FILL_AREA_STYLE_COLOUR ( '', #2362 ) ;
#5317 = ORIENTED_EDGE ( 'NONE', *, *, #3776, .F. ) ;
#5318 = FACE_OUTER_BOUND ( 'NONE', #2041, .T. ) ;
#5319 = VERTEX_POINT ( 'NONE', #131 ) ;
#5320 = DIRECTION ( 'NONE',  ( -4.047688110612539106E-15, 1.000000000000000000, -0.000000000000000000 ) ) ;
#5321 = PLANE ( 'NONE',  #5670 ) ;
#5322 = VECTOR ( 'NONE', #473, 1000.000000000000114 ) ;
#5323 = CARTESIAN_POINT ( 'NONE',  ( 11.80000000000001670, 36.00000000000000711, 3.749999999999996003 ) ) ;
#5324 = LINE ( 'NONE', #3483, #3684 ) ;
#5325 = VECTOR ( 'NONE', #2575, 1000.000000000000000 ) ;
#5326 = ORIENTED_EDGE ( 'NONE', *, *, #5232, .F. ) ;
#5327 = ORIENTED_EDGE ( 'NONE', *, *, #4691, .T. ) ;
#5328 = FACE_OUTER_BOUND ( 'NONE', #701, .T. ) ;
#5329 = DIRECTION ( 'NONE',  ( 0.5063211580031051762, -0.04009181502234137467, 0.8614125209947954831 ) ) ;
#5330 = ORIENTED_EDGE ( 'NONE', *, *, #5615, .T. ) ;
#5331 = DIRECTION ( 'NONE',  ( 0.000000000000000000, 0.000000000000000000, -1.000000000000000000 ) ) ;
#5332 = CARTESIAN_POINT ( 'NONE',  ( 12.20000000000001528, 2.749999999999974687, -5.750000000000002665 ) ) ;
#5333 = ORIENTED_EDGE ( 'NONE', *, *, #4231, .F. ) ;
#5334 = VERTEX_POINT ( 'NONE', #3966 ) ;
#5335 = LINE ( 'NONE', #1940, #3384 ) ;
#5336 = FACE_OUTER_BOUND ( 'NONE', #5666, .T. ) ;
#5337 = LINE ( 'NONE', #974, #1318 ) ;
#5338 = CARTESIAN_POINT ( 'NONE',  ( 10.00000000000005684, 18.75000000000000000, -7.250000000000002665 ) ) ;
#5339 = DIRECTION ( 'NONE',  ( 0.000000000000000000, -1.000000000000000000, 0.000000000000000000 ) ) ;
#5340 = ORIENTED_EDGE ( 'NONE', *, *, #2573, .T. ) ;
#5341 = DIRECTION ( 'NONE',  ( 1.000000000000000000, 3.903127820947819118E-15, 0.000000000000000000 ) ) ;
#5342 = VECTOR ( 'NONE', #936, 1000.000000000000000 ) ;
#5343 = CARTESIAN_POINT ( 'NONE',  ( -9.999999999999966249, 18.75000000000000000, -5.750000000000001776 ) ) ;
#5344 = PLANE ( 'NONE',  #5375 ) ;
#5345 = EDGE_CURVE ( 'NONE', #3004, #3823, #3469, .T. ) ;
#5346 = VECTOR ( 'NONE', #2764, 1000.000000000000000 ) ;
#5347 = EDGE_CURVE ( 'NONE', #1805, #227, #4803, .T. ) ;
#5348 = CARTESIAN_POINT ( 'NONE',  ( -7.600000000000020073, 32.74999999999994316, 10.27283860147173300 ) ) ;
#5349 = VERTEX_POINT ( 'NONE', #5338 ) ;
#5350 = CARTESIAN_POINT ( 'NONE',  ( -7.599999999999933920, 8.749999999999984013, -5.750000000000002665 ) ) ;
#5351 = VERTEX_POINT ( 'NONE', #5721 ) ;
#5352 = EDGE_CURVE ( 'NONE', #1418, #4484, #4368, .T. ) ;
#5353 = DIRECTION ( 'NONE',  ( -0.000000000000000000, -0.000000000000000000, 1.000000000000000000 ) ) ;
#5354 = FACE_OUTER_BOUND ( 'NONE', #3519, .T. ) ;
#5355 = DIRECTION ( 'NONE',  ( 0.000000000000000000, 0.000000000000000000, -1.000000000000000000 ) ) ;
#5356 = CARTESIAN_POINT ( 'NONE',  ( -12.29844125898251050, 36.41373891670399132, 8.076806016650442288 ) ) ;
#5357 = VERTEX_POINT ( 'NONE', #5813 ) ;
#5358 = ORIENTED_EDGE ( 'NONE', *, *, #4462, .T. ) ;
#5359 = PLANE ( 'NONE',  #3798 ) ;
#5360 = EDGE_CURVE ( 'NONE', #243, #416, #911, .T. ) ;
#5361 = VECTOR ( 'NONE', #4345, 1000.000000000000000 ) ;
#5362 = DIRECTION ( 'NONE',  ( 0.000000000000000000, 0.000000000000000000, -1.000000000000000000 ) ) ;
#5363 = ORIENTED_EDGE ( 'NONE', *, *, #1105, .F. ) ;
#5364 = CARTESIAN_POINT ( 'NONE',  ( 11.69999345765108067, 15.49999999999990230, -3.750000000000003553 ) ) ;
#5365 = LINE ( 'NONE', #5434, #2067 ) ;
#5366 = AXIS2_PLACEMENT_3D ( 'NONE', #1142, #634, #4971 ) ;
#5367 = EDGE_CURVE ( 'NONE', #1390, #5572, #1422, .T. ) ;
#5368 = VECTOR ( 'NONE', #5182, 1000.000000000000000 ) ;
#5369 = VERTEX_POINT ( 'NONE', #1945 ) ;
#5370 = VERTEX_POINT ( 'NONE', #2951 ) ;
#5371 = AXIS2_PLACEMENT_3D ( 'NONE', #3319, #1389, #4767 ) ;
#5372 = DIRECTION ( 'NONE',  ( 0.000000000000000000, -0.000000000000000000, 1.000000000000000000 ) ) ;
#5373 = EDGE_CURVE ( 'NONE', #1213, #5543, #4871, .T. ) ;
#5374 = FACE_OUTER_BOUND ( 'NONE', #4197, .T. ) ;
#5375 = AXIS2_PLACEMENT_3D ( 'NONE', #5751, #575, #67 ) ;
#5376 = CARTESIAN_POINT ( 'NONE',  ( -13.69999999999998508, 8.000000000000000000, 9.747118681489814307 ) ) ;
#5377 = CARTESIAN_POINT ( 'NONE',  ( -2.000003073249075669, 8.749999999999989342, -7.250000000000002665 ) ) ;
#5378 = LINE ( 'NONE', #1581, #4815 ) ;
#5379 =( GEOMETRIC_REPRESENTATION_CONTEXT ( 3 ) GLOBAL_UNCERTAINTY_ASSIGNED_CONTEXT ( ( #2189 ) ) GLOBAL_UNIT_ASSIGNED_CONTEXT ( ( #2996, #984, #4843 ) ) REPRESENTATION_CONTEXT ( 'NONE', 'WORKASPACE' ) );
#5380 = ORIENTED_EDGE ( 'NONE', *, *, #1363, .F. ) ;
#5381 = LINE ( 'NONE', #5443, #5002 ) ;
#5382 = CARTESIAN_POINT ( 'NONE',  ( -12.19999999999998508, 0.000000000000000000, -3.750000000000003109 ) ) ;
#5383 = DIRECTION ( 'NONE',  ( 1.825876103599870216E-16, -1.000000000000000000, 0.000000000000000000 ) ) ;
#5384 = EDGE_CURVE ( 'NONE', #4269, #5776, #1918, .T. ) ;
#5385 = DIRECTION ( 'NONE',  ( 0.8660254037844387076, 0.000000000000000000, 0.5000000000000001110 ) ) ;
#5386 = ORIENTED_EDGE ( 'NONE', *, *, #3389, .T. ) ;
#5387 = DIRECTION ( 'NONE',  ( 2.312964634635743450E-15, 1.000000000000000000, 0.000000000000000000 ) ) ;
#5388 = ORIENTED_EDGE ( 'NONE', *, *, #925, .T. ) ;
#5389 = LINE ( 'NONE', #3121, #441 ) ;
#5390 = CARTESIAN_POINT ( 'NONE',  ( 2.000000000000069278, 8.749999999999984013, -5.750000000000002665 ) ) ;
#5391 = PLANE ( 'NONE',  #3498 ) ;
#5392 = ADVANCED_FACE ( 'NONE', ( #5219 ), #3828, .T. ) ;
#5393 = ADVANCED_FACE ( 'NONE', ( #60 ), #3860, .T. ) ;
#5394 = AXIS2_PLACEMENT_3D ( 'NONE', #2792, #1578, #218 ) ;
#5395 = LINE ( 'NONE', #5356, #4997 ) ;
#5396 = ORIENTED_EDGE ( 'NONE', *, *, #3261, .F. ) ;
#5397 = ORIENTED_EDGE ( 'NONE', *, *, #4063, .T. ) ;
#5398 = EDGE_LOOP ( 'NONE', ( #2089, #3091, #4020, #1391 ) ) ;
#5399 = VECTOR ( 'NONE', #2238, 1000.000000000000000 ) ;
#5400 = CARTESIAN_POINT ( 'NONE',  ( -8.667819926235441841, 36.39999999999999858, 3.749999999999996003 ) ) ;
#5401 = DIRECTION ( 'NONE',  ( 0.000000000000000000, -0.000000000000000000, 1.000000000000000000 ) ) ;
#5402 = VECTOR ( 'NONE', #2882, 1000.000000000000000 ) ;
#5403 = EDGE_CURVE ( 'NONE', #3303, #3212, #3326, .T. ) ;
#5404 = VERTEX_POINT ( 'NONE', #5245 ) ;
#5405 = DIRECTION ( 'NONE',  ( -3.469446951953614189E-15, 1.000000000000000000, 0.000000000000000000 ) ) ;
#5406 = FACE_OUTER_BOUND ( 'NONE', #2373, .T. ) ;
#5407 = EDGE_LOOP ( 'NONE', ( #3155, #4578, #2291 ) ) ;
#5408 = ORIENTED_EDGE ( 'NONE', *, *, #4310, .F. ) ;
#5409 = CARTESIAN_POINT ( 'NONE',  ( -8.947604521128440069, 38.20574445506683503, 3.177894971549569014 ) ) ;
#5410 = DIRECTION ( 'NONE',  ( -0.6423794588315989706, -0.03563056038103180195, 0.7655580278712750264 ) ) ;
#5411 = CARTESIAN_POINT ( 'NONE',  ( -13.69903097639461897, -1.812791609566207995, -0.3555766392784094898 ) ) ;
#5412 = LINE ( 'NONE', #2632, #3358 ) ;
#5413 = DIRECTION ( 'NONE',  ( 0.000000000000000000, 0.000000000000000000, -1.000000000000000000 ) ) ;
#5414 = EDGE_LOOP ( 'NONE', ( #823, #3961, #1152, #1246 ) ) ;
#5415 = CARTESIAN_POINT ( 'NONE',  ( 13.70029000000004693, -2.349147038914071839, -0.3488893001069726107 ) ) ;
#5416 = LINE ( 'NONE', #5444, #1057 ) ;
#5417 = VECTOR ( 'NONE', #557, 1000.000000000000000 ) ;
#5418 = ORIENTED_EDGE ( 'NONE', *, *, #2786, .F. ) ;
#5419 = CARTESIAN_POINT ( 'NONE',  ( -0.4000000000000413225, 24.75000000000001421, 10.27283860147173300 ) ) ;
#5420 = ORIENTED_EDGE ( 'NONE', *, *, #470, .T. ) ;
#5421 = LINE ( 'NONE', #1087, #3562 ) ;
#5422 = CARTESIAN_POINT ( 'NONE',  ( 10.19338422907795483, -3.228107152317073236, 11.93058481198697862 ) ) ;
#5423 = PLANE ( 'NONE',  #2088 ) ;
#5424 = DIRECTION ( 'NONE',  ( -3.758567531283075464E-15, 1.000000000000000000, 0.000000000000000000 ) ) ;
#5425 = ORIENTED_EDGE ( 'NONE', *, *, #4275, .F. ) ;
#5426 = ORIENTED_EDGE ( 'NONE', *, *, #4893, .F. ) ;
#5427 = ORIENTED_EDGE ( 'NONE', *, *, #971, .F. ) ;
#5428 = CARTESIAN_POINT ( 'NONE',  ( -4.400000000000479972, 32.74999999999997158, 10.27283860147173300 ) ) ;
#5429 = CARTESIAN_POINT ( 'NONE',  ( -9.999999999999966249, 18.75000000000000000, 10.27283860147173300 ) ) ;
#5430 = ORIENTED_EDGE ( 'NONE', *, *, #715, .T. ) ;
#5431 = EDGE_CURVE ( 'NONE', #3014, #2840, #4742, .T. ) ;
#5432 = DIRECTION ( 'NONE',  ( -0.000000000000000000, -0.000000000000000000, -1.000000000000000000 ) ) ;
#5433 = EDGE_CURVE ( 'NONE', #3216, #3819, #155, .T. ) ;
#5434 = CARTESIAN_POINT ( 'NONE',  ( 8.699993457651235218, 33.39999999999991331, -3.750000000000003553 ) ) ;
#5435 = ORIENTED_EDGE ( 'NONE', *, *, #3308, .F. ) ;
#5436 = ORIENTED_EDGE ( 'NONE', *, *, #4702, .F. ) ;
#5437 = CARTESIAN_POINT ( 'NONE',  ( -0.4000000000000635825, 32.75000000000000000, -7.250000000000002665 ) ) ;
#5438 = PLANE ( 'NONE',  #973 ) ;
#5439 = CARTESIAN_POINT ( 'NONE',  ( 2.800001526826709775, 8.749999999999989342, -7.250000000000002665 ) ) ;
#5440 = CARTESIAN_POINT ( 'NONE',  ( -4.400000000000419575, 16.74999999999999645, -7.250000000000002665 ) ) ;
#5441 = ADVANCED_FACE ( 'NONE', ( #1448 ), #916, .T. ) ;
#5442 = VERTEX_POINT ( 'NONE', #2821 ) ;
#5443 = CARTESIAN_POINT ( 'NONE',  ( 2.800001526826709775, 8.749999999999989342, -7.250000000000002665 ) ) ;
#5444 = CARTESIAN_POINT ( 'NONE',  ( 9.999999999999980460, 32.75000000000014211, 10.27283860147173300 ) ) ;
#5445 = EDGE_CURVE ( 'NONE', #4986, #3345, #5308, .T. ) ;
#5446 = ORIENTED_EDGE ( 'NONE', *, *, #320, .F. ) ;
#5447 = DIRECTION ( 'NONE',  ( 1.000000000000000000, 3.758567531283077042E-15, 0.000000000000000000 ) ) ;
#5448 = EDGE_CURVE ( 'NONE', #4736, #1060, #2886, .T. ) ;
#5449 = VERTEX_POINT ( 'NONE', #1985 ) ;
#5450 = CARTESIAN_POINT ( 'NONE',  ( -9.199999999999958433, 16.74999999999999645, -3.750000000000003553 ) ) ;
#5451 = LINE ( 'NONE', #4067, #1081 ) ;
#5452 = CARTESIAN_POINT ( 'NONE',  ( -12.19999999999998508, 31.00000000000000355, 3.749999999999996003 ) ) ;
#5453 = ORIENTED_EDGE ( 'NONE', *, *, #6005, .F. ) ;
#5454 = VERTEX_POINT ( 'NONE', #4277 ) ;
#5455 = ORIENTED_EDGE ( 'NONE', *, *, #4851, .T. ) ;
#5456 = CARTESIAN_POINT ( 'NONE',  ( 13.12631403136840014, -2.347444199878041537, -0.3530138610830261814 ) ) ;
#5457 = PLANE ( 'NONE',  #1751 ) ;
#5458 = ORIENTED_EDGE ( 'NONE', *, *, #5961, .T. ) ;
#5459 = DIRECTION ( 'NONE',  ( -3.469446951953601567E-15, -1.000000000000000000, 0.000000000000000000 ) ) ;
#5460 = CARTESIAN_POINT ( 'NONE',  ( -9.700006542348816652, 16.74999999999999645, 19.71912865872952736 ) ) ;
#5461 = AXIS2_PLACEMENT_3D ( 'NONE', #1906, #4814, #3813 ) ;
#5462 = VERTEX_POINT ( 'NONE', #3895 ) ;
#5463 = ORIENTED_EDGE ( 'NONE', *, *, #393, .T. ) ;
#5464 = DIRECTION ( 'NONE',  ( -0.4365064527871117539, 0.5160473658072719516, -0.7369920168621834078 ) ) ;
#5465 = DIRECTION ( 'NONE',  ( 1.000000000000000000, -0.000000000000000000, -0.000000000000000000 ) ) ;
#5466 = VECTOR ( 'NONE', #5785, 1000.000000000000000 ) ;
#5467 = ADVANCED_FACE ( 'NONE', ( #6192 ), #1893, .T. ) ;
#5468 = LINE ( 'NONE', #3081, #2407 ) ;
#5469 = LINE ( 'NONE', #1172, #4163 ) ;
#5470 = VECTOR ( 'NONE', #928, 1000.000000000000000 ) ;
#5471 = ORIENTED_EDGE ( 'NONE', *, *, #2795, .T. ) ;
#5472 = FACE_BOUND ( 'NONE', #2098, .T. ) ;
#5473 = LINE ( 'NONE', #4057, #753 ) ;
#5474 = VECTOR ( 'NONE', #3983, 1000.000000000000000 ) ;
#5475 = VECTOR ( 'NONE', #3730, 1000.000000000000000 ) ;
#5476 = VECTOR ( 'NONE', #1107, 1000.000000000000000 ) ;
#5477 = VECTOR ( 'NONE', #4369, 1000.000000000000000 ) ;
#5478 = AXIS2_PLACEMENT_3D ( 'NONE', #1283, #3106, #5112 ) ;
#5479 = EDGE_LOOP ( 'NONE', ( #1914, #4010, #6151, #938 ) ) ;
#5480 = CARTESIAN_POINT ( 'NONE',  ( -5.199999999999960210, 16.74999999999999645, 10.27283860147173300 ) ) ;
#5481 = ORIENTED_EDGE ( 'NONE', *, *, #3869, .F. ) ;
#5482 = CARTESIAN_POINT ( 'NONE',  ( -2.000003073249077445, 24.75000000000001421, -7.250000000000002665 ) ) ;
#5483 = CARTESIAN_POINT ( 'NONE',  ( -2.799997609695375811, 24.75000000000001421, -7.250000000000002665 ) ) ;
#5484 = ORIENTED_EDGE ( 'NONE', *, *, #5969, .F. ) ;
#5485 = ORIENTED_EDGE ( 'NONE', *, *, #2666, .T. ) ;
#5486 = DIRECTION ( 'NONE',  ( -1.000000000000000000, 0.000000000000000000, 1.652117596168388002E-16 ) ) ;
#5487 = PLANE ( 'NONE',  #3057 ) ;
#5488 = ORIENTED_EDGE ( 'NONE', *, *, #5577, .T. ) ;
#5489 = CARTESIAN_POINT ( 'NONE',  ( -7.599999999999996980, 26.75000000000001066, -7.250000000000002665 ) ) ;
#5490 = CARTESIAN_POINT ( 'NONE',  ( -12.76204149542704513, 37.99417086711370928, 7.723763939394067357 ) ) ;
#5491 = ADVANCED_FACE ( 'NONE', ( #124 ), #3995, .F. ) ;
#5492 = VECTOR ( 'NONE', #5125, 1000.000000000000000 ) ;
#5493 = ORIENTED_EDGE ( 'NONE', *, *, #5310, .T. ) ;
#5494 = ORIENTED_EDGE ( 'NONE', *, *, #1723, .T. ) ;
#5495 = VECTOR ( 'NONE', #6120, 1000.000000000000000 ) ;
#5496 = DIRECTION ( 'NONE',  ( 0.000000000000000000, -0.3816100639523988258, 0.9243234061140321867 ) ) ;
#5497 = CARTESIAN_POINT ( 'NONE',  ( 8.846433483388040031, 37.60639324704082043, 3.749999999999992006 ) ) ;
#5498 = EDGE_CURVE ( 'NONE', #1774, #3637, #4457, .T. ) ;
#5499 = CARTESIAN_POINT ( 'NONE',  ( 12.20000000000001528, 16.75000000000000000, -5.750000000000002665 ) ) ;
#5500 = CARTESIAN_POINT ( 'NONE',  ( -5.199999999999966427, 18.75000000000000000, -5.750000000000001776 ) ) ;
#5501 = VECTOR ( 'NONE', #5688, 1000.000000000000000 ) ;
#5502 = VERTEX_POINT ( 'NONE', #5912 ) ;
#5503 = EDGE_CURVE ( 'NONE', #5762, #3978, #3925, .T. ) ;
#5504 = FACE_OUTER_BOUND ( 'NONE', #147, .T. ) ;
#5505 = DIRECTION ( 'NONE',  ( 0.6427876096865438038, -0.000000000000000000, -0.7660444431189743497 ) ) ;
#5506 = EDGE_CURVE ( 'NONE', #603, #1326, #4426, .T. ) ;
#5507 = EDGE_LOOP ( 'NONE', ( #1696, #3972, #2715, #2997 ) ) ;
#5508 = LINE ( 'NONE', #1210, #3445 ) ;
#5509 = EDGE_CURVE ( 'NONE', #4799, #5681, #5845, .T. ) ;
#5510 = ORIENTED_EDGE ( 'NONE', *, *, #5304, .T. ) ;
#5511 = LINE ( 'NONE', #2999, #2949 ) ;
#5512 = CARTESIAN_POINT ( 'NONE',  ( -12.18067608103240929, 37.40000000000000568, -7.250000000000002665 ) ) ;
#5513 = VECTOR ( 'NONE', #4511, 1000.000000000000000 ) ;
#5514 = LINE ( 'NONE', #325, #3141 ) ;
#5515 = VERTEX_POINT ( 'NONE', #665 ) ;
#5516 = ORIENTED_EDGE ( 'NONE', *, *, #2800, .T. ) ;
#5517 = CARTESIAN_POINT ( 'NONE',  ( 11.70000000000001350, 7.499999999999902300, -3.750000000000003109 ) ) ;
#5518 = CARTESIAN_POINT ( 'NONE',  ( -2.799997609695374923, 8.749999999999989342, -7.250000000000002665 ) ) ;
#5519 = ORIENTED_EDGE ( 'NONE', *, *, #2155, .F. ) ;
#5520 = CARTESIAN_POINT ( 'NONE',  ( -9.700006542348765137, 32.74999999999993605, 19.71912865872952736 ) ) ;
#5521 = VERTEX_POINT ( 'NONE', #629 ) ;
#5522 = EDGE_LOOP ( 'NONE', ( #389, #3752, #5435, #1793 ) ) ;
#5523 = CARTESIAN_POINT ( 'NONE',  ( 13.10000000000001208, 17.38988413759290452, -18.56102642909726441 ) ) ;
#5524 = CARTESIAN_POINT ( 'NONE',  ( -11.79999999999998650, 36.00000000000000711, 4.249999999999995559 ) ) ;
#5525 = DIRECTION ( 'NONE',  ( -4.915049848601068871E-15, 1.000000000000000000, 0.000000000000000000 ) ) ;
#5526 = LINE ( 'NONE', #2693, #1166 ) ;
#5527 = ORIENTED_EDGE ( 'NONE', *, *, #6132, .T. ) ;
#5528 = LINE ( 'NONE', #2696, #2989 ) ;
#5529 = DIRECTION ( 'NONE',  ( -1.000000000000000000, 0.000000000000000000, 0.000000000000000000 ) ) ;
#5530 = ORIENTED_EDGE ( 'NONE', *, *, #1041, .F. ) ;
#5531 = DIRECTION ( 'NONE',  ( -0.000000000000000000, 1.000000000000000000, -0.000000000000000000 ) ) ;
#5532 = ORIENTED_EDGE ( 'NONE', *, *, #2961, .F. ) ;
#5533 = DIRECTION ( 'NONE',  ( -0.1327528877080236536, 0.3782324969206073972, -0.9161423738035391340 ) ) ;
#5534 = CARTESIAN_POINT ( 'NONE',  ( -8.667928095407955169, 37.60639324704082043, 3.749999999999996003 ) ) ;
#5535 = ADVANCED_FACE ( 'NONE', ( #5972 ), #162, .T. ) ;
#5536 = LINE ( 'NONE', #3744, #427 ) ;
#5537 = VERTEX_POINT ( 'NONE', #5882 ) ;
#5538 = EDGE_CURVE ( 'NONE', #5502, #4442, #1643, .T. ) ;
#5539 = ORIENTED_EDGE ( 'NONE', *, *, #3659, .T. ) ;
#5540 = DIRECTION ( 'NONE',  ( 1.000000000000000000, 0.000000000000000000, 0.000000000000000000 ) ) ;
#5541 = DIRECTION ( 'NONE',  ( -0.5065490486308656948, 0.01010550995448438079, -0.8621519239668404833 ) ) ;
#5542 = AXIS2_PLACEMENT_3D ( 'NONE', #5773, #5238, #430 ) ;
#5543 = VERTEX_POINT ( 'NONE', #190 ) ;
#5544 = VECTOR ( 'NONE', #4536, 1000.000000000000000 ) ;
#5545 = CARTESIAN_POINT ( 'NONE',  ( 13.70000000000001528, 0.5330757180935511430, 5.512990915244730949 ) ) ;
#5546 = EDGE_CURVE ( 'NONE', #5918, #2912, #5412, .T. ) ;
#5547 = ORIENTED_EDGE ( 'NONE', *, *, #3341, .T. ) ;
#5548 = ORIENTED_EDGE ( 'NONE', *, *, #2922, .F. ) ;
#5549 = DIRECTION ( 'NONE',  ( 0.000000000000000000, -0.9961946980917455452, -0.08715574274765836016 ) ) ;
#5550 = LINE ( 'NONE', #4550, #274 ) ;
#5551 = DIRECTION ( 'NONE',  ( 0.000000000000000000, -1.000000000000000000, -0.000000000000000000 ) ) ;
#5552 = EDGE_CURVE ( 'NONE', #6156, #4094, #4025, .T. ) ;
#5553 = LINE ( 'NONE', #1821, #1672 ) ;
#5554 = ORIENTED_EDGE ( 'NONE', *, *, #925, .F. ) ;
#5555 = DIRECTION ( 'NONE',  ( -1.000000000000000000, 3.252606517456512119E-15, 0.000000000000000000 ) ) ;
#5556 = DIRECTION ( 'NONE',  ( 2.782785576046121079E-15, -1.000000000000000000, 0.000000000000000000 ) ) ;
#5557 = AXIS2_PLACEMENT_3D ( 'NONE', #1557, #4982, #2588 ) ;
#5558 = CARTESIAN_POINT ( 'NONE',  ( 12.20000000000001528, 36.39999999999999858, -3.750000000000003109 ) ) ;
#5559 = VECTOR ( 'NONE', #1876, 1000.000000000000000 ) ;
#5560 = ORIENTED_EDGE ( 'NONE', *, *, #3671, .F. ) ;
#5561 = PLANE ( 'NONE',  #229 ) ;
#5562 = VECTOR ( 'NONE', #2749, 1000.000000000000000 ) ;
#5563 = ORIENTED_EDGE ( 'NONE', *, *, #3084, .F. ) ;
#5564 = AXIS2_PLACEMENT_3D ( 'NONE', #2437, #5298, #5331 ) ;
#5565 = VECTOR ( 'NONE', #252, 1000.000000000000000 ) ;
#5566 = DIRECTION ( 'NONE',  ( 0.000000000000000000, 0.000000000000000000, -1.000000000000000000 ) ) ;
#5567 = ADVANCED_FACE ( 'NONE', ( #2576 ), #4495, .F. ) ;
#5568 = LINE ( 'NONE', #3775, #5399 ) ;
#5569 = VECTOR ( 'NONE', #5786, 1000.000000000000000 ) ;
#5570 = ORIENTED_EDGE ( 'NONE', *, *, #3237, .F. ) ;
#5571 = CARTESIAN_POINT ( 'NONE',  ( -13.09999999999998543, -2.349147038914071839, -0.3488893001069726107 ) ) ;
#5572 = VERTEX_POINT ( 'NONE', #5500 ) ;
#5573 = ORIENTED_EDGE ( 'NONE', *, *, #5509, .F. ) ;
#5574 = LINE ( 'NONE', #1775, #5013 ) ;
#5575 = DIRECTION ( 'NONE',  ( 0.000000000000000000, 0.000000000000000000, 1.000000000000000000 ) ) ;
#5576 = EDGE_CURVE ( 'NONE', #2954, #3648, #2115, .T. ) ;
#5577 = EDGE_CURVE ( 'NONE', #4094, #1414, #5469, .T. ) ;
#5578 = CARTESIAN_POINT ( 'NONE',  ( 2.800001526826714215, -24.48182999695897166, -5.750000000000002665 ) ) ;
#5579 = EDGE_LOOP ( 'NONE', ( #538, #2204, #829, #721 ) ) ;
#5580 = EDGE_CURVE ( 'NONE', #5454, #4950, #696, .T. ) ;
#5581 = CYLINDRICAL_SURFACE ( 'NONE', #5478, 0.5999999999999998668 ) ;
#5582 = ORIENTED_EDGE ( 'NONE', *, *, #3201, .T. ) ;
#5583 = VERTEX_POINT ( 'NONE', #4524 ) ;
#5584 = LINE ( 'NONE', #3700, #1782 ) ;
#5585 = ADVANCED_FACE ( 'NONE', ( #601 ), #220, .T. ) ;
#5586 =( NAMED_UNIT ( * ) SI_UNIT ( $, .STERADIAN. ) SOLID_ANGLE_UNIT ( ) );
#5587 = CARTESIAN_POINT ( 'NONE',  ( -13.69996159345883058, 37.77604674298502374, -0.3491543478990766780 ) ) ;
#5588 = VECTOR ( 'NONE', #4492, 1000.000000000000000 ) ;
#5589 = FACE_OUTER_BOUND ( 'NONE', #720, .T. ) ;
#5590 = CARTESIAN_POINT ( 'NONE',  ( -10.00000000000001421, 31.89999999999998437, -3.750000000000003553 ) ) ;
#5591 = EDGE_LOOP ( 'NONE', ( #4489, #801, #1832, #1268, #6116, #3473, #3612 ) ) ;
#5592 = EDGE_CURVE ( 'NONE', #4444, #1822, #3460, .T. ) ;
#5593 = DIRECTION ( 'NONE',  ( 0.000000000000000000, 0.000000000000000000, -1.000000000000000000 ) ) ;
#5594 = VECTOR ( 'NONE', #3098, 1000.000000000000000 ) ;
#5595 = CARTESIAN_POINT ( 'NONE',  ( -2.799997609695374479, 2.749999999999976463, 10.27283860147173300 ) ) ;
#5596 = PLANE ( 'NONE',  #2315 ) ;
#5597 = ORIENTED_EDGE ( 'NONE', *, *, #128, .F. ) ;
#5598 = VERTEX_POINT ( 'NONE', #5377 ) ;
#5599 = LINE ( 'NONE', #3275, #1745 ) ;
#5600 = CARTESIAN_POINT ( 'NONE',  ( 2.000000000000035971, 24.75000000000001421, -5.750000000000001776 ) ) ;
#5601 = ADVANCED_FACE ( 'NONE', ( #2015 ), #2172, .T. ) ;
#5602 = VERTEX_POINT ( 'NONE', #1292 ) ;
#5603 = DIRECTION ( 'NONE',  ( 1.000000000000000000, 0.000000000000000000, 0.000000000000000000 ) ) ;
#5604 = ORIENTED_EDGE ( 'NONE', *, *, #5042, .T. ) ;
#5605 = ORIENTED_EDGE ( 'NONE', *, *, #519, .F. ) ;
#5606 = PLANE ( 'NONE',  #3109 ) ;
#5607 = CARTESIAN_POINT ( 'NONE',  ( -9.999999999999946709, 12.49999999999998579, 19.71912865872952736 ) ) ;
#5608 = LINE ( 'NONE', #3661, #347 ) ;
#5609 = VECTOR ( 'NONE', #6209, 1000.000000000000000 ) ;
#5610 = ORIENTED_EDGE ( 'NONE', *, *, #519, .T. ) ;
#5611 = LINE ( 'NONE', #5142, #52 ) ;
#5612 = ORIENTED_EDGE ( 'NONE', *, *, #2744, .T. ) ;
#5613 = FACE_OUTER_BOUND ( 'NONE', #5925, .T. ) ;
#5614 = LINE ( 'NONE', #426, #3855 ) ;
#5615 = EDGE_CURVE ( 'NONE', #3216, #5964, #5553, .T. ) ;
#5616 = CARTESIAN_POINT ( 'NONE',  ( -11.69999999999998153, 36.39999999999999858, 1.949999999999995959 ) ) ;
#5617 = EDGE_CURVE ( 'NONE', #2533, #3073, #5526, .T. ) ;
#5618 = LINE ( 'NONE', #3232, #5475 ) ;
#5619 = CARTESIAN_POINT ( 'NONE',  ( -10.19338422907791575, -3.719598378890466073, 11.58643895017634762 ) ) ;
#5620 = EDGE_LOOP ( 'NONE', ( #5848, #2415, #2592 ) ) ;
#5621 = ADVANCED_FACE ( 'NONE', ( #4614 ), #5999, .T. ) ;
#5622 = LINE ( 'NONE', #4272, #5501 ) ;
#5623 = VECTOR ( 'NONE', #6161, 1000.000000000000000 ) ;
#5624 = CARTESIAN_POINT ( 'NONE',  ( -7.199999999999991296, 2.499999999999997335, 3.750000000000003997 ) ) ;
#5625 = VECTOR ( 'NONE', #5844, 1000.000000000000114 ) ;
#5626 = EDGE_CURVE ( 'NONE', #596, #3166, #1957, .T. ) ;
#5627 = DIRECTION ( 'NONE',  ( 1.445602896647336451E-16, -1.000000000000000000, 0.000000000000000000 ) ) ;
#5628 = CARTESIAN_POINT ( 'NONE',  ( -8.667819926235441841, 36.39999999999999858, 3.749999999999996003 ) ) ;
#5629 = ORIENTED_EDGE ( 'NONE', *, *, #4007, .T. ) ;
#5630 = CARTESIAN_POINT ( 'NONE',  ( -13.27930488780376272, 37.39481965908768757, 7.999906108514724501 ) ) ;
#5631 = CARTESIAN_POINT ( 'NONE',  ( -4.400000000000419575, 16.74999999999999645, 10.27283860147173300 ) ) ;
#5632 = EDGE_CURVE ( 'NONE', #3588, #5598, #6093, .T. ) ;
#5633 = VERTEX_POINT ( 'NONE', #5590 ) ;
#5634 = CARTESIAN_POINT ( 'NONE',  ( 12.20000000000000462, 8.000000000000000000, 5.686195996001614184 ) ) ;
#5635 = ADVANCED_FACE ( 'NONE', ( #5121 ), #2258, .T. ) ;
#5636 = ORIENTED_EDGE ( 'NONE', *, *, #4981, .F. ) ;
#5637 = ORIENTED_EDGE ( 'NONE', *, *, #568, .T. ) ;
#5638 = DIRECTION ( 'NONE',  ( -0.000000000000000000, -0.000000000000000000, -1.000000000000000000 ) ) ;
#5639 = EDGE_CURVE ( 'NONE', #921, #6122, #881, .T. ) ;
#5640 = LINE ( 'NONE', #1841, #4857 ) ;
#5641 = CARTESIAN_POINT ( 'NONE',  ( -13.09999999999998543, 38.02093129305364272, 7.148789572207892462 ) ) ;
#5642 = ORIENTED_EDGE ( 'NONE', *, *, #3589, .T. ) ;
#5643 = LINE ( 'NONE', #5856, #764 ) ;
#5644 = ORIENTED_EDGE ( 'NONE', *, *, #4473, .T. ) ;
#5645 = CARTESIAN_POINT ( 'NONE',  ( -7.199999999999993072, 0.000000000000000000, 14.78477331392862659 ) ) ;
#5646 = AXIS2_PLACEMENT_3D ( 'NONE', #2531, #85, #2037 ) ;
#5647 = LINE ( 'NONE', #3315, #5368 ) ;
#5648 = EDGE_CURVE ( 'NONE', #3890, #1629, #4585, .T. ) ;
#5649 = VECTOR ( 'NONE', #2090, 1000.000000000000000 ) ;
#5650 = VERTEX_POINT ( 'NONE', #815 ) ;
#5651 = CARTESIAN_POINT ( 'NONE',  ( -9.087369741824089076, 36.34642072860333428, 4.249999999999995559 ) ) ;
#5652 = CARTESIAN_POINT ( 'NONE',  ( -9.700006542348765137, 32.74999999999992895, -3.750000000000003553 ) ) ;
#5653 = ORIENTED_EDGE ( 'NONE', *, *, #568, .F. ) ;
#5654 = VERTEX_POINT ( 'NONE', #5652 ) ;
#5655 = PLANE ( 'NONE',  #6101 ) ;
#5656 = CARTESIAN_POINT ( 'NONE',  ( -0.3999999999999038769, -24.48182999695900364, -5.750000000000002665 ) ) ;
#5657 = EDGE_CURVE ( 'NONE', #2525, #1097, #3233, .T. ) ;
#5658 = CARTESIAN_POINT ( 'NONE',  ( -12.19999999999998508, 36.39999999999999858, 3.749999999999996003 ) ) ;
#5659 = CARTESIAN_POINT ( 'NONE',  ( -43.01841849955686570, 0.000000000000000000, 7.320370016855336281 ) ) ;
#5660 = VECTOR ( 'NONE', #5353, 1000.000000000000000 ) ;
#5661 = ORIENTED_EDGE ( 'NONE', *, *, #3085, .T. ) ;
#5662 = CARTESIAN_POINT ( 'NONE',  ( -13.10877486174827311, -2.349147038914070951, -0.3488893001069754973 ) ) ;
#5663 = CARTESIAN_POINT ( 'NONE',  ( -11.69999999999998153, 0.000000000000000000, 1.949999999999995959 ) ) ;
#5664 = VECTOR ( 'NONE', #2023, 1000.000000000000000 ) ;
#5665 = VECTOR ( 'NONE', #3534, 1000.000000000000000 ) ;
#5666 = EDGE_LOOP ( 'NONE', ( #2998, #3321, #206 ) ) ;
#5667 = PLANE ( 'NONE',  #5246 ) ;
#5668 = VECTOR ( 'NONE', #812, 1000.000000000000000 ) ;
#5669 = EDGE_LOOP ( 'NONE', ( #3743, #4331, #204, #3453 ) ) ;
#5670 = AXIS2_PLACEMENT_3D ( 'NONE', #487, #9, #4787 ) ;
#5671 = EDGE_LOOP ( 'NONE', ( #1473, #198, #5326, #3824 ) ) ;
#5672 = DIRECTION ( 'NONE',  ( -0.000000000000000000, -1.000000000000000000, 0.000000000000000000 ) ) ;
#5673 = CARTESIAN_POINT ( 'NONE',  ( -9.199999999999906919, 2.749999999999934719, -7.250000000000002665 ) ) ;
#5674 = DIRECTION ( 'NONE',  ( 4.047688110612576182E-15, -1.000000000000000000, 0.000000000000000000 ) ) ;
#5675 = AXIS2_PLACEMENT_3D ( 'NONE', #3348, #5715, #5268 ) ;
#5676 = VECTOR ( 'NONE', #536, 1000.000000000000000 ) ;
#5677 = VERTEX_POINT ( 'NONE', #341 ) ;
#5678 = ORIENTED_EDGE ( 'NONE', *, *, #2234, .T. ) ;
#5679 = DIRECTION ( 'NONE',  ( 0.000000000000000000, 1.000000000000000000, 0.000000000000000000 ) ) ;
#5680 = CARTESIAN_POINT ( 'NONE',  ( -2.799997609695374479, 2.749999999999976463, -7.250000000000002665 ) ) ;
#5681 = VERTEX_POINT ( 'NONE', #2225 ) ;
#5682 =( BOUNDED_CURVE ( )  B_SPLINE_CURVE ( 3, ( #2714, #5050, #5021, #3194 ),
 .UNSPECIFIED., .F., .F. ) 
 B_SPLINE_CURVE_WITH_KNOTS ( ( 4, 4 ),
 ( 1.570796326794896780, 1.612897278311340887 ),
 .UNSPECIFIED. ) 
 CURVE ( )  GEOMETRIC_REPRESENTATION_ITEM ( )  RATIONAL_B_SPLINE_CURVE ( ( 1.000000000000000000, 0.9998522979444139924, 0.9998522979444139924, 1.000000000000000000 ) ) 
 REPRESENTATION_ITEM ( '' )  );
#5683 = EDGE_CURVE ( 'NONE', #2611, #6058, #5089, .T. ) ;
#5684 = FACE_OUTER_BOUND ( 'NONE', #5398, .T. ) ;
#5685 = DIRECTION ( 'NONE',  ( 0.1434064628873744918, 0.000000000000000000, -0.9896638754658735326 ) ) ;
#5686 = VERTEX_POINT ( 'NONE', #1792 ) ;
#5687 = VERTEX_POINT ( 'NONE', #3704 ) ;
#5688 = DIRECTION ( 'NONE',  ( -0.000000000000000000, -1.000000000000000000, -0.000000000000000000 ) ) ;
#5689 = CARTESIAN_POINT ( 'NONE',  ( 12.20000000000001528, 18.75000000000000355, -5.750000000000002665 ) ) ;
#5690 = VECTOR ( 'NONE', #339, 1000.000000000000000 ) ;
#5691 = CARTESIAN_POINT ( 'NONE',  ( -13.69999999999998330, 37.41398764543116329, 7.284025716813613549 ) ) ;
#5692 = DIRECTION ( 'NONE',  ( 1.309212168439198104E-16, -1.000000000000000000, -9.035018104045870941E-16 ) ) ;
#5693 = CARTESIAN_POINT ( 'NONE',  ( 0.3999999999998308797, 8.749999999999989342, -7.250000000000002665 ) ) ;
#5694 = EDGE_CURVE ( 'NONE', #1226, #4096, #4365, .T. ) ;
#5695 = AXIS2_PLACEMENT_3D ( 'NONE', #2767, #6038, #797 ) ;
#5696 = ORIENTED_EDGE ( 'NONE', *, *, #3724, .T. ) ;
#5697 = LINE ( 'NONE', #4807, #4655 ) ;
#5698 = AXIS2_PLACEMENT_3D ( 'NONE', #4363, #2913, #1134 ) ;
#5699 = PLANE ( 'NONE',  #2565 ) ;
#5700 = EDGE_CURVE ( 'NONE', #1853, #3543, #6124, .T. ) ;
#5701 = EDGE_CURVE ( 'NONE', #609, #1670, #5056, .T. ) ;
#5702 = EDGE_LOOP ( 'NONE', ( #692, #4054, #4315, #5554 ) ) ;
#5703 = DIRECTION ( 'NONE',  ( 4.336808689942434255E-15, -1.000000000000000000, 0.000000000000000000 ) ) ;
#5704 = VERTEX_POINT ( 'NONE', #4140 ) ;
#5705 = ORIENTED_EDGE ( 'NONE', *, *, #3624, .F. ) ;
#5706 = CARTESIAN_POINT ( 'NONE',  ( 13.10000000000001563, -4.258735985261888679, 6.777793669235156138 ) ) ;
#5707 = DIRECTION ( 'NONE',  ( 0.000000000000000000, 0.000000000000000000, -1.000000000000000000 ) ) ;
#5708 = CARTESIAN_POINT ( 'NONE',  ( 12.70000000000000995, 0.3468173662064332752, -6.878966038371442160 ) ) ;
#5709 = ORIENTED_EDGE ( 'NONE', *, *, #2209, .F. ) ;
#5710 = LINE ( 'NONE', #3197, #1187 ) ;
#5711 = CARTESIAN_POINT ( 'NONE',  ( -7.600000000000020073, 32.74999999999994316, -7.250000000000002665 ) ) ;
#5712 = VECTOR ( 'NONE', #4103, 1000.000000000000000 ) ;
#5713 = EDGE_LOOP ( 'NONE', ( #1706, #5265, #1298, #3005 ) ) ;
#5714 = DIRECTION ( 'NONE',  ( 4.047688110612593537E-15, -1.000000000000000000, 0.000000000000000000 ) ) ;
#5715 = DIRECTION ( 'NONE',  ( 0.000000000000000000, 1.000000000000000000, 0.000000000000000000 ) ) ;
#5716 = ORIENTED_EDGE ( 'NONE', *, *, #4712, .T. ) ;
#5717 = ORIENTED_EDGE ( 'NONE', *, *, #2888, .F. ) ;
#5718 = DIRECTION ( 'NONE',  ( 1.000000000000000000, 0.000000000000000000, 0.000000000000000000 ) ) ;
#5719 = LINE ( 'NONE', #3893, #472 ) ;
#5720 = CARTESIAN_POINT ( 'NONE',  ( -0.3999999999999814260, 2.749999999999999112, 10.27283860147173300 ) ) ;
#5721 = CARTESIAN_POINT ( 'NONE',  ( -11.69999999999998330, 2.299999999999906120, -3.750000000000002665 ) ) ;
#5722 = EDGE_CURVE ( 'NONE', #809, #3719, #1351, .T. ) ;
#5723 = ORIENTED_EDGE ( 'NONE', *, *, #1369, .F. ) ;
#5724 = DIRECTION ( 'NONE',  ( 0.000000000000000000, 0.000000000000000000, -1.000000000000000000 ) ) ;
#5725 = LINE ( 'NONE', #2054, #960 ) ;
#5726 = ORIENTED_EDGE ( 'NONE', *, *, #4745, .T. ) ;
#5727 = CARTESIAN_POINT ( 'NONE',  ( -13.12440399807632652, -0.8696404264132984174, 7.815098396471225506 ) ) ;
#5728 = ORIENTED_EDGE ( 'NONE', *, *, #3801, .F. ) ;
#5729 = CARTESIAN_POINT ( 'NONE',  ( -5.199999999999929123, 8.749999999999989342, 10.27283860147173300 ) ) ;
#5730 = DIRECTION ( 'NONE',  ( 1.000000000000000000, -0.000000000000000000, -0.000000000000000000 ) ) ;
#5731 = FACE_OUTER_BOUND ( 'NONE', #2924, .T. ) ;
#5732 = CARTESIAN_POINT ( 'NONE',  ( 11.80000000000001670, 0.4000000000000000222, 4.249999999999995559 ) ) ;
#5733 = EDGE_CURVE ( 'NONE', #4094, #4863, #755, .T. ) ;
#5734 = EDGE_LOOP ( 'NONE', ( #878, #2025, #4537, #3195 ) ) ;
#5735 = DIRECTION ( 'NONE',  ( 0.000000000000000000, 1.000000000000000000, 0.000000000000000000 ) ) ;
#5736 = CARTESIAN_POINT ( 'NONE',  ( 13.12631403136840014, -2.347444199878041537, -0.3530138610830261814 ) ) ;
#5737 = VERTEX_POINT ( 'NONE', #6026 ) ;
#5738 = FACE_OUTER_BOUND ( 'NONE', #565, .T. ) ;
#5739 = EDGE_CURVE ( 'NONE', #609, #597, #1260, .T. ) ;
#5740 = LINE ( 'NONE', #5213, #1563 ) ;
#5741 = ORIENTED_EDGE ( 'NONE', *, *, #6119, .F. ) ;
#5742 = VERTEX_POINT ( 'NONE', #404 ) ;
#5743 = CARTESIAN_POINT ( 'NONE',  ( 11.70000000000001350, 0.5000000000000000000, 1.949999999999995959 ) ) ;
#5744 = LINE ( 'NONE', #5689, #373 ) ;
#5745 = EDGE_CURVE ( 'NONE', #3634, #1061, #4298, .T. ) ;
#5746 = DIRECTION ( 'NONE',  ( -2.168404344971013207E-15, 1.000000000000000000, 0.000000000000000000 ) ) ;
#5747 = DIRECTION ( 'NONE',  ( 7.228014483236682257E-17, -1.000000000000000000, 0.000000000000000000 ) ) ;
#5748 = DIRECTION ( 'NONE',  ( -0.000000000000000000, -0.000000000000000000, -1.000000000000000000 ) ) ;
#5749 = ORIENTED_EDGE ( 'NONE', *, *, #5576, .F. ) ;
#5750 = FACE_OUTER_BOUND ( 'NONE', #3368, .T. ) ;
#5751 = CARTESIAN_POINT ( 'NONE',  ( 9.200000000000002842, 24.75000000000001421, 10.27283860147173300 ) ) ;
#5752 = SURFACE_STYLE_FILL_AREA ( #2489 ) ;
#5753 = ORIENTED_EDGE ( 'NONE', *, *, #5093, .F. ) ;
#5754 = DIRECTION ( 'NONE',  ( 4.915049848600940286E-15, -1.000000000000000000, 0.000000000000000000 ) ) ;
#5755 = VECTOR ( 'NONE', #4066, 1000.000000000000000 ) ;
#5756 = ORIENTED_EDGE ( 'NONE', *, *, #5538, .T. ) ;
#5757 = LINE ( 'NONE', #2370, #5660 ) ;
#5758 = DIRECTION ( 'NONE',  ( 0.000000000000000000, 0.000000000000000000, -1.000000000000000000 ) ) ;
#5759 = FACE_OUTER_BOUND ( 'NONE', #1602, .T. ) ;
#5760 = AXIS2_PLACEMENT_3D ( 'NONE', #4338, #2824, #28 ) ;
#5761 = VECTOR ( 'NONE', #5929, 1000.000000000000000 ) ;
#5762 = VERTEX_POINT ( 'NONE', #5774 ) ;
#5763 = EDGE_CURVE ( 'NONE', #2286, #3280, #5740, .T. ) ;
#5764 = EDGE_CURVE ( 'NONE', #6122, #3522, #6215, .T. ) ;
#5765 = DIRECTION ( 'NONE',  ( 0.000000000000000000, 1.000000000000000000, 0.000000000000000000 ) ) ;
#5766 = VECTOR ( 'NONE', #5150, 1000.000000000000000 ) ;
#5767 = AXIS2_PLACEMENT_3D ( 'NONE', #3529, #1544, #4934 ) ;
#5768 = CARTESIAN_POINT ( 'NONE',  ( -2.799997609695375811, 24.75000000000001421, 10.27283860147173300 ) ) ;
#5769 = VECTOR ( 'NONE', #1766, 1000.000000000000000 ) ;
#5770 = ORIENTED_EDGE ( 'NONE', *, *, #5928, .F. ) ;
#5771 = ADVANCED_FACE ( 'NONE', ( #2843 ), #2406, .F. ) ;
#5772 = VECTOR ( 'NONE', #4165, 1000.000000000000000 ) ;
#5773 = CARTESIAN_POINT ( 'NONE',  ( 13.70000000000001883, 38.45771770183010574, 7.296259551920313058 ) ) ;
#5774 = CARTESIAN_POINT ( 'NONE',  ( -8.667819926235441841, 37.59641803117588665, 3.749999999999996003 ) ) ;
#5775 = VECTOR ( 'NONE', #3298, 1000.000000000000000 ) ;
#5776 = VERTEX_POINT ( 'NONE', #2816 ) ;
#5777 = EDGE_CURVE ( 'NONE', #4764, #4656, #4328, .T. ) ;
#5778 = EDGE_LOOP ( 'NONE', ( #2439, #5380, #3597, #5430, #1538, #3841, #4610, #5278, #2634, #554 ) ) ;
#5779 = CARTESIAN_POINT ( 'NONE',  ( -11.70000654234876158, 31.89999999999999858, 19.71912865872952736 ) ) ;
#5780 = CARTESIAN_POINT ( 'NONE',  ( -13.69999999999998330, -3.644262969829024978, 6.802771138853422883 ) ) ;
#5781 = FACE_OUTER_BOUND ( 'NONE', #5713, .T. ) ;
#5782 = DIRECTION ( 'NONE',  ( -1.000000000000000000, 4.336808689942015369E-15, 0.000000000000000000 ) ) ;
#5783 = CARTESIAN_POINT ( 'NONE',  ( 12.20000000000000284, 36.39999999999999858, 5.686195996001609743 ) ) ;
#5784 = VERTEX_POINT ( 'NONE', #4735 ) ;
#5785 = DIRECTION ( 'NONE',  ( 1.000000000000000000, -0.000000000000000000, -0.000000000000000000 ) ) ;
#5786 = DIRECTION ( 'NONE',  ( -2.168404344971022180E-16, -1.000000000000000000, 0.000000000000000000 ) ) ;
#5787 = VECTOR ( 'NONE', #6219, 1000.000000000000000 ) ;
#5788 = VERTEX_POINT ( 'NONE', #5239 ) ;
#5789 = CARTESIAN_POINT ( 'NONE',  ( -9.700006542348811323, 18.49999999999998224, -5.750000000000002665 ) ) ;
#5790 = AXIS2_PLACEMENT_3D ( 'NONE', #932, #4170, #1317 ) ;
#5791 = ORIENTED_EDGE ( 'NONE', *, *, #1969, .T. ) ;
#5792 = CARTESIAN_POINT ( 'NONE',  ( 10.19338422907795128, -3.719598378890466073, 11.58643895017634939 ) ) ;
#5793 = CARTESIAN_POINT ( 'NONE',  ( 9.199999999999983302, 32.75000000000014211, -5.750000000000001776 ) ) ;
#5794 = CARTESIAN_POINT ( 'NONE',  ( 11.91105583518257660, 36.00000000000000711, 5.519374004663497146 ) ) ;
#5795 = ADVANCED_FACE ( 'NONE', ( #4827 ), #431, .T. ) ;
#5797 = FACE_BOUND ( 'NONE', #442, .T. ) ;
#5796 = AXIS2_PLACEMENT_3D ( 'NONE', #5729, #5341, #1077 ) ;
#5798 = ORIENTED_EDGE ( 'NONE', *, *, #1211, .T. ) ;
#5799 = ORIENTED_EDGE ( 'NONE', *, *, #5657, .T. ) ;
#5800 = FACE_OUTER_BOUND ( 'NONE', #572, .T. ) ;
#5801 = DIRECTION ( 'NONE',  ( 0.000000000000000000, -1.000000000000000000, -0.000000000000000000 ) ) ;
#5802 = ORIENTED_EDGE ( 'NONE', *, *, #1883, .T. ) ;
#5803 = DIRECTION ( 'NONE',  ( -1.000000000000000000, 0.000000000000000000, 0.000000000000000000 ) ) ;
#5804 = CARTESIAN_POINT ( 'NONE',  ( 12.20000000000001528, 18.75000000000000355, -5.750000000000002665 ) ) ;
#5805 = VERTEX_POINT ( 'NONE', #1000 ) ;
#5806 = ORIENTED_EDGE ( 'NONE', *, *, #3839, .F. ) ;
#5807 = EDGE_CURVE ( 'NONE', #5805, #3611, #937, .T. ) ;
#5808 = CARTESIAN_POINT ( 'NONE',  ( 12.20000000000001528, 2.750000000000099476, -5.750000000000002665 ) ) ;
#5809 = ADVANCED_FACE ( 'NONE', ( #527 ), #2349, .F. ) ;
#5810 = DIRECTION ( 'NONE',  ( -0.9896638754658735326, 0.000000000000000000, 0.1434064628873747138 ) ) ;
#5811 = VECTOR ( 'NONE', #3817, 1000.000000000000000 ) ;
#5812 = CARTESIAN_POINT ( 'NONE',  ( 2.000000000000039968, 32.75000000000003553, -5.750000000000001776 ) ) ;
#5813 = CARTESIAN_POINT ( 'NONE',  ( 5.200000000000038369, 2.750000000000064393, -5.750000000000001776 ) ) ;
#5814 = DIRECTION ( 'NONE',  ( 0.000000000000000000, 0.9243234061140320756, 0.3816100639523990479 ) ) ;
#5815 = EDGE_CURVE ( 'NONE', #2911, #2817, #1416, .T. ) ;
#5816 = VERTEX_POINT ( 'NONE', #4267 ) ;
#5817 = EDGE_LOOP ( 'NONE', ( #4114, #3119, #3642, #3880 ) ) ;
#5818 = FACE_OUTER_BOUND ( 'NONE', #4548, .T. ) ;
#5819 = ADVANCED_FACE ( 'NONE', ( #4358 ), #6185, .T. ) ;
#5820 = CARTESIAN_POINT ( 'NONE',  ( -6.800000000000350653, 2.749999999999948486, -7.250000000000002665 ) ) ;
#5821 = FACE_OUTER_BOUND ( 'NONE', #5579, .T. ) ;
#5822 = ORIENTED_EDGE ( 'NONE', *, *, #2623, .F. ) ;
#5823 = CARTESIAN_POINT ( 'NONE',  ( 10.19338422907795483, -3.719598378890470070, 12.18643895017635082 ) ) ;
#5824 = EDGE_CURVE ( 'NONE', #90, #4402, #2322, .T. ) ;
#5825 = EDGE_LOOP ( 'NONE', ( #2382, #1209, #3412, #4417, #586, #2324, #5573, #4226, #173, #3430 ) ) ;
#5826 = DIRECTION ( 'NONE',  ( -0.8621959493900107629, 0.000000000000000000, -0.5065749153436814867 ) ) ;
#5827 = CARTESIAN_POINT ( 'NONE',  ( -7.599999999999996980, 26.75000000000001066, 10.27283860147173300 ) ) ;
#5828 = AXIS2_PLACEMENT_3D ( 'NONE', #411, #791, #763 ) ;
#5829 = CARTESIAN_POINT ( 'NONE',  ( 8.846433483388040031, 37.60639324704082043, 3.749999999999992006 ) ) ;
#5830 = ADVANCED_FACE ( 'NONE', ( #1886 ), #966, .T. ) ;
#5831 = DIRECTION ( 'NONE',  ( -0.8657910060693960741, 0.02326467448996821785, -0.4998646704161227583 ) ) ;
#5832 = EDGE_LOOP ( 'NONE', ( #3463, #5548, #2823, #50, #2305 ) ) ;
#5833 = ORIENTED_EDGE ( 'NONE', *, *, #6157, .F. ) ;
#5834 = CARTESIAN_POINT ( 'NONE',  ( 12.05552791759129860, 6.623293141662628614, 5.602785000332557885 ) ) ;
#5835 = DIRECTION ( 'NONE',  ( 4.336808689942018525E-15, -1.000000000000000000, 0.000000000000000000 ) ) ;
#5836 = ORIENTED_EDGE ( 'NONE', *, *, #914, .T. ) ;
#5837 = DIRECTION ( 'NONE',  ( 1.000000000000000000, 0.000000000000000000, 0.000000000000000000 ) ) ;
#5838 = CARTESIAN_POINT ( 'NONE',  ( 11.70000000000001350, 0.5000000000000000000, 1.949999999999995959 ) ) ;
#5839 = ORIENTED_EDGE ( 'NONE', *, *, #3278, .F. ) ;
#5840 = EDGE_LOOP ( 'NONE', ( #4749, #4547, #830, #2664 ) ) ;
#5841 = EDGE_CURVE ( 'NONE', #4846, #4094, #1937, .T. ) ;
#5842 = DIRECTION ( 'NONE',  ( 0.000000000000000000, 1.000000000000000000, 0.000000000000000000 ) ) ;
#5843 = DIRECTION ( 'NONE',  ( 4.336808689942018525E-15, -1.000000000000000000, 0.000000000000000000 ) ) ;
#5844 = DIRECTION ( 'NONE',  ( -0.4365064527871117539, -0.5160473658072717296, 0.7369920168621832968 ) ) ;
#5845 = LINE ( 'NONE', #3958, #658 ) ;
#5846 = DIRECTION ( 'NONE',  ( 1.000000000000000000, 0.000000000000000000, 0.000000000000000000 ) ) ;
#5847 =( BOUNDED_CURVE ( )  B_SPLINE_CURVE ( 3, ( #828, #483, #1306, #5727 ),
 .UNSPECIFIED., .F., .F. ) 
 B_SPLINE_CURVE_WITH_KNOTS ( ( 4, 4 ),
 ( 3.431289113407207658, 4.712388980384693227 ),
 .UNSPECIFIED. ) 
 CURVE ( )  GEOMETRIC_REPRESENTATION_ITEM ( )  RATIONAL_B_SPLINE_CURVE ( ( 1.000000000000000000, 0.8678448125604507624, 0.8678448125604507624, 1.000000000000000000 ) ) 
 REPRESENTATION_ITEM ( '' )  );
#5848 = ORIENTED_EDGE ( 'NONE', *, *, #4174, .F. ) ;
#5849 = EDGE_CURVE ( 'NONE', #1805, #4838, #3848, .T. ) ;
#5850 = EDGE_CURVE ( 'NONE', #321, #2368, #3418, .T. ) ;
#5851 = DIRECTION ( 'NONE',  ( 0.000000000000000000, 0.000000000000000000, -1.000000000000000000 ) ) ;
#5852 = VECTOR ( 'NONE', #3948, 1000.000000000000000 ) ;
#5853 = DIRECTION ( 'NONE',  ( -0.000000000000000000, -0.000000000000000000, -1.000000000000000000 ) ) ;
#5854 = FACE_OUTER_BOUND ( 'NONE', #5507, .T. ) ;
#5855 = CLOSED_SHELL ( 'NONE', ( #2488, #3132, #2050, #4461, #3123, #541, #1817, #4927, #2497, #3010, #2543, #4582, #1192, #2353, #1652, #3318, #2691, #2299, #3045, #2610, #6142, #2114, #2424, #5809, #6081, #1383, #4229, #1036, #5111, #939, #1930, #1942, #1737, #4263, #1597, #3846, #3457, #895, #5491, #4311, #1601, #2029, #1003, #982, #485, #3807, #1378, #2617, #4887, #4728, #1708, #1327, #1555, #1315, #6159, #2933, #3686, #1245, #1778, #4236, #4078, #2874, #290, #2290, #398, #1823, #1045, #5830, #5441, #2705, #263, #5535, #1322, #1788, #3158, #1877, #5080, #1936, #2279, #5143, #3387, #5192, #5635, #1175, #2235, #4847, #4823, #2995, #5917, #1331, #3159, #126, #2024, #1248, #4186, #4987, #283, #2342, #5183, #201, #5585, #704, #826, #901, #3351, #6111, #2883, #2317, #1783, #5795, #5601, #1396, #6210, #5157, #3929, #3408, #1834, #202, #3710, #1224, #4053, #5305, #3095, #461, #5392, #2355, #4654, #2284, #5393, #1702, #5771, #4658, #5567, #3866, #4633, #1401, #783, #4042, #4085, #2376, #3789, #2347, #2672, #1300, #4952, #1633, #3558, #43, #1859, #209, #5033, #3215, #4619, #2884, #1434, #2698, #1464, #1574, #3527, #2466, #6028, #5045, #1649, #1656, #2418, #1640, #2736, #4773, #2857, #819, #5903, #195, #6096, #2725, #3362, #4534, #4648, #5467, #4099, #576, #4391, #2430, #2402, #1898, #1744, #615, #3988, #5819, #5621, #1550 ) ) ;
#5856 = CARTESIAN_POINT ( 'NONE',  ( 8.846410161513773573, 8.000000000000000000, 3.749999999999992006 ) ) ;
#5857 = ORIENTED_EDGE ( 'NONE', *, *, #3953, .T. ) ;
#5858 = DIRECTION ( 'NONE',  ( -2.891205793294678622E-15, -1.000000000000000000, 0.000000000000000000 ) ) ;
#5859 = ORIENTED_EDGE ( 'NONE', *, *, #4678, .T. ) ;
#5860 = CARTESIAN_POINT ( 'NONE',  ( -12.13799610634771042, 37.43119400932293672, -7.028043090543800275 ) ) ;
#5861 = CARTESIAN_POINT ( 'NONE',  ( -13.69996895704106521, 37.42103652884616594, 7.284161181342738267 ) ) ;
#5862 = FACE_BOUND ( 'NONE', #4864, .T. ) ;
#5863 = VERTEX_POINT ( 'NONE', #5906 ) ;
#5864 = ORIENTED_EDGE ( 'NONE', *, *, #1242, .T. ) ;
#5865 = DIRECTION ( 'NONE',  ( 0.000000000000000000, 0.000000000000000000, -1.000000000000000000 ) ) ;
#5866 = EDGE_CURVE ( 'NONE', #4838, #6036, #1100, .T. ) ;
#5867 = VECTOR ( 'NONE', #6175, 1000.000000000000000 ) ;
#5868 = DIRECTION ( 'NONE',  ( 1.000000000000000000, 0.000000000000000000, 0.000000000000000000 ) ) ;
#5869 = ORIENTED_EDGE ( 'NONE', *, *, #4576, .T. ) ;
#5870 = VECTOR ( 'NONE', #2624, 1000.000000000000000 ) ;
#5871 = FACE_OUTER_BOUND ( 'NONE', #2811, .T. ) ;
#5872 = CARTESIAN_POINT ( 'NONE',  ( 5.200000000000082778, 16.74999999999999289, 10.27283860147173300 ) ) ;
#5873 = VECTOR ( 'NONE', #2254, 1000.000000000000000 ) ;
#5874 = ORIENTED_EDGE ( 'NONE', *, *, #6005, .T. ) ;
#5875 = ORIENTED_EDGE ( 'NONE', *, *, #5164, .F. ) ;
#5876 = VECTOR ( 'NONE', #2909, 1000.000000000000000 ) ;
#5877 = DIRECTION ( 'NONE',  ( 0.000000000000000000, 0.000000000000000000, -1.000000000000000000 ) ) ;
#5878 = PLANE ( 'NONE',  #3777 ) ;
#5879 = VECTOR ( 'NONE', #4394, 1000.000000000000114 ) ;
#5880 = AXIS2_PLACEMENT_3D ( 'NONE', #3330, #920, #444 ) ;
#5881 = LINE ( 'NONE', #4024, #1622 ) ;
#5882 = CARTESIAN_POINT ( 'NONE',  ( -12.19999999999999218, 8.000000000000000000, 3.749999999999996003 ) ) ;
#5883 = DIRECTION ( 'NONE',  ( 0.9919439218342780418, 0.1266777641736367144, 0.000000000000000000 ) ) ;
#5884 = ORIENTED_EDGE ( 'NONE', *, *, #785, .F. ) ;
#5885 = DIRECTION ( 'NONE',  ( 0.000000000000000000, 1.000000000000000000, 0.000000000000000000 ) ) ;
#5886 = CARTESIAN_POINT ( 'NONE',  ( -5.199999999999904254, 2.749999999999967581, -5.750000000000002665 ) ) ;
#5887 = ORIENTED_EDGE ( 'NONE', *, *, #3550, .F. ) ;
#5888 = DIRECTION ( 'NONE',  ( 1.224646799147353207E-16, 1.000000000000000000, -0.000000000000000000 ) ) ;
#5889 = EDGE_LOOP ( 'NONE', ( #1818, #4451, #1716, #5015 ) ) ;
#5890 = EDGE_CURVE ( 'NONE', #836, #119, #1536, .T. ) ;
#5891 = DIRECTION ( 'NONE',  ( 0.000000000000000000, 0.000000000000000000, -1.000000000000000000 ) ) ;
#5892 = DIRECTION ( 'NONE',  ( 1.000000000000000000, -8.673676616256523664E-15, -0.000000000000000000 ) ) ;
#5893 = CARTESIAN_POINT ( 'NONE',  ( -11.79999999999998650, 31.00000000000000355, 14.78477331392862659 ) ) ;
#5894 = EDGE_CURVE ( 'NONE', #5677, #1418, #5365, .T. ) ;
#5895 = DIRECTION ( 'NONE',  ( 0.000000000000000000, -0.8191520442889950182, -0.5735764363510416075 ) ) ;
#5896 = ORIENTED_EDGE ( 'NONE', *, *, #2795, .F. ) ;
#5897 = ORIENTED_EDGE ( 'NONE', *, *, #2471, .T. ) ;
#5898 = ORIENTED_EDGE ( 'NONE', *, *, #4817, .F. ) ;
#5899 = VECTOR ( 'NONE', #4504, 1000.000000000000000 ) ;
#5900 = LINE ( 'NONE', #3070, #1502 ) ;
#5901 = FACE_OUTER_BOUND ( 'NONE', #34, .T. ) ;
#5902 = VECTOR ( 'NONE', #4237, 1000.000000000000000 ) ;
#5903 = ADVANCED_FACE ( 'NONE', ( #5406 ), #3452, .T. ) ;
#5904 = ORIENTED_EDGE ( 'NONE', *, *, #5701, .F. ) ;
#5905 = CARTESIAN_POINT ( 'NONE',  ( -9.700006542348811323, 18.49999999999998224, 19.71912865872952736 ) ) ;
#5906 = CARTESIAN_POINT ( 'NONE',  ( -10.00000000000001599, 31.89999999999997726, -5.750000000000001776 ) ) ;
#5907 = ORIENTED_EDGE ( 'NONE', *, *, #2541, .F. ) ;
#5908 = ORIENTED_EDGE ( 'NONE', *, *, #3815, .F. ) ;
#5909 = FACE_OUTER_BOUND ( 'NONE', #2606, .T. ) ;
#5910 = DIRECTION ( 'NONE',  ( -3.469446951953609456E-15, 1.000000000000000000, 0.000000000000000000 ) ) ;
#5911 = LINE ( 'NONE', #2511, #211 ) ;
#5912 = CARTESIAN_POINT ( 'NONE',  ( -12.46492097225203466, -0.5426473036372750913, 8.095350681908898949 ) ) ;
#5913 = ORIENTED_EDGE ( 'NONE', *, *, #659, .F. ) ;
#5914 = DIRECTION ( 'NONE',  ( 0.000000000000000000, 1.000000000000000000, 0.000000000000000000 ) ) ;
#5915 = CARTESIAN_POINT ( 'NONE',  ( 0.4000000000000505374, 32.75000000000001421, 10.27283860147173300 ) ) ;
#5916 = AXIS2_PLACEMENT_3D ( 'NONE', #2129, #1190, #1220 ) ;
#5917 = ADVANCED_FACE ( 'NONE', ( #1573 ), #150, .T. ) ;
#5918 = VERTEX_POINT ( 'NONE', #1068 ) ;
#5919 = LINE ( 'NONE', #4002, #832 ) ;
#5920 = VERTEX_POINT ( 'NONE', #3521 ) ;
#5921 = CARTESIAN_POINT ( 'NONE',  ( 13.10581178995771623, 38.36986668977041148, -0.3490399208586781321 ) ) ;
#5922 = LINE ( 'NONE', #4476, #5899 ) ;
#5923 = CARTESIAN_POINT ( 'NONE',  ( 9.170634393811734952, 37.60200105452039310, 3.244370624767469735 ) ) ;
#5924 = ORIENTED_EDGE ( 'NONE', *, *, #2623, .T. ) ;
#5925 = EDGE_LOOP ( 'NONE', ( #3067, #1830, #5286, #307, #5063, #2549, #2561, #2591, #2283, #5975 ) ) ;
#5926 = ORIENTED_EDGE ( 'NONE', *, *, #668, .T. ) ;
#5927 = LINE ( 'NONE', #3544, #795 ) ;
#5928 = EDGE_CURVE ( 'NONE', #227, #6036, #1129, .T. ) ;
#5929 = DIRECTION ( 'NONE',  ( 0.000000000000000000, 0.000000000000000000, -1.000000000000000000 ) ) ;
#5930 = VECTOR ( 'NONE', #1642, 1000.000000000000000 ) ;
#5931 = ORIENTED_EDGE ( 'NONE', *, *, #4203, .F. ) ;
#5932 = LINE ( 'NONE', #4861, #1835 ) ;
#5933 = CARTESIAN_POINT ( 'NONE',  ( 0.3999999999999224176, 18.75000000000000000, 10.27283860147173300 ) ) ;
#5934 = ORIENTED_EDGE ( 'NONE', *, *, #3869, .T. ) ;
#5935 = EDGE_LOOP ( 'NONE', ( #3443, #5934, #1803, #2845 ) ) ;
#5936 = PLANE ( 'NONE',  #1561 ) ;
#5937 = FACE_OUTER_BOUND ( 'NONE', #4642, .T. ) ;
#5938 = EDGE_CURVE ( 'NONE', #1623, #1836, #118, .T. ) ;
#5939 = CARTESIAN_POINT ( 'NONE',  ( -13.69995600911413902, -1.735421758318497210, -0.3491928860799801138 ) ) ;
#5940 = DIRECTION ( 'NONE',  ( 0.6427198263183909743, 0.01452216518407282997, -0.7659636620464601586 ) ) ;
#5941 = ORIENTED_EDGE ( 'NONE', *, *, #3533, .F. ) ;
#5942 = PLANE ( 'NONE',  #5796 ) ;
#5943 = EDGE_CURVE ( 'NONE', #529, #5319, #622, .T. ) ;
#5944 = DIRECTION ( 'NONE',  ( -2.168419154064127366E-15, 1.000000000000000000, 0.000000000000000000 ) ) ;
#5945 = CARTESIAN_POINT ( 'NONE',  ( 0.000000000000000000, 0.000000000000000000, 0.000000000000000000 ) ) ;
#5946 = VERTEX_POINT ( 'NONE', #2532 ) ;
#5947 = CARTESIAN_POINT ( 'NONE',  ( -0.3999999999999967470, 8.749999999999989342, -7.250000000000002665 ) ) ;
#5948 = ORIENTED_EDGE ( 'NONE', *, *, #5961, .F. ) ;
#5949 = DIRECTION ( 'NONE',  ( 1.000000000000000000, 1.734723475976802677E-14, 0.000000000000000000 ) ) ;
#5950 = AXIS2_PLACEMENT_3D ( 'NONE', #1299, #3771, #412 ) ;
#5951 = CARTESIAN_POINT ( 'NONE',  ( -6.800000000000439471, 26.75000000000001066, 10.27283860147173300 ) ) ;
#5952 = CARTESIAN_POINT ( 'NONE',  ( -12.16626709153309527, 0.000000000000000000, 7.919286977744453893 ) ) ;
#5953 = VERTEX_POINT ( 'NONE', #3075 ) ;
#5954 = VERTEX_POINT ( 'NONE', #654 ) ;
#5955 = EDGE_CURVE ( 'NONE', #520, #2323, #1669, .T. ) ;
#5956 = PLANE ( 'NONE',  #1103 ) ;
#5957 = CARTESIAN_POINT ( 'NONE',  ( -7.599999999999996980, 26.75000000000001066, -5.750000000000001776 ) ) ;
#5958 = ORIENTED_EDGE ( 'NONE', *, *, #3346, .T. ) ;
#5959 = CARTESIAN_POINT ( 'NONE',  ( -2.000003073249070340, -24.48182999695897522, -5.750000000000002665 ) ) ;
#5960 = DIRECTION ( 'NONE',  ( 0.5664449795842799729, 0.4726840889316884509, -0.6750628394265117960 ) ) ;
#5961 = EDGE_CURVE ( 'NONE', #4577, #955, #2038, .T. ) ;
#5962 = VECTOR ( 'NONE', #2460, 1000.000000000000114 ) ;
#5963 = ORIENTED_EDGE ( 'NONE', *, *, #514, .T. ) ;
#5964 = VERTEX_POINT ( 'NONE', #4045 ) ;
#5965 = DIRECTION ( 'NONE',  ( 0.08690028437560932961, -0.07650830755081035328, -0.9932747955380468730 ) ) ;
#5966 = EDGE_CURVE ( 'NONE', #5602, #614, #3949, .T. ) ;
#5967 = VECTOR ( 'NONE', #2056, 1000.000000000000000 ) ;
#5968 = CYLINDRICAL_SURFACE ( 'NONE', #6098, 0.5999999999999992006 ) ;
#5969 = EDGE_CURVE ( 'NONE', #2440, #5010, #2007, .T. ) ;
#5970 = AXIS2_PLACEMENT_3D ( 'NONE', #66, #2919, #539 ) ;
#5971 = FACE_OUTER_BOUND ( 'NONE', #579, .T. ) ;
#5972 = FACE_OUTER_BOUND ( 'NONE', #905, .T. ) ;
#5973 = EDGE_CURVE ( 'NONE', #4402, #1670, #2134, .T. ) ;
#5974 = VECTOR ( 'NONE', #422, 1000.000000000000000 ) ;
#5975 = ORIENTED_EDGE ( 'NONE', *, *, #2399, .T. ) ;
#5976 = CARTESIAN_POINT ( 'NONE',  ( 12.20000000000001528, -24.48182999695897166, -5.750000000000002665 ) ) ;
#5977 = FACE_OUTER_BOUND ( 'NONE', #3891, .T. ) ;
#5978 = VECTOR ( 'NONE', #3292, 1000.000000000000000 ) ;
#5979 = VECTOR ( 'NONE', #97, 1000.000000000000000 ) ;
#5980 = VECTOR ( 'NONE', #2219, 1000.000000000000000 ) ;
#5981 = EDGE_LOOP ( 'NONE', ( #3037, #1637, #224, #3031, #5948, #4828, #1972 ) ) ;
#5982 = DIRECTION ( 'NONE',  ( -0.000000000000000000, -1.000000000000000000, -0.000000000000000000 ) ) ;
#5983 = ORIENTED_EDGE ( 'NONE', *, *, #5592, .F. ) ;
#5984 = PLANE ( 'NONE',  #3956 ) ;
#5985 = DIRECTION ( 'NONE',  ( 3.758567531283107018E-15, -1.000000000000000000, 0.000000000000000000 ) ) ;
#5986 = CARTESIAN_POINT ( 'NONE',  ( -5.199999999999966427, 18.75000000000000000, -7.250000000000002665 ) ) ;
#5987 = EDGE_LOOP ( 'NONE', ( #4108, #5458, #3177, #3489, #816, #1713 ) ) ;
#5988 = VERTEX_POINT ( 'NONE', #563 ) ;
#5989 = DIRECTION ( 'NONE',  ( 0.000000000000000000, -1.000000000000000000, -0.000000000000000000 ) ) ;
#5990 = DIRECTION ( 'NONE',  ( -1.000000000000000000, 3.469446951953611033E-15, 0.000000000000000000 ) ) ;
#5991 = EDGE_LOOP ( 'NONE', ( #2351, #5516, #2656, #676 ) ) ;
#5992 = FACE_OUTER_BOUND ( 'NONE', #1462, .T. ) ;
#5993 = VECTOR ( 'NONE', #5910, 1000.000000000000000 ) ;
#5994 = ORIENTED_EDGE ( 'NONE', *, *, #2168, .F. ) ;
#5995 = ORIENTED_EDGE ( 'NONE', *, *, #1143, .F. ) ;
#5996 = CARTESIAN_POINT ( 'NONE',  ( -9.700006542348754479, 35.89999999999997016, -3.750000000000003553 ) ) ;
#5997 = LINE ( 'NONE', #5616, #776 ) ;
#5998 = CARTESIAN_POINT ( 'NONE',  ( 9.200000000000059686, 8.749999999999991118, 10.27283860147173300 ) ) ;
#5999 = CYLINDRICAL_SURFACE ( 'NONE', #4762, 0.5999999999999998668 ) ;
#6000 = EDGE_CURVE ( 'NONE', #1516, #367, #2106, .T. ) ;
#6001 = EDGE_LOOP ( 'NONE', ( #5241, #1507, #298, #5904 ) ) ;
#6002 = EDGE_CURVE ( 'NONE', #537, #1822, #1161, .T. ) ;
#6003 = FACE_OUTER_BOUND ( 'NONE', #3509, .T. ) ;
#6004 = SPHERICAL_SURFACE ( 'NONE', #6190, 0.5999999999999999778 ) ;
#6005 = EDGE_CURVE ( 'NONE', #279, #5918, #690, .T. ) ;
#6006 = ORIENTED_EDGE ( 'NONE', *, *, #1435, .F. ) ;
#6007 = DIRECTION ( 'NONE',  ( 0.000000000000000000, 1.000000000000000000, 0.000000000000000000 ) ) ;
#6008 = ORIENTED_EDGE ( 'NONE', *, *, #4195, .F. ) ;
#6009 = CARTESIAN_POINT ( 'NONE',  ( -13.12631403136837172, -2.347444199878052196, -0.3530138610830010348 ) ) ;
#6010 = DIRECTION ( 'NONE',  ( 0.000000000000000000, 1.000000000000000000, 0.000000000000000000 ) ) ;
#6011 = EDGE_CURVE ( 'NONE', #5946, #5863, #4862, .T. ) ;
#6012 = DIRECTION ( 'NONE',  ( 0.000000000000000000, 0.000000000000000000, -1.000000000000000000 ) ) ;
#6013 = ORIENTED_EDGE ( 'NONE', *, *, #4440, .F. ) ;
#6014 = ORIENTED_EDGE ( 'NONE', *, *, #4329, .T. ) ;
#6015 = DIRECTION ( 'NONE',  ( 1.000000000000000000, -0.000000000000000000, -0.000000000000000000 ) ) ;
#6016 = LINE ( 'NONE', #1157, #652 ) ;
#6017 = EDGE_CURVE ( 'NONE', #2005, #5654, #3163, .T. ) ;
#6018 = PRODUCT_DEFINITION_CONTEXT ( 'detailed design', #3403, 'design' ) ;
#6019 = ORIENTED_EDGE ( 'NONE', *, *, #1840, .F. ) ;
#6020 = DIRECTION ( 'NONE',  ( -1.000000000000000000, -2.682812834618713854E-18, 2.228546616889519982E-16 ) ) ;
#6021 = EDGE_LOOP ( 'NONE', ( #1069, #857, #2185, #3833 ) ) ;
#6022 = ORIENTED_EDGE ( 'NONE', *, *, #4381, .F. ) ;
#6023 =( NAMED_UNIT ( * ) PLANE_ANGLE_UNIT ( ) SI_UNIT ( $, .RADIAN. ) );
#6024 = CARTESIAN_POINT ( 'NONE',  ( 5.200000000000038369, 2.750000000000064393, 10.27283860147173300 ) ) ;
#6025 = LINE ( 'NONE', #3640, #953 ) ;
#6026 = CARTESIAN_POINT ( 'NONE',  ( -0.3999999999999814260, 2.749999999999999112, -7.250000000000002665 ) ) ;
#6027 = ORIENTED_EDGE ( 'NONE', *, *, #7, .T. ) ;
#6028 = ADVANCED_FACE ( 'NONE', ( #807 ), #4608, .T. ) ;
#6029 = FACE_BOUND ( 'NONE', #691, .T. ) ;
#6030 = CARTESIAN_POINT ( 'NONE',  ( -12.69999999999998153, 0.9014114098748527981, -7.250000000000002665 ) ) ;
#6031 = CARTESIAN_POINT ( 'NONE',  ( -12.76204149542704691, 37.39481965908769467, 7.695868967844492481 ) ) ;
#6032 = ORIENTED_EDGE ( 'NONE', *, *, #2330, .F. ) ;
#6033 = CARTESIAN_POINT ( 'NONE',  ( 5.200000000000082778, 16.74999999999999289, 10.27283860147173300 ) ) ;
#6034 = EDGE_CURVE ( 'NONE', #2818, #3300, #5682, .T. ) ;
#6035 = EDGE_CURVE ( 'NONE', #1900, #324, #2191, .T. ) ;
#6036 = VERTEX_POINT ( 'NONE', #5081 ) ;
#6037 = LINE ( 'NONE', #2730, #5166 ) ;
#6038 = DIRECTION ( 'NONE',  ( 0.5063211580031051762, -0.04009181502234136774, 0.8614125209947954831 ) ) ;
#6039 = EDGE_LOOP ( 'NONE', ( #2560, #3421, #2377, #3542 ) ) ;
#6040 = ORIENTED_EDGE ( 'NONE', *, *, #4928, .T. ) ;
#6041 = EDGE_CURVE ( 'NONE', #2817, #3026, #3635, .T. ) ;
#6042 = ORIENTED_EDGE ( 'NONE', *, *, #4969, .F. ) ;
#6043 = ORIENTED_EDGE ( 'NONE', *, *, #1139, .F. ) ;
#6044 =( BOUNDED_CURVE ( )  B_SPLINE_CURVE ( 3, ( #1528, #584, #3439, #4411 ),
 .UNSPECIFIED., .F., .F. ) 
 B_SPLINE_CURVE_WITH_KNOTS ( ( 4, 4 ),
 ( 6.107891693276756406, 6.138802430554520129 ),
 .UNSPECIFIED. ) 
 CURVE ( )  GEOMETRIC_REPRESENTATION_ITEM ( )  RATIONAL_B_SPLINE_CURVE ( ( 1.000000000000000000, 0.9999203787783472741, 0.9999203787783472741, 1.000000000000000000 ) ) 
 REPRESENTATION_ITEM ( '' )  );
#6045 = CARTESIAN_POINT ( 'NONE',  ( -9.700006542348830862, 12.49999999999998401, 19.71912865872952736 ) ) ;
#6046 = DIRECTION ( 'NONE',  ( 0.8657910060693958521, -0.02326467448996821091, 0.4998646704161227028 ) ) ;
#6047 = FACE_OUTER_BOUND ( 'NONE', #2307, .T. ) ;
#6048 = ORIENTED_EDGE ( 'NONE', *, *, #5841, .T. ) ;
#6049 = AXIS2_PLACEMENT_3D ( 'NONE', #6201, #3217, #4188 ) ;
#6050 = CARTESIAN_POINT ( 'NONE',  ( -11.69999999999998153, -7.716216689544156182, 1.949999999999995959 ) ) ;
#6051 = ORIENTED_EDGE ( 'NONE', *, *, #5722, .T. ) ;
#6052 = VERTEX_POINT ( 'NONE', #2250 ) ;
#6053 = DIRECTION ( 'NONE',  ( 1.445602896647337191E-16, -1.000000000000000000, 0.000000000000000000 ) ) ;
#6054 = FACE_OUTER_BOUND ( 'NONE', #1163, .T. ) ;
#6055 = CARTESIAN_POINT ( 'NONE',  ( -11.28372013920044914, 36.00848128004399484, -12.83999224750919410 ) ) ;
#6056 = PLANE ( 'NONE',  #4973 ) ;
#6057 = CARTESIAN_POINT ( 'NONE',  ( -2.799997609695372702, -24.48182999695897166, -5.750000000000002665 ) ) ;
#6058 = VERTEX_POINT ( 'NONE', #5545 ) ;
#6059 = FACE_BOUND ( 'NONE', #666, .T. ) ;
#6060 = EDGE_CURVE ( 'NONE', #3873, #3878, #4106, .T. ) ;
#6061 = CARTESIAN_POINT ( 'NONE',  ( 4.400000000000037659, 2.750000000000067057, -7.250000000000002665 ) ) ;
#6062 = AXIS2_PLACEMENT_3D ( 'NONE', #3568, #1116, #4437 ) ;
#6063 = CARTESIAN_POINT ( 'NONE',  ( 12.20000000000045937, 26.74999999999988631, -5.750000000000002665 ) ) ;
#6064 = VECTOR ( 'NONE', #4131, 1000.000000000000000 ) ;
#6065 = EDGE_LOOP ( 'NONE', ( #2192, #616, #6006, #3476 ) ) ;
#6066 = DIRECTION ( 'NONE',  ( 0.000000000000000000, 0.000000000000000000, -1.000000000000000000 ) ) ;
#6067 = CIRCLE ( 'NONE', #756, 0.5999999999999994227 ) ;
#6068 = VERTEX_POINT ( 'NONE', #778 ) ;
#6069 = AXIS2_PLACEMENT_3D ( 'NONE', #1885, #3347, #4826 ) ;
#6070 = VECTOR ( 'NONE', #4964, 1000.000000000000000 ) ;
#6071 = CARTESIAN_POINT ( 'NONE',  ( 13.69996159345886255, 37.77604674298501664, -0.3491543478990628002 ) ) ;
#6072 = CARTESIAN_POINT ( 'NONE',  ( 13.10581178995771623, 38.36986668977041148, -0.3490399208586781321 ) ) ;
#6073 = VECTOR ( 'NONE', #1046, 1000.000000000000000 ) ;
#6074 = VECTOR ( 'NONE', #3182, 1000.000000000000000 ) ;
#6075 = ORIENTED_EDGE ( 'NONE', *, *, #1242, .F. ) ;
#6076 = CARTESIAN_POINT ( 'NONE',  ( -12.11575430128351094, 31.00000000000000355, 7.859088178492557475 ) ) ;
#6077 = VERTEX_POINT ( 'NONE', #306 ) ;
#6078 = EDGE_CURVE ( 'NONE', #3340, #2040, #746, .T. ) ;
#6079 = EDGE_LOOP ( 'NONE', ( #2367, #3914, #446, #5530, #5741 ) ) ;
#6080 = CARTESIAN_POINT ( 'NONE',  ( 11.69999672882554798, 15.49999999999990230, -3.750000000000003553 ) ) ;
#6081 = ADVANCED_FACE ( 'NONE', ( #4133 ), #837, .T. ) ;
#6082 = CARTESIAN_POINT ( 'NONE',  ( -14.18062215071096688, 37.31613591072282787, 9.386467560163735513 ) ) ;
#6083 = DIRECTION ( 'NONE',  ( 0.000000000000000000, 1.000000000000000000, 0.000000000000000000 ) ) ;
#6084 = ORIENTED_EDGE ( 'NONE', *, *, #327, .T. ) ;
#6085 = DIRECTION ( 'NONE',  ( 0.000000000000000000, 0.000000000000000000, 1.000000000000000000 ) ) ;
#6086 = VERTEX_POINT ( 'NONE', #2654 ) ;
#6087 = CARTESIAN_POINT ( 'NONE',  ( -4.400000000000419575, 16.74999999999999645, -7.250000000000002665 ) ) ;
#6088 = LINE ( 'NONE', #904, #5562 ) ;
#6089 = EDGE_CURVE ( 'NONE', #4880, #2040, #4575, .T. ) ;
#6090 = CARTESIAN_POINT ( 'NONE',  ( -9.200000000000017053, 32.74999999999994316, -5.750000000000001776 ) ) ;
#6091 = AXIS2_PLACEMENT_3D ( 'NONE', #3017, #567, #4932 ) ;
#6092 = FACE_OUTER_BOUND ( 'NONE', #2127, .T. ) ;
#6093 = LINE ( 'NONE', #3203, #47 ) ;
#6094 = VECTOR ( 'NONE', #2555, 1000.000000000000000 ) ;
#6095 = ORIENTED_EDGE ( 'NONE', *, *, #4012, .F. ) ;
#6096 = ADVANCED_FACE ( 'NONE', ( #4079 ), #5581, .T. ) ;
#6097 = DIRECTION ( 'NONE',  ( 1.000000000000000000, 0.000000000000000000, 0.000000000000000000 ) ) ;
#6098 = AXIS2_PLACEMENT_3D ( 'NONE', #6055, #3110, #1750 ) ;
#6099 = CARTESIAN_POINT ( 'NONE',  ( 2.000000000000010658, -24.48182999695896811, -5.750000000000002665 ) ) ;
#6100 = EDGE_CURVE ( 'NONE', #3978, #6077, #3479, .T. ) ;
#6101 = AXIS2_PLACEMENT_3D ( 'NONE', #2384, #970, #4210 ) ;
#6102 = DIRECTION ( 'NONE',  ( 0.000000000000000000, 0.000000000000000000, -1.000000000000000000 ) ) ;
#6103 = LINE ( 'NONE', #1397, #4869 ) ;
#6104 = ORIENTED_EDGE ( 'NONE', *, *, #3218, .F. ) ;
#6105 = CARTESIAN_POINT ( 'NONE',  ( 2.000000000000062617, 10.74999999999998934, -7.250000000000002665 ) ) ;
#6106 = DIRECTION ( 'NONE',  ( 1.000000000000000000, -0.000000000000000000, -0.000000000000000000 ) ) ;
#6107 = ORIENTED_EDGE ( 'NONE', *, *, #3916, .F. ) ;
#6108 = PLANE ( 'NONE',  #735 ) ;
#6109 = ORIENTED_EDGE ( 'NONE', *, *, #2203, .F. ) ;
#6110 = ORIENTED_EDGE ( 'NONE', *, *, #3551, .T. ) ;
#6111 = ADVANCED_FACE ( 'NONE', ( #5992 ), #3697, .T. ) ;
#6112 = DIRECTION ( 'NONE',  ( 0.000000000000000000, 0.000000000000000000, -1.000000000000000000 ) ) ;
#6113 = CARTESIAN_POINT ( 'NONE',  ( 2.000000000000069278, 8.749999999999989342, -7.250000000000002665 ) ) ;
#6114 = LINE ( 'NONE', #2371, #2750 ) ;
#6115 = AXIS2_PLACEMENT_3D ( 'NONE', #2747, #2318, #6053 ) ;
#6116 = ORIENTED_EDGE ( 'NONE', *, *, #725, .F. ) ;
#6117 = DIRECTION ( 'NONE',  ( 1.000000000000000000, 0.000000000000000000, -2.252887631138710800E-16 ) ) ;
#6118 = ORIENTED_EDGE ( 'NONE', *, *, #3093, .T. ) ;
#6119 = EDGE_CURVE ( 'NONE', #3951, #4873, #5611, .T. ) ;
#6120 = DIRECTION ( 'NONE',  ( -1.000000000000000000, 0.000000000000000000, 0.000000000000000000 ) ) ;
#6121 = CARTESIAN_POINT ( 'NONE',  ( 13.63508828922733507, -2.039303764535698615, -0.3892401449765777732 ) ) ;
#6122 = VERTEX_POINT ( 'NONE', #2743 ) ;
#6123 = CARTESIAN_POINT ( 'NONE',  ( 12.20000000000045937, 26.74999999999992539, -5.750000000000002665 ) ) ;
#6124 = LINE ( 'NONE', #4675, #5565 ) ;
#6125 = ORIENTED_EDGE ( 'NONE', *, *, #2209, .T. ) ;
#6126 = FACE_OUTER_BOUND ( 'NONE', #3246, .T. ) ;
#6127 = VECTOR ( 'NONE', #3859, 1000.000000000000000 ) ;
#6128 = LINE ( 'NONE', #3144, #4994 ) ;
#6129 = AXIS2_PLACEMENT_3D ( 'NONE', #1543, #189, #4901 ) ;
#6130 = DIRECTION ( 'NONE',  ( -1.000000000000000000, 4.625929269271488478E-15, 0.000000000000000000 ) ) ;
#6131 = CARTESIAN_POINT ( 'NONE',  ( 2.000000000000036859, 26.75000000000001776, -5.750000000000001776 ) ) ;
#6132 = EDGE_CURVE ( 'NONE', #3280, #2154, #368, .T. ) ;
#6133 = ORIENTED_EDGE ( 'NONE', *, *, #5085, .T. ) ;
#6134 = LINE ( 'NONE', #768, #3843 ) ;
#6135 = DIRECTION ( 'NONE',  ( -1.000000000000000000, 0.000000000000000000, 0.000000000000000000 ) ) ;
#6136 = VERTEX_POINT ( 'NONE', #4199 ) ;
#6137 = DIRECTION ( 'NONE',  ( -1.000000000000000000, 0.000000000000000000, 0.000000000000000000 ) ) ;
#6138 = ORIENTED_EDGE ( 'NONE', *, *, #2763, .F. ) ;
#6139 = VERTEX_POINT ( 'NONE', #5490 ) ;
#6140 = CARTESIAN_POINT ( 'NONE',  ( 2.800001526826710663, 2.750000000000030198, -7.250000000000002665 ) ) ;
#6141 = DIRECTION ( 'NONE',  ( 1.000000000000000000, -2.775557561562888984E-15, 0.000000000000000000 ) ) ;
#6142 = ADVANCED_FACE ( 'NONE', ( #1197 ), #2627, .F. ) ;
#6143 = LINE ( 'NONE', #1741, #4362 ) ;
#6144 = VERTEX_POINT ( 'NONE', #1522 ) ;
#6145 = EDGE_CURVE ( 'NONE', #3942, #4670, #2892, .T. ) ;
#6146 = ORIENTED_EDGE ( 'NONE', *, *, #5198, .F. ) ;
#6147 = CARTESIAN_POINT ( 'NONE',  ( -6.800000000000350653, 2.749999999999948486, 10.27283860147173300 ) ) ;
#6148 = AXIS2_PLACEMENT_3D ( 'NONE', #4766, #2815, #3382 ) ;
#6149 = CARTESIAN_POINT ( 'NONE',  ( -9.700006542348754479, 35.89999999999997016, 19.71912865872952736 ) ) ;
#6150 = VECTOR ( 'NONE', #4560, 1000.000000000000000 ) ;
#6151 = ORIENTED_EDGE ( 'NONE', *, *, #2239, .F. ) ;
#6152 = EDGE_CURVE ( 'NONE', #3173, #185, #5643, .T. ) ;
#6153 = CARTESIAN_POINT ( 'NONE',  ( 8.699993457651235218, 33.39999999999991331, -3.750000000000003553 ) ) ;
#6154 = CARTESIAN_POINT ( 'NONE',  ( 8.846410161513773573, 36.39999999999999858, 3.749999999999992006 ) ) ;
#6155 = ORIENTED_EDGE ( 'NONE', *, *, #4580, .F. ) ;
#6156 = VERTEX_POINT ( 'NONE', #1992 ) ;
#6157 = EDGE_CURVE ( 'NONE', #4836, #4991, #4877, .T. ) ;
#6158 = CYLINDRICAL_SURFACE ( 'NONE', #3690, 0.6000000000000004219 ) ;
#6159 = ADVANCED_FACE ( 'NONE', ( #5821 ), #4809, .T. ) ;
#6160 = CARTESIAN_POINT ( 'NONE',  ( 6.800000000000060218, 10.74999999999998934, -7.250000000000002665 ) ) ;
#6161 = DIRECTION ( 'NONE',  ( 0.000000000000000000, 0.000000000000000000, -1.000000000000000000 ) ) ;
#6162 = CARTESIAN_POINT ( 'NONE',  ( -12.11575430128351094, 36.39999999999999858, 7.859088178492555699 ) ) ;
#6163 = VERTEX_POINT ( 'NONE', #1082 ) ;
#6164 = CARTESIAN_POINT ( 'NONE',  ( 8.846410161513773573, 36.39999999999999858, 3.749999999999996003 ) ) ;
#6165 = LINE ( 'NONE', #1868, #2985 ) ;
#6166 = AXIS2_PLACEMENT_3D ( 'NONE', #1492, #544, #1590 ) ;
#6167 = VECTOR ( 'NONE', #5853, 1000.000000000000000 ) ;
#6168 = ORIENTED_EDGE ( 'NONE', *, *, #2666, .F. ) ;
#6169 = DIRECTION ( 'NONE',  ( 0.000000000000000000, -1.000000000000000000, -0.000000000000000000 ) ) ;
#6170 = VECTOR ( 'NONE', #2403, 1000.000000000000000 ) ;
#6171 = VECTOR ( 'NONE', #2916, 1000.000000000000000 ) ;
#6172 = ORIENTED_EDGE ( 'NONE', *, *, #3342, .F. ) ;
#6173 = ORIENTED_EDGE ( 'NONE', *, *, #1205, .T. ) ;
#6174 = CARTESIAN_POINT ( 'NONE',  ( 13.17460801653613522, -4.252052550451709045, 6.752850750954497272 ) ) ;
#6175 = DIRECTION ( 'NONE',  ( -0.000000000000000000, -0.000000000000000000, -1.000000000000000000 ) ) ;
#6176 = CARTESIAN_POINT ( 'NONE',  ( 7.599999999999759837, -24.48182999695898943, -5.750000000000002665 ) ) ;
#6177 = VECTOR ( 'NONE', #4405, 1000.000000000000000 ) ;
#6178 = VECTOR ( 'NONE', #2979, 1000.000000000000000 ) ;
#6179 = EDGE_LOOP ( 'NONE', ( #1650, #6013, #2507, #4337 ) ) ;
#6180 = DIRECTION ( 'NONE',  ( -4.336808689942016947E-15, 1.000000000000000000, 0.000000000000000000 ) ) ;
#6181 = DIRECTION ( 'NONE',  ( 0.8621959493900100968, 0.000000000000000000, -0.5065749153436824859 ) ) ;
#6182 = EDGE_CURVE ( 'NONE', #2368, #6144, #1551, .T. ) ;
#6183 = ORIENTED_EDGE ( 'NONE', *, *, #4006, .F. ) ;
#6184 = LINE ( 'NONE', #1505, #2852 ) ;
#6185 = SPHERICAL_SURFACE ( 'NONE', #5675, 0.5999999999999999778 ) ;
#6186 = EDGE_LOOP ( 'NONE', ( #4996, #433, #4708, #2496 ) ) ;
#6187 = VERTEX_POINT ( 'NONE', #3399 ) ;
#6188 = CARTESIAN_POINT ( 'NONE',  ( 10.19338422907795305, -3.719598378890470070, 11.58643895017635117 ) ) ;
#6189 = DIRECTION ( 'NONE',  ( 0.000000000000000000, 1.000000000000000000, 0.000000000000000000 ) ) ;
#6190 = AXIS2_PLACEMENT_3D ( 'NONE', #4178, #1795, #3707 ) ;
#6191 = FACE_OUTER_BOUND ( 'NONE', #5825, .T. ) ;
#6192 = FACE_OUTER_BOUND ( 'NONE', #6186, .T. ) ;
#6193 = DIRECTION ( 'NONE',  ( 0.000000000000000000, 0.000000000000000000, -1.000000000000000000 ) ) ;
#6194 = EDGE_CURVE ( 'NONE', #788, #5954, #3433, .T. ) ;
#6195 = VECTOR ( 'NONE', #4718, 1000.000000000000000 ) ;
#6196 = EDGE_LOOP ( 'NONE', ( #5418, #1671, #3552, #3794, #3507, #6084 ) ) ;
#6197 = LINE ( 'NONE', #479, #551 ) ;
#6198 = VECTOR ( 'NONE', #2509, 1000.000000000000000 ) ;
#6199 = EDGE_CURVE ( 'NONE', #1275, #270, #4370, .T. ) ;
#6200 = ORIENTED_EDGE ( 'NONE', *, *, #5042, .F. ) ;
#6201 = CARTESIAN_POINT ( 'NONE',  ( -12.18067608103241106, 36.87842795731026513, -6.650000000000003020 ) ) ;
#6202 = EDGE_LOOP ( 'NONE', ( #5227, #3305, #2737, #4027 ) ) ;
#6203 = CARTESIAN_POINT ( 'NONE',  ( -13.61937854447896079, -3.962023274832877195, 6.790415571290528085 ) ) ;
#6204 = CARTESIAN_POINT ( 'NONE',  ( 13.18274772369880310, -4.259920212256106176, 6.491477884592974590 ) ) ;
#6205 = CYLINDRICAL_SURFACE ( 'NONE', #5461, 0.5999999999999992006 ) ;
#6206 = DIRECTION ( 'NONE',  ( -0.08715574274765836016, 0.000000000000000000, 0.9961946980917455452 ) ) ;
#6207 = EDGE_CURVE ( 'NONE', #3680, #1226, #3, .T. ) ;
#6208 = ORIENTED_EDGE ( 'NONE', *, *, #3879, .F. ) ;
#6209 = DIRECTION ( 'NONE',  ( -0.000000000000000000, -0.000000000000000000, -1.000000000000000000 ) ) ;
#6210 = ADVANCED_FACE ( 'NONE', ( #4341 ), #578, .T. ) ;
#6211 = CARTESIAN_POINT ( 'NONE',  ( 13.69996159345886255, 37.77604674298501664, -0.3491543478990628002 ) ) ;
#6212 = VECTOR ( 'NONE', #926, 1000.000000000000000 ) ;
#6213 = EDGE_LOOP ( 'NONE', ( #2236, #3850, #1987, #1645 ) ) ;
#6214 = CARTESIAN_POINT ( 'NONE',  ( 11.70000000000001172, 36.39999999999999858, -3.750000000000003109 ) ) ;
#6215 = LINE ( 'NONE', #5332, #3264 ) ;
#6216 = ORIENTED_EDGE ( 'NONE', *, *, #3729, .F. ) ;
#6217 = ORIENTED_EDGE ( 'NONE', *, *, #3625, .F. ) ;
#6218 = LINE ( 'NONE', #5743, #3996 ) ;
#6219 = DIRECTION ( 'NONE',  ( -3.469446951953609456E-15, 1.000000000000000000, 0.000000000000000000 ) ) ;
#6220 = PLANE ( 'NONE',  #4026 ) ;
#6221 = CARTESIAN_POINT ( 'NONE',  ( -13.69999999999998508, 37.76923836385144995, -0.3488893001069729438 ) ) ;
#6222 = EDGE_CURVE ( 'NONE', #1230, #998, #1952, .T. ) ;
#6223 = CARTESIAN_POINT ( 'NONE',  ( 11.69999345765110910, 7.499999999999902300, -5.750000000000002665 ) ) ;
#6224 = ORIENTED_EDGE ( 'NONE', *, *, #3324, .F. ) ;
#6225 = DIRECTION ( 'NONE',  ( -0.1266777641736367421, 0.9919439218342781528, 0.000000000000000000 ) ) ;
#6226 = AXIS2_PLACEMENT_3D ( 'NONE', #2014, #5274, #4276 ) ;
#6227 = CARTESIAN_POINT ( 'NONE',  ( -4.400000000000365397, 2.749999999999965805, 10.27283860147173300 ) ) ;
ENDSEC;
END-ISO-10303-21;
